2026-09-09 18:02:59.669 | [📘 INFO] 读取SQL文件 → path=sql\crm.sql
2026-09-09 18:02:59.673 | [✅ SUCCESS] 读取SQL文件成功 → size=5073 字符
2026-09-09 18:02:59.746 | [📘 INFO] 🚀 MySQL数据库连接工具启动 → 日志文件: E:\2fafacode\1Python\1renheutils-navigation\sql\mysql.log
2026-09-09 18:02:59.748 | [📘 INFO] 📁 日志目录 → SCRIPT_DIR=E:\2fafacode\1Python\1renheutils-navigation\sql
2026-09-09 18:02:59.752 | [📘 INFO] 测试连接 → host=47.116.211.247, port=3306, database=(default)
2026-09-09 18:03:00.038 | [✅ SUCCESS] 连接成功 → host=47.116.211.247, database=(default)
2026-09-09 18:03:00.060 | [📘 INFO] 获取数据库列表
2026-09-09 18:03:00.062 | [💾 SQL] 执行查询 → 获取数据库列表 
  SQL: SELECT SCHEMA_NAME 
            FROM INFORMATION_SCHEMA.SCHEMATA 
            WHERE SCHEMA_NAME NOT IN ('information_schema', 'mysql', 'performance_schema', 'sys')
            ORDER BY SCHEMA_NAME
2026-09-09 18:03:00.363 | [✅ SUCCESS] 获取到 6 个数据库 → databases=['camunda', 'form', 'hrm', 'hrm_20220725', 'hrm_temp', 'notice']
2026-09-09 18:03:00.392 | [📘 INFO] 获取表列表 → database=hrm
2026-09-09 18:03:00.394 | [💾 SQL] 执行查询 → database=hrm 
  SQL: SHOW TABLES FROM `hrm`
2026-09-09 18:03:00.716 | [✅ SUCCESS] 获取到 220 个表 → database=hrm, tables=['QRTZ_BLOB_TRIGGERS', 'QRTZ_CALENDARS', 'QRTZ_CRON_TRIGGERS', 'QRTZ_FIRED_TRIGGERS', 'QRTZ_JOB_DETAILS', 'QRTZ_LOCKS', 'QRTZ_PAUSED_TRIGGER_GRPS', 'QRTZ_SCHEDULER_STATE', 'QRTZ_SIMPLE_TRIGGERS', 'QRTZ_SIMPROP_TRIGGERS', 'QRTZ_TRIGGERS', 'ccuser_temp', 'ces_field_kongj', 'ces_order_customer', 'ces_order_goods', 'ces_order_main', 'ces_shop_goods', 'ces_shop_type', 'data_bind_permission', 'demo', 'demo_field_def_val_main', 'demo_field_def_val_sub', 'dic_city', 'find_file_temp', 'find_file_temp2', 'hrm_certificate', 'hrm_contract_subject', 'hrm_datalog', 'hrm_doc_transfer', 'hrm_email_link_token', 'hrm_email_offer_template', 'hrm_email_performance', 'hrm_email_user_offer_content', 'hrm_hrmanager', 'hrm_job_transfer', 'hrm_offer', 'hrm_payslip', 'hrm_payslip_import_field', 'hrm_performance_detail', 'hrm_performance_group', 'hrm_proof_of_approval', 'hrm_renewal_of_approval', 'hrm_resign_transfer', 'hrm_salary_combination', 'hrm_salary_detail_transfer', 'hrm_salary_group', 'hrm_salary_transfer', 'hrm_sys_position_grade', 'hrm_sys_position_level', 'hrm_sys_user_reset_log', 'hrm_third_party', 'hrm_training', 'hrm_user', 'hrm_user_20241016', 'hrm_user_20260630', 'hrm_user_bank', 'hrm_user_certificate', 'hrm_user_contract', 'hrm_user_doc', 'hrm_user_doc_bak', 'hrm_user_education', 'hrm_user_emergency_contact', 'hrm_user_emergency_contact_del', 'hrm_user_hire', 'hrm_user_log', 'hrm_user_payslip', 'hrm_user_performance', 'hrm_user_performance_detail', 'hrm_user_personal', 'hrm_user_post', 'hrm_user_punishment', 'hrm_user_reasons', 'hrm_user_reward', 'hrm_user_salary', 'hrm_user_salary_240807', 'hrm_user_salary_240814', 'hrm_user_salary_desc', 'hrm_user_social_relations', 'hrm_user_social_security_funds', 'hrm_user_training', 'hrm_user_training_signin', 'hrm_user_work_info', 'jeecg_monthly_growth_analysis', 'jeecg_order_customer', 'jeecg_order_main', 'jeecg_order_ticket', 'jeecg_project_nature_income', 'jimu_report', 'jimu_report_data_source', 'jimu_report_db', 'jimu_report_db_field', 'jimu_report_db_param', 'jimu_report_link', 'jimu_report_map', 'jimu_report_share', 'joa_demo', 'mock_interview_applicant_info', 'mock_interview_applicant_record', 'mock_interview_applicant_record_detail', 'mock_interview_config', 'mock_interview_paper', 'mock_interview_position', 'mock_interview_question', 'mock_interview_question_check_record', 'mock_interview_share', 'mock_interview_sub_question', 'onl_auth_data', 'onl_auth_page', 'onl_auth_relation', 'onl_cgform_button', 'onl_cgform_enhance_java', 'onl_cgform_enhance_js', 'onl_cgform_enhance_sql', 'onl_cgform_field', 'onl_cgform_head', 'onl_cgform_index', 'onl_cgreport_head', 'onl_cgreport_item', 'onl_cgreport_param', 'oss_file', 'rep_demo_dxtj', 'rep_demo_employee', 'rep_demo_gongsi', 'rep_demo_jianpiao', 'rpt_roster', 'rpt_userdata', 'rpt_userdata_20240228', 'rpt_userdata_20241016', 'rpt_userdata_20260630', 'salary_abnormal_performance_deduction', 'salary_calculate_progress', 'salary_calculate_step', 'salary_combination_info', 'salary_functional_detail', 'salary_functional_summary', 'salary_group_combination_info', 'salary_group_info', 'salary_income_tax_history', 'salary_lecturer_fee', 'salary_lecturer_summary', 'salary_salesperson_detail', 'salary_salesperson_summary', 'salary_year_end_bonus_history', 'sf_job', 'sys_announcement', 'sys_announcement_send', 'sys_category', 'sys_check_rule', 'sys_data_log', 'sys_data_source', 'sys_depart', 'sys_depart_20220721', 'sys_depart_20221118', 'sys_depart_20231010', 'sys_depart_bak', 'sys_depart_permission', 'sys_depart_role', 'sys_depart_role_permission', 'sys_depart_role_user', 'sys_depart_temp', 'sys_dict', 'sys_dict_item', 'sys_ethnic_group', 'sys_fill_rule', 'sys_gateway_route', 'sys_industry', 'sys_log', 'sys_permission', 'sys_permission_data_rule', 'sys_position', 'sys_quartz_job', 'sys_role', 'sys_role_permission', 'sys_sms', 'sys_sms_template', 'sys_tenant', 'sys_third_account', 'sys_user', 'sys_user_agent', 'sys_user_depart', 'sys_user_role', 'sys_user_role_bak', 't_employee_attendance_summary', 't_position_match', 't_wage_rates_config', 'temp1_position', 'temp_delete_dep', 'temp_lecturer_fee', 'temp_trans_data', 'temp_user_leader', 'temp_user_leader_back', 'test_demo', 'test_enhance_select', 'test_note', 'test_online_link', 'test_order_main', 'test_order_product', 'test_person', 'test_shoptype_tree', 'tmp_report_data_1', 'tmp_report_data_income', 'user_bank_info', 'user_certificate_info', 'user_contract_info', 'user_cust_position_info', 'user_education_info', 'user_emergency_contact_info', 'user_file_info', 'user_hire_info', 'user_personal_info', 'user_reward_info', 'user_salary_info', 'user_social_relations_info', 'user_social_security_funds_info', 'user_work_info', 'v1', 'workflow_role', 'workflow_type', 'workflow_user_role', 'xqqy_tmp']
2026-09-09 18:03:00.747 | [📘 INFO] 获取表结构 → database=hrm, table=QRTZ_BLOB_TRIGGERS
2026-09-09 18:03:00.747 | [💾 SQL] 执行查询 → table=QRTZ_BLOB_TRIGGERS 
  SQL: DESCRIBE `hrm`.`QRTZ_BLOB_TRIGGERS`
2026-09-09 18:03:01.151 | [✅ SUCCESS] 获取表结构成功 → table=QRTZ_BLOB_TRIGGERS, 字段数=4
2026-09-09 18:03:01.153 | [📊 DATA] 表结构数据 → table=QRTZ_BLOB_TRIGGERS 
  DATA: [{'Field': 'SCHED_NAME', 'Type': 'varchar(120)', 'Null': 'NO', 'Key': 'PRI', 'Default': None, 'Extra': ''}, {'Field': 'TRIGGER_NAME', 'Type': 'varchar(200)', 'Null': 'NO', 'Key': 'PRI', 'Default': None, 'Extra': ''}, {'Field': 'TRIGGER_GROUP', 'Type': 'varchar(200)', 'Null': 'NO', 'Key': 'PRI', 'Default': None, 'Extra': ''}, {'Field': 'BLOB_DATA', 'Type': 'blob', 'Null': 'YES', 'Key': '', 'Default': None, 'Extra': ''}]
2026-09-09 18:03:01.369 | [📘 INFO] 查询表数据 → database=hrm, table=QRTZ_BLOB_TRIGGERS, limit=1000
2026-09-09 18:03:01.623 | [💾 SQL] 执行查询 → table=QRTZ_BLOB_TRIGGERS 
  SQL: SELECT * FROM `hrm`.`QRTZ_BLOB_TRIGGERS`  LIMIT 1000
2026-09-09 18:03:01.646 | [✅ SUCCESS] 查询数据成功 → table=QRTZ_BLOB_TRIGGERS, 行数=0
2026-09-09 18:03:01.969 | [💾 SQL] 执行查询 → table=QRTZ_BLOB_TRIGGERS 
  SQL: SELECT COUNT(*) FROM `hrm`.`QRTZ_BLOB_TRIGGERS`
2026-09-09 18:03:01.995 | [✅ SUCCESS] 获取表总行数 → table=QRTZ_BLOB_TRIGGERS, count=0
2026-09-09 18:03:02.030 | [📘 INFO] 读取SQL文件 → path=sql\crm.sql
2026-09-09 18:03:02.031 | [✅ SUCCESS] 读取SQL文件成功 → size=5073 字符
2026-09-09 18:03:02.163 | [📘 INFO] 🚀 MySQL数据库连接工具启动 → 日志文件: E:\2fafacode\1Python\1renheutils-navigation\sql\mysql.log
2026-09-09 18:03:02.164 | [📘 INFO] 📁 日志目录 → SCRIPT_DIR=E:\2fafacode\1Python\1renheutils-navigation\sql
2026-09-09 18:03:36.019 | [📘 INFO] 读取SQL文件 → path=sql\crm.sql
2026-09-09 18:03:36.023 | [✅ SUCCESS] 读取SQL文件成功 → size=5073 字符
2026-09-09 18:03:36.054 | [📘 INFO] 🚀 MySQL数据库连接工具启动 → 日志文件: E:\2fafacode\1Python\1renheutils-navigation\sql\mysql.log
2026-09-09 18:03:36.054 | [📘 INFO] 📁 日志目录 → SCRIPT_DIR=E:\2fafacode\1Python\1renheutils-navigation\sql
2026-09-09 18:03:36.056 | [📘 INFO] 测试连接 → host=47.116.211.247, port=3306, database=(default)
2026-09-09 18:03:36.388 | [✅ SUCCESS] 连接成功 → host=47.116.211.247, database=(default)
2026-09-09 18:03:36.413 | [📘 INFO] 获取数据库列表
2026-09-09 18:03:36.414 | [💾 SQL] 执行查询 → 获取数据库列表 
  SQL: SELECT SCHEMA_NAME 
            FROM INFORMATION_SCHEMA.SCHEMATA 
            WHERE SCHEMA_NAME NOT IN ('information_schema', 'mysql', 'performance_schema', 'sys')
            ORDER BY SCHEMA_NAME
2026-09-09 18:03:36.785 | [✅ SUCCESS] 获取到 6 个数据库 → databases=['camunda', 'form', 'hrm', 'hrm_20220725', 'hrm_temp', 'notice']
2026-09-09 18:03:36.810 | [📘 INFO] 获取表列表 → database=hrm
2026-09-09 18:03:36.810 | [💾 SQL] 执行查询 → database=hrm 
  SQL: SHOW TABLES FROM `hrm`
2026-09-09 18:03:37.140 | [✅ SUCCESS] 获取到 220 个表 → database=hrm, tables=['QRTZ_BLOB_TRIGGERS', 'QRTZ_CALENDARS', 'QRTZ_CRON_TRIGGERS', 'QRTZ_FIRED_TRIGGERS', 'QRTZ_JOB_DETAILS', 'QRTZ_LOCKS', 'QRTZ_PAUSED_TRIGGER_GRPS', 'QRTZ_SCHEDULER_STATE', 'QRTZ_SIMPLE_TRIGGERS', 'QRTZ_SIMPROP_TRIGGERS', 'QRTZ_TRIGGERS', 'ccuser_temp', 'ces_field_kongj', 'ces_order_customer', 'ces_order_goods', 'ces_order_main', 'ces_shop_goods', 'ces_shop_type', 'data_bind_permission', 'demo', 'demo_field_def_val_main', 'demo_field_def_val_sub', 'dic_city', 'find_file_temp', 'find_file_temp2', 'hrm_certificate', 'hrm_contract_subject', 'hrm_datalog', 'hrm_doc_transfer', 'hrm_email_link_token', 'hrm_email_offer_template', 'hrm_email_performance', 'hrm_email_user_offer_content', 'hrm_hrmanager', 'hrm_job_transfer', 'hrm_offer', 'hrm_payslip', 'hrm_payslip_import_field', 'hrm_performance_detail', 'hrm_performance_group', 'hrm_proof_of_approval', 'hrm_renewal_of_approval', 'hrm_resign_transfer', 'hrm_salary_combination', 'hrm_salary_detail_transfer', 'hrm_salary_group', 'hrm_salary_transfer', 'hrm_sys_position_grade', 'hrm_sys_position_level', 'hrm_sys_user_reset_log', 'hrm_third_party', 'hrm_training', 'hrm_user', 'hrm_user_20241016', 'hrm_user_20260630', 'hrm_user_bank', 'hrm_user_certificate', 'hrm_user_contract', 'hrm_user_doc', 'hrm_user_doc_bak', 'hrm_user_education', 'hrm_user_emergency_contact', 'hrm_user_emergency_contact_del', 'hrm_user_hire', 'hrm_user_log', 'hrm_user_payslip', 'hrm_user_performance', 'hrm_user_performance_detail', 'hrm_user_personal', 'hrm_user_post', 'hrm_user_punishment', 'hrm_user_reasons', 'hrm_user_reward', 'hrm_user_salary', 'hrm_user_salary_240807', 'hrm_user_salary_240814', 'hrm_user_salary_desc', 'hrm_user_social_relations', 'hrm_user_social_security_funds', 'hrm_user_training', 'hrm_user_training_signin', 'hrm_user_work_info', 'jeecg_monthly_growth_analysis', 'jeecg_order_customer', 'jeecg_order_main', 'jeecg_order_ticket', 'jeecg_project_nature_income', 'jimu_report', 'jimu_report_data_source', 'jimu_report_db', 'jimu_report_db_field', 'jimu_report_db_param', 'jimu_report_link', 'jimu_report_map', 'jimu_report_share', 'joa_demo', 'mock_interview_applicant_info', 'mock_interview_applicant_record', 'mock_interview_applicant_record_detail', 'mock_interview_config', 'mock_interview_paper', 'mock_interview_position', 'mock_interview_question', 'mock_interview_question_check_record', 'mock_interview_share', 'mock_interview_sub_question', 'onl_auth_data', 'onl_auth_page', 'onl_auth_relation', 'onl_cgform_button', 'onl_cgform_enhance_java', 'onl_cgform_enhance_js', 'onl_cgform_enhance_sql', 'onl_cgform_field', 'onl_cgform_head', 'onl_cgform_index', 'onl_cgreport_head', 'onl_cgreport_item', 'onl_cgreport_param', 'oss_file', 'rep_demo_dxtj', 'rep_demo_employee', 'rep_demo_gongsi', 'rep_demo_jianpiao', 'rpt_roster', 'rpt_userdata', 'rpt_userdata_20240228', 'rpt_userdata_20241016', 'rpt_userdata_20260630', 'salary_abnormal_performance_deduction', 'salary_calculate_progress', 'salary_calculate_step', 'salary_combination_info', 'salary_functional_detail', 'salary_functional_summary', 'salary_group_combination_info', 'salary_group_info', 'salary_income_tax_history', 'salary_lecturer_fee', 'salary_lecturer_summary', 'salary_salesperson_detail', 'salary_salesperson_summary', 'salary_year_end_bonus_history', 'sf_job', 'sys_announcement', 'sys_announcement_send', 'sys_category', 'sys_check_rule', 'sys_data_log', 'sys_data_source', 'sys_depart', 'sys_depart_20220721', 'sys_depart_20221118', 'sys_depart_20231010', 'sys_depart_bak', 'sys_depart_permission', 'sys_depart_role', 'sys_depart_role_permission', 'sys_depart_role_user', 'sys_depart_temp', 'sys_dict', 'sys_dict_item', 'sys_ethnic_group', 'sys_fill_rule', 'sys_gateway_route', 'sys_industry', 'sys_log', 'sys_permission', 'sys_permission_data_rule', 'sys_position', 'sys_quartz_job', 'sys_role', 'sys_role_permission', 'sys_sms', 'sys_sms_template', 'sys_tenant', 'sys_third_account', 'sys_user', 'sys_user_agent', 'sys_user_depart', 'sys_user_role', 'sys_user_role_bak', 't_employee_attendance_summary', 't_position_match', 't_wage_rates_config', 'temp1_position', 'temp_delete_dep', 'temp_lecturer_fee', 'temp_trans_data', 'temp_user_leader', 'temp_user_leader_back', 'test_demo', 'test_enhance_select', 'test_note', 'test_online_link', 'test_order_main', 'test_order_product', 'test_person', 'test_shoptype_tree', 'tmp_report_data_1', 'tmp_report_data_income', 'user_bank_info', 'user_certificate_info', 'user_contract_info', 'user_cust_position_info', 'user_education_info', 'user_emergency_contact_info', 'user_file_info', 'user_hire_info', 'user_personal_info', 'user_reward_info', 'user_salary_info', 'user_social_relations_info', 'user_social_security_funds_info', 'user_work_info', 'v1', 'workflow_role', 'workflow_type', 'workflow_user_role', 'xqqy_tmp']
2026-09-09 18:03:37.165 | [📘 INFO] 获取表结构 → database=hrm, table=QRTZ_BLOB_TRIGGERS
2026-09-09 18:03:37.165 | [💾 SQL] 执行查询 → table=QRTZ_BLOB_TRIGGERS 
  SQL: DESCRIBE `hrm`.`QRTZ_BLOB_TRIGGERS`
2026-09-09 18:03:37.474 | [✅ SUCCESS] 获取表结构成功 → table=QRTZ_BLOB_TRIGGERS, 字段数=4
2026-09-09 18:03:37.475 | [📊 DATA] 表结构数据 → table=QRTZ_BLOB_TRIGGERS 
  DATA: [{'Field': 'SCHED_NAME', 'Type': 'varchar(120)', 'Null': 'NO', 'Key': 'PRI', 'Default': None, 'Extra': ''}, {'Field': 'TRIGGER_NAME', 'Type': 'varchar(200)', 'Null': 'NO', 'Key': 'PRI', 'Default': None, 'Extra': ''}, {'Field': 'TRIGGER_GROUP', 'Type': 'varchar(200)', 'Null': 'NO', 'Key': 'PRI', 'Default': None, 'Extra': ''}, {'Field': 'BLOB_DATA', 'Type': 'blob', 'Null': 'YES', 'Key': '', 'Default': None, 'Extra': ''}]
2026-09-09 18:03:37.666 | [📘 INFO] 查询表数据 → database=hrm, table=QRTZ_BLOB_TRIGGERS, limit=1000
2026-09-09 18:03:37.896 | [💾 SQL] 执行查询 → table=QRTZ_BLOB_TRIGGERS 
  SQL: SELECT * FROM `hrm`.`QRTZ_BLOB_TRIGGERS`  LIMIT 1000
2026-09-09 18:03:37.918 | [✅ SUCCESS] 查询数据成功 → table=QRTZ_BLOB_TRIGGERS, 行数=0
2026-09-09 18:03:38.256 | [💾 SQL] 执行查询 → table=QRTZ_BLOB_TRIGGERS 
  SQL: SELECT COUNT(*) FROM `hrm`.`QRTZ_BLOB_TRIGGERS`
2026-09-09 18:03:38.283 | [✅ SUCCESS] 获取表总行数 → table=QRTZ_BLOB_TRIGGERS, count=0
2026-09-09 18:03:38.315 | [📘 INFO] 读取SQL文件 → path=sql\crm.sql
2026-09-09 18:03:38.317 | [✅ SUCCESS] 读取SQL文件成功 → size=5073 字符
2026-09-09 18:03:38.340 | [📘 INFO] 🚀 MySQL数据库连接工具启动 → 日志文件: E:\2fafacode\1Python\1renheutils-navigation\sql\mysql.log
2026-09-09 18:03:38.340 | [📘 INFO] 📁 日志目录 → SCRIPT_DIR=E:\2fafacode\1Python\1renheutils-navigation\sql
2026-09-09 18:03:42.553 | [📘 INFO] 获取表结构 → database=hrm, table=hrm_user
2026-09-09 18:03:42.554 | [💾 SQL] 执行查询 → table=hrm_user 
  SQL: DESCRIBE `hrm`.`hrm_user`
2026-09-09 18:03:42.893 | [✅ SUCCESS] 获取表结构成功 → table=hrm_user, 字段数=42
2026-09-09 18:03:42.895 | [📊 DATA] 表结构数据 → table=hrm_user 
  DATA: [{'Field': 'id', 'Type': 'varchar(32)', 'Null': 'NO', 'Key': 'PRI', 'Default': nan, 'Extra': ''}, {'Field': 'username', 'Type': 'varchar(100)', 'Null': 'YES', 'Key': '', 'Default': nan, 'Extra': ''}, {'Field': 'realname', 'Type': 'varchar(100)', 'Null': 'YES', 'Key': '', 'Default': nan, 'Extra': ''}, {'Field': 'id_card_no', 'Type': 'varchar(255)', 'Null': 'YES', 'Key': '', 'Default': nan, 'Extra': ''}, {'Field': 'birthday', 'Type': 'datetime', 'Null': 'YES', 'Key': '', 'Default': nan, 'Extra': '...
2026-09-09 18:03:43.067 | [📘 INFO] 查询表数据 → database=hrm, table=hrm_user, limit=1000
2026-09-09 18:03:43.335 | [💾 SQL] 执行查询 → table=hrm_user 
  SQL: SELECT * FROM `hrm`.`hrm_user`  LIMIT 1000
2026-09-09 18:03:43.471 | [✅ SUCCESS] 查询数据成功 → table=hrm_user, 行数=1000
2026-09-09 18:03:43.479 | [📊 DATA] 查询结果样例 → table=hrm_user 
  DATA: [{'id': '100001', 'username': '13661007808', 'realname': '陈东董', 'id_card_no': '420104********1641', 'birthday': None, 'sex': 2, 'email': '646846025@qq.com', 'work_email': 'chenyaoping@whrhkj.com', 'wechat': nan, 'phone': '136****7808', 'org_code': '', 'work_no': '100001', 'post': 'POS1090', 'telephone': None, 'depart_ids': '600924', 'rel_tenant_ids': None, 'client_id': None, 'status': 1, 'probation_period': nan, 'probation_start_date': datetime.date(2002, 1, 22), 'probation_end_date': None, 'tur...
2026-09-09 18:03:43.770 | [💾 SQL] 执行查询 → table=hrm_user 
  SQL: SELECT COUNT(*) FROM `hrm`.`hrm_user`
2026-09-09 18:03:43.795 | [✅ SUCCESS] 获取表总行数 → table=hrm_user, count=11359
2026-09-09 18:03:43.845 | [📘 INFO] 读取SQL文件 → path=sql\crm.sql
2026-09-09 18:03:43.846 | [✅ SUCCESS] 读取SQL文件成功 → size=5073 字符
2026-09-09 18:03:43.868 | [📘 INFO] 🚀 MySQL数据库连接工具启动 → 日志文件: E:\2fafacode\1Python\1renheutils-navigation\sql\mysql.log
2026-09-09 18:03:43.869 | [📘 INFO] 📁 日志目录 → SCRIPT_DIR=E:\2fafacode\1Python\1renheutils-navigation\sql
2026-09-09 18:04:01.582 | [📊 DATA] 前端数据变更 → table=hrm_user, pk=id=100002 
  DATA: {"email": {"old": "11111@qq.com", "new": "2222@qq.com"}}
2026-09-09 18:04:01.583 | [📘 INFO] 执行表数据更新 → table=hrm_user
2026-09-09 18:04:01.584 | [📊 DATA] 更新参数 → table=hrm_user 
  DATA: {"table": "hrm_user", "database": "hrm", "primary_key": {"id": "100002"}, "update_fields": {"email": "2222@qq.com"}}
2026-09-09 18:04:01.585 | [💾 SQL] 执行UPDATE语句 → table=hrm_user 
  SQL: UPDATE `hrm`.`hrm_user` SET `email` = :email WHERE `id` = :pk_value
2026-09-09 18:04:01.832 | [📊 DATA] SQL执行参数 → table=hrm_user 
  DATA: {"email": "2222@qq.com", "pk_value": "100002"}
2026-09-09 18:04:01.875 | [✅ SUCCESS] 更新数据成功 → table=hrm_user, 影响行数=1, pk=id=100002
2026-09-09 18:04:01.875 | [📊 DATA] 更新结果 → table=hrm_user 
  DATA: {"affected_rows": 1, "primary_key": {"id": "100002"}}
2026-09-09 18:04:02.049 | [📘 INFO] 查询表数据 → database=hrm, table=hrm_user, limit=1000
2026-09-09 18:04:02.317 | [💾 SQL] 执行查询 → table=hrm_user 
  SQL: SELECT * FROM `hrm`.`hrm_user`  LIMIT 1000
2026-09-09 18:04:02.474 | [✅ SUCCESS] 查询数据成功 → table=hrm_user, 行数=1000
2026-09-09 18:04:02.478 | [📊 DATA] 查询结果样例 → table=hrm_user 
  DATA: [{'id': '100001', 'username': '13661007808', 'realname': '陈东董', 'id_card_no': '420104********1641', 'birthday': None, 'sex': 2, 'email': '646846025@qq.com', 'work_email': 'chenyaoping@whrhkj.com', 'wechat': nan, 'phone': '136****7808', 'org_code': '', 'work_no': '100001', 'post': 'POS1090', 'telephone': None, 'depart_ids': '600924', 'rel_tenant_ids': None, 'client_id': None, 'status': 1, 'probation_period': nan, 'probation_start_date': datetime.date(2002, 1, 22), 'probation_end_date': None, 'tur...
2026-09-09 18:04:02.769 | [💾 SQL] 执行查询 → table=hrm_user 
  SQL: SELECT COUNT(*) FROM `hrm`.`hrm_user`
2026-09-09 18:04:02.792 | [✅ SUCCESS] 获取表总行数 → table=hrm_user, count=11359
2026-09-09 18:04:02.843 | [📘 INFO] 读取SQL文件 → path=sql\crm.sql
2026-09-09 18:04:02.844 | [✅ SUCCESS] 读取SQL文件成功 → size=5073 字符
2026-09-09 18:04:02.874 | [📘 INFO] 🚀 MySQL数据库连接工具启动 → 日志文件: E:\2fafacode\1Python\1renheutils-navigation\sql\mysql.log
2026-09-09 18:04:02.875 | [📘 INFO] 📁 日志目录 → SCRIPT_DIR=E:\2fafacode\1Python\1renheutils-navigation\sql
2026-09-09 18:04:13.167 | [📊 DATA] 前端数据变更 → table=hrm_user, pk=id=100002 
  DATA: {"work_email": {"old": "22222@123.com", "new": "123@123.com"}}
2026-09-09 18:04:13.168 | [📘 INFO] 执行表数据更新 → table=hrm_user
2026-09-09 18:04:13.168 | [📊 DATA] 更新参数 → table=hrm_user 
  DATA: {"table": "hrm_user", "database": "hrm", "primary_key": {"id": "100002"}, "update_fields": {"work_email": "123@123.com"}}
2026-09-09 18:04:13.169 | [💾 SQL] 执行UPDATE语句 → table=hrm_user 
  SQL: UPDATE `hrm`.`hrm_user` SET `work_email` = :work_email WHERE `id` = :pk_value
2026-09-09 18:04:13.461 | [📊 DATA] SQL执行参数 → table=hrm_user 
  DATA: {"work_email": "123@123.com", "pk_value": "100002"}
2026-09-09 18:04:13.514 | [✅ SUCCESS] 更新数据成功 → table=hrm_user, 影响行数=1, pk=id=100002
2026-09-09 18:04:13.514 | [📊 DATA] 更新结果 → table=hrm_user 
  DATA: {"affected_rows": 1, "primary_key": {"id": "100002"}}
2026-09-09 18:04:13.695 | [📘 INFO] 查询表数据 → database=hrm, table=hrm_user, limit=1000
2026-09-09 18:04:13.978 | [💾 SQL] 执行查询 → table=hrm_user 
  SQL: SELECT * FROM `hrm`.`hrm_user`  LIMIT 1000
2026-09-09 18:04:14.140 | [✅ SUCCESS] 查询数据成功 → table=hrm_user, 行数=1000
2026-09-09 18:04:14.145 | [📊 DATA] 查询结果样例 → table=hrm_user 
  DATA: [{'id': '100001', 'username': '13661007808', 'realname': '陈东董', 'id_card_no': '420104********1641', 'birthday': None, 'sex': 2, 'email': '646846025@qq.com', 'work_email': 'chenyaoping@whrhkj.com', 'wechat': nan, 'phone': '136****7808', 'org_code': '', 'work_no': '100001', 'post': 'POS1090', 'telephone': None, 'depart_ids': '600924', 'rel_tenant_ids': None, 'client_id': None, 'status': 1, 'probation_period': nan, 'probation_start_date': datetime.date(2002, 1, 22), 'probation_end_date': None, 'tur...
2026-09-09 18:04:14.461 | [💾 SQL] 执行查询 → table=hrm_user 
  SQL: SELECT COUNT(*) FROM `hrm`.`hrm_user`
2026-09-09 18:04:14.486 | [✅ SUCCESS] 获取表总行数 → table=hrm_user, count=11359
2026-09-09 18:04:14.534 | [📘 INFO] 读取SQL文件 → path=sql\crm.sql
2026-09-09 18:04:14.536 | [✅ SUCCESS] 读取SQL文件成功 → size=5073 字符
2026-09-09 18:04:14.565 | [📘 INFO] 🚀 MySQL数据库连接工具启动 → 日志文件: E:\2fafacode\1Python\1renheutils-navigation\sql\mysql.log
2026-09-09 18:04:14.565 | [📘 INFO] 📁 日志目录 → SCRIPT_DIR=E:\2fafacode\1Python\1renheutils-navigation\sql
2026-09-09 18:08:42.366 | [📘 INFO] 读取SQL文件 → path=sql\crm.sql
2026-09-09 18:08:42.376 | [✅ SUCCESS] 读取SQL文件成功 → size=5073 字符
2026-09-09 18:08:42.456 | [📘 INFO] 🚀 MySQL数据库连接工具启动 → 日志文件: E:\2fafacode\1Python\1renheutils-navigation\sql\mysql.log
2026-09-09 18:08:42.460 | [📘 INFO] 📁 日志目录 → SCRIPT_DIR=E:\2fafacode\1Python\1renheutils-navigation\sql
2026-09-09 18:08:42.461 | [📘 INFO] 测试连接 → host=47.116.211.247, port=3306, database=(default)
2026-09-09 18:08:42.799 | [✅ SUCCESS] 连接成功 → host=47.116.211.247, database=(default)
2026-09-09 18:08:42.827 | [📘 INFO] 获取数据库列表
2026-09-09 18:08:42.828 | [💾 SQL] 执行查询 → 获取数据库列表 
  SQL: SELECT SCHEMA_NAME 
            FROM INFORMATION_SCHEMA.SCHEMATA 
            WHERE SCHEMA_NAME NOT IN ('information_schema', 'mysql', 'performance_schema', 'sys')
            ORDER BY SCHEMA_NAME
2026-09-09 18:08:43.142 | [✅ SUCCESS] 获取到 6 个数据库 → databases=['camunda', 'form', 'hrm', 'hrm_20220725', 'hrm_temp', 'notice']
2026-09-09 18:08:43.165 | [📘 INFO] 获取表列表 → database=hrm
2026-09-09 18:08:43.166 | [💾 SQL] 执行查询 → database=hrm 
  SQL: SHOW TABLES FROM `hrm`
2026-09-09 18:08:43.478 | [✅ SUCCESS] 获取到 220 个表 → database=hrm, tables=['QRTZ_BLOB_TRIGGERS', 'QRTZ_CALENDARS', 'QRTZ_CRON_TRIGGERS', 'QRTZ_FIRED_TRIGGERS', 'QRTZ_JOB_DETAILS', 'QRTZ_LOCKS', 'QRTZ_PAUSED_TRIGGER_GRPS', 'QRTZ_SCHEDULER_STATE', 'QRTZ_SIMPLE_TRIGGERS', 'QRTZ_SIMPROP_TRIGGERS', 'QRTZ_TRIGGERS', 'ccuser_temp', 'ces_field_kongj', 'ces_order_customer', 'ces_order_goods', 'ces_order_main', 'ces_shop_goods', 'ces_shop_type', 'data_bind_permission', 'demo', 'demo_field_def_val_main', 'demo_field_def_val_sub', 'dic_city', 'find_file_temp', 'find_file_temp2', 'hrm_certificate', 'hrm_contract_subject', 'hrm_datalog', 'hrm_doc_transfer', 'hrm_email_link_token', 'hrm_email_offer_template', 'hrm_email_performance', 'hrm_email_user_offer_content', 'hrm_hrmanager', 'hrm_job_transfer', 'hrm_offer', 'hrm_payslip', 'hrm_payslip_import_field', 'hrm_performance_detail', 'hrm_performance_group', 'hrm_proof_of_approval', 'hrm_renewal_of_approval', 'hrm_resign_transfer', 'hrm_salary_combination', 'hrm_salary_detail_transfer', 'hrm_salary_group', 'hrm_salary_transfer', 'hrm_sys_position_grade', 'hrm_sys_position_level', 'hrm_sys_user_reset_log', 'hrm_third_party', 'hrm_training', 'hrm_user', 'hrm_user_20241016', 'hrm_user_20260630', 'hrm_user_bank', 'hrm_user_certificate', 'hrm_user_contract', 'hrm_user_doc', 'hrm_user_doc_bak', 'hrm_user_education', 'hrm_user_emergency_contact', 'hrm_user_emergency_contact_del', 'hrm_user_hire', 'hrm_user_log', 'hrm_user_payslip', 'hrm_user_performance', 'hrm_user_performance_detail', 'hrm_user_personal', 'hrm_user_post', 'hrm_user_punishment', 'hrm_user_reasons', 'hrm_user_reward', 'hrm_user_salary', 'hrm_user_salary_240807', 'hrm_user_salary_240814', 'hrm_user_salary_desc', 'hrm_user_social_relations', 'hrm_user_social_security_funds', 'hrm_user_training', 'hrm_user_training_signin', 'hrm_user_work_info', 'jeecg_monthly_growth_analysis', 'jeecg_order_customer', 'jeecg_order_main', 'jeecg_order_ticket', 'jeecg_project_nature_income', 'jimu_report', 'jimu_report_data_source', 'jimu_report_db', 'jimu_report_db_field', 'jimu_report_db_param', 'jimu_report_link', 'jimu_report_map', 'jimu_report_share', 'joa_demo', 'mock_interview_applicant_info', 'mock_interview_applicant_record', 'mock_interview_applicant_record_detail', 'mock_interview_config', 'mock_interview_paper', 'mock_interview_position', 'mock_interview_question', 'mock_interview_question_check_record', 'mock_interview_share', 'mock_interview_sub_question', 'onl_auth_data', 'onl_auth_page', 'onl_auth_relation', 'onl_cgform_button', 'onl_cgform_enhance_java', 'onl_cgform_enhance_js', 'onl_cgform_enhance_sql', 'onl_cgform_field', 'onl_cgform_head', 'onl_cgform_index', 'onl_cgreport_head', 'onl_cgreport_item', 'onl_cgreport_param', 'oss_file', 'rep_demo_dxtj', 'rep_demo_employee', 'rep_demo_gongsi', 'rep_demo_jianpiao', 'rpt_roster', 'rpt_userdata', 'rpt_userdata_20240228', 'rpt_userdata_20241016', 'rpt_userdata_20260630', 'salary_abnormal_performance_deduction', 'salary_calculate_progress', 'salary_calculate_step', 'salary_combination_info', 'salary_functional_detail', 'salary_functional_summary', 'salary_group_combination_info', 'salary_group_info', 'salary_income_tax_history', 'salary_lecturer_fee', 'salary_lecturer_summary', 'salary_salesperson_detail', 'salary_salesperson_summary', 'salary_year_end_bonus_history', 'sf_job', 'sys_announcement', 'sys_announcement_send', 'sys_category', 'sys_check_rule', 'sys_data_log', 'sys_data_source', 'sys_depart', 'sys_depart_20220721', 'sys_depart_20221118', 'sys_depart_20231010', 'sys_depart_bak', 'sys_depart_permission', 'sys_depart_role', 'sys_depart_role_permission', 'sys_depart_role_user', 'sys_depart_temp', 'sys_dict', 'sys_dict_item', 'sys_ethnic_group', 'sys_fill_rule', 'sys_gateway_route', 'sys_industry', 'sys_log', 'sys_permission', 'sys_permission_data_rule', 'sys_position', 'sys_quartz_job', 'sys_role', 'sys_role_permission', 'sys_sms', 'sys_sms_template', 'sys_tenant', 'sys_third_account', 'sys_user', 'sys_user_agent', 'sys_user_depart', 'sys_user_role', 'sys_user_role_bak', 't_employee_attendance_summary', 't_position_match', 't_wage_rates_config', 'temp1_position', 'temp_delete_dep', 'temp_lecturer_fee', 'temp_trans_data', 'temp_user_leader', 'temp_user_leader_back', 'test_demo', 'test_enhance_select', 'test_note', 'test_online_link', 'test_order_main', 'test_order_product', 'test_person', 'test_shoptype_tree', 'tmp_report_data_1', 'tmp_report_data_income', 'user_bank_info', 'user_certificate_info', 'user_contract_info', 'user_cust_position_info', 'user_education_info', 'user_emergency_contact_info', 'user_file_info', 'user_hire_info', 'user_personal_info', 'user_reward_info', 'user_salary_info', 'user_social_relations_info', 'user_social_security_funds_info', 'user_work_info', 'v1', 'workflow_role', 'workflow_type', 'workflow_user_role', 'xqqy_tmp']
2026-09-09 18:08:43.503 | [📘 INFO] 获取表结构 → database=hrm, table=QRTZ_BLOB_TRIGGERS
2026-09-09 18:08:43.505 | [💾 SQL] 执行查询 → table=QRTZ_BLOB_TRIGGERS 
  SQL: DESCRIBE `hrm`.`QRTZ_BLOB_TRIGGERS`
2026-09-09 18:08:43.764 | [✅ SUCCESS] 获取表结构成功 → table=QRTZ_BLOB_TRIGGERS, 字段数=4
2026-09-09 18:08:43.766 | [📊 DATA] 表结构数据 → table=QRTZ_BLOB_TRIGGERS 
  DATA: [{'Field': 'SCHED_NAME', 'Type': 'varchar(120)', 'Null': 'NO', 'Key': 'PRI', 'Default': None, 'Extra': ''}, {'Field': 'TRIGGER_NAME', 'Type': 'varchar(200)', 'Null': 'NO', 'Key': 'PRI', 'Default': None, 'Extra': ''}, {'Field': 'TRIGGER_GROUP', 'Type': 'varchar(200)', 'Null': 'NO', 'Key': 'PRI', 'Default': None, 'Extra': ''}, {'Field': 'BLOB_DATA', 'Type': 'blob', 'Null': 'YES', 'Key': '', 'Default': None, 'Extra': ''}]
2026-09-09 18:08:43.906 | [📘 INFO] 查询表数据 → database=hrm, table=QRTZ_BLOB_TRIGGERS, limit=1000
2026-09-09 18:08:44.176 | [💾 SQL] 执行查询 → table=QRTZ_BLOB_TRIGGERS 
  SQL: SELECT * FROM `hrm`.`QRTZ_BLOB_TRIGGERS`  LIMIT 1000
2026-09-09 18:08:44.204 | [✅ SUCCESS] 查询数据成功 → table=QRTZ_BLOB_TRIGGERS, 行数=0
2026-09-09 18:08:44.506 | [💾 SQL] 执行查询 → table=QRTZ_BLOB_TRIGGERS 
  SQL: SELECT COUNT(*) FROM `hrm`.`QRTZ_BLOB_TRIGGERS`
2026-09-09 18:08:44.529 | [✅ SUCCESS] 获取表总行数 → table=QRTZ_BLOB_TRIGGERS, count=0
2026-09-09 18:08:44.558 | [📘 INFO] 读取SQL文件 → path=sql\crm.sql
2026-09-09 18:08:44.564 | [✅ SUCCESS] 读取SQL文件成功 → size=5073 字符
2026-09-09 18:08:44.596 | [📘 INFO] 🚀 MySQL数据库连接工具启动 → 日志文件: E:\2fafacode\1Python\1renheutils-navigation\sql\mysql.log
2026-09-09 18:08:44.597 | [📘 INFO] 📁 日志目录 → SCRIPT_DIR=E:\2fafacode\1Python\1renheutils-navigation\sql
2026-09-09 18:08:59.488 | [📘 INFO] 读取SQL文件 → path=sql\crm.sql
2026-09-09 18:08:59.490 | [✅ SUCCESS] 读取SQL文件成功 → size=5073 字符
2026-09-09 18:08:59.515 | [📘 INFO] 🚀 MySQL数据库连接工具启动 → 日志文件: E:\2fafacode\1Python\1renheutils-navigation\sql\mysql.log
2026-09-09 18:08:59.516 | [📘 INFO] 📁 日志目录 → SCRIPT_DIR=E:\2fafacode\1Python\1renheutils-navigation\sql
2026-09-09 18:08:59.517 | [📘 INFO] 测试连接 → host=47.116.211.247, port=3306, database=(default)
2026-09-09 18:08:59.852 | [✅ SUCCESS] 连接成功 → host=47.116.211.247, database=(default)
2026-09-09 18:08:59.879 | [📘 INFO] 获取数据库列表
2026-09-09 18:08:59.879 | [💾 SQL] 执行查询 → 获取数据库列表 
  SQL: SELECT SCHEMA_NAME 
            FROM INFORMATION_SCHEMA.SCHEMATA 
            WHERE SCHEMA_NAME NOT IN ('information_schema', 'mysql', 'performance_schema', 'sys')
            ORDER BY SCHEMA_NAME
2026-09-09 18:09:00.179 | [✅ SUCCESS] 获取到 6 个数据库 → databases=['camunda', 'form', 'hrm', 'hrm_20220725', 'hrm_temp', 'notice']
2026-09-09 18:09:00.206 | [📘 INFO] 获取表列表 → database=hrm
2026-09-09 18:09:00.206 | [💾 SQL] 执行查询 → database=hrm 
  SQL: SHOW TABLES FROM `hrm`
2026-09-09 18:09:00.518 | [✅ SUCCESS] 获取到 220 个表 → database=hrm, tables=['QRTZ_BLOB_TRIGGERS', 'QRTZ_CALENDARS', 'QRTZ_CRON_TRIGGERS', 'QRTZ_FIRED_TRIGGERS', 'QRTZ_JOB_DETAILS', 'QRTZ_LOCKS', 'QRTZ_PAUSED_TRIGGER_GRPS', 'QRTZ_SCHEDULER_STATE', 'QRTZ_SIMPLE_TRIGGERS', 'QRTZ_SIMPROP_TRIGGERS', 'QRTZ_TRIGGERS', 'ccuser_temp', 'ces_field_kongj', 'ces_order_customer', 'ces_order_goods', 'ces_order_main', 'ces_shop_goods', 'ces_shop_type', 'data_bind_permission', 'demo', 'demo_field_def_val_main', 'demo_field_def_val_sub', 'dic_city', 'find_file_temp', 'find_file_temp2', 'hrm_certificate', 'hrm_contract_subject', 'hrm_datalog', 'hrm_doc_transfer', 'hrm_email_link_token', 'hrm_email_offer_template', 'hrm_email_performance', 'hrm_email_user_offer_content', 'hrm_hrmanager', 'hrm_job_transfer', 'hrm_offer', 'hrm_payslip', 'hrm_payslip_import_field', 'hrm_performance_detail', 'hrm_performance_group', 'hrm_proof_of_approval', 'hrm_renewal_of_approval', 'hrm_resign_transfer', 'hrm_salary_combination', 'hrm_salary_detail_transfer', 'hrm_salary_group', 'hrm_salary_transfer', 'hrm_sys_position_grade', 'hrm_sys_position_level', 'hrm_sys_user_reset_log', 'hrm_third_party', 'hrm_training', 'hrm_user', 'hrm_user_20241016', 'hrm_user_20260630', 'hrm_user_bank', 'hrm_user_certificate', 'hrm_user_contract', 'hrm_user_doc', 'hrm_user_doc_bak', 'hrm_user_education', 'hrm_user_emergency_contact', 'hrm_user_emergency_contact_del', 'hrm_user_hire', 'hrm_user_log', 'hrm_user_payslip', 'hrm_user_performance', 'hrm_user_performance_detail', 'hrm_user_personal', 'hrm_user_post', 'hrm_user_punishment', 'hrm_user_reasons', 'hrm_user_reward', 'hrm_user_salary', 'hrm_user_salary_240807', 'hrm_user_salary_240814', 'hrm_user_salary_desc', 'hrm_user_social_relations', 'hrm_user_social_security_funds', 'hrm_user_training', 'hrm_user_training_signin', 'hrm_user_work_info', 'jeecg_monthly_growth_analysis', 'jeecg_order_customer', 'jeecg_order_main', 'jeecg_order_ticket', 'jeecg_project_nature_income', 'jimu_report', 'jimu_report_data_source', 'jimu_report_db', 'jimu_report_db_field', 'jimu_report_db_param', 'jimu_report_link', 'jimu_report_map', 'jimu_report_share', 'joa_demo', 'mock_interview_applicant_info', 'mock_interview_applicant_record', 'mock_interview_applicant_record_detail', 'mock_interview_config', 'mock_interview_paper', 'mock_interview_position', 'mock_interview_question', 'mock_interview_question_check_record', 'mock_interview_share', 'mock_interview_sub_question', 'onl_auth_data', 'onl_auth_page', 'onl_auth_relation', 'onl_cgform_button', 'onl_cgform_enhance_java', 'onl_cgform_enhance_js', 'onl_cgform_enhance_sql', 'onl_cgform_field', 'onl_cgform_head', 'onl_cgform_index', 'onl_cgreport_head', 'onl_cgreport_item', 'onl_cgreport_param', 'oss_file', 'rep_demo_dxtj', 'rep_demo_employee', 'rep_demo_gongsi', 'rep_demo_jianpiao', 'rpt_roster', 'rpt_userdata', 'rpt_userdata_20240228', 'rpt_userdata_20241016', 'rpt_userdata_20260630', 'salary_abnormal_performance_deduction', 'salary_calculate_progress', 'salary_calculate_step', 'salary_combination_info', 'salary_functional_detail', 'salary_functional_summary', 'salary_group_combination_info', 'salary_group_info', 'salary_income_tax_history', 'salary_lecturer_fee', 'salary_lecturer_summary', 'salary_salesperson_detail', 'salary_salesperson_summary', 'salary_year_end_bonus_history', 'sf_job', 'sys_announcement', 'sys_announcement_send', 'sys_category', 'sys_check_rule', 'sys_data_log', 'sys_data_source', 'sys_depart', 'sys_depart_20220721', 'sys_depart_20221118', 'sys_depart_20231010', 'sys_depart_bak', 'sys_depart_permission', 'sys_depart_role', 'sys_depart_role_permission', 'sys_depart_role_user', 'sys_depart_temp', 'sys_dict', 'sys_dict_item', 'sys_ethnic_group', 'sys_fill_rule', 'sys_gateway_route', 'sys_industry', 'sys_log', 'sys_permission', 'sys_permission_data_rule', 'sys_position', 'sys_quartz_job', 'sys_role', 'sys_role_permission', 'sys_sms', 'sys_sms_template', 'sys_tenant', 'sys_third_account', 'sys_user', 'sys_user_agent', 'sys_user_depart', 'sys_user_role', 'sys_user_role_bak', 't_employee_attendance_summary', 't_position_match', 't_wage_rates_config', 'temp1_position', 'temp_delete_dep', 'temp_lecturer_fee', 'temp_trans_data', 'temp_user_leader', 'temp_user_leader_back', 'test_demo', 'test_enhance_select', 'test_note', 'test_online_link', 'test_order_main', 'test_order_product', 'test_person', 'test_shoptype_tree', 'tmp_report_data_1', 'tmp_report_data_income', 'user_bank_info', 'user_certificate_info', 'user_contract_info', 'user_cust_position_info', 'user_education_info', 'user_emergency_contact_info', 'user_file_info', 'user_hire_info', 'user_personal_info', 'user_reward_info', 'user_salary_info', 'user_social_relations_info', 'user_social_security_funds_info', 'user_work_info', 'v1', 'workflow_role', 'workflow_type', 'workflow_user_role', 'xqqy_tmp']
2026-09-09 18:09:00.543 | [📘 INFO] 获取表结构 → database=hrm, table=QRTZ_BLOB_TRIGGERS
2026-09-09 18:09:00.544 | [💾 SQL] 执行查询 → table=QRTZ_BLOB_TRIGGERS 
  SQL: DESCRIBE `hrm`.`QRTZ_BLOB_TRIGGERS`
2026-09-09 18:09:00.825 | [✅ SUCCESS] 获取表结构成功 → table=QRTZ_BLOB_TRIGGERS, 字段数=4
2026-09-09 18:09:00.828 | [📊 DATA] 表结构数据 → table=QRTZ_BLOB_TRIGGERS 
  DATA: [{'Field': 'SCHED_NAME', 'Type': 'varchar(120)', 'Null': 'NO', 'Key': 'PRI', 'Default': None, 'Extra': ''}, {'Field': 'TRIGGER_NAME', 'Type': 'varchar(200)', 'Null': 'NO', 'Key': 'PRI', 'Default': None, 'Extra': ''}, {'Field': 'TRIGGER_GROUP', 'Type': 'varchar(200)', 'Null': 'NO', 'Key': 'PRI', 'Default': None, 'Extra': ''}, {'Field': 'BLOB_DATA', 'Type': 'blob', 'Null': 'YES', 'Key': '', 'Default': None, 'Extra': ''}]
2026-09-09 18:09:00.973 | [📘 INFO] 查询表数据 → database=hrm, table=QRTZ_BLOB_TRIGGERS, limit=1000
2026-09-09 18:09:01.261 | [💾 SQL] 执行查询 → table=QRTZ_BLOB_TRIGGERS 
  SQL: SELECT * FROM `hrm`.`QRTZ_BLOB_TRIGGERS`  LIMIT 1000
2026-09-09 18:09:01.288 | [✅ SUCCESS] 查询数据成功 → table=QRTZ_BLOB_TRIGGERS, 行数=0
2026-09-09 18:09:01.561 | [💾 SQL] 执行查询 → table=QRTZ_BLOB_TRIGGERS 
  SQL: SELECT COUNT(*) FROM `hrm`.`QRTZ_BLOB_TRIGGERS`
2026-09-09 18:09:01.583 | [✅ SUCCESS] 获取表总行数 → table=QRTZ_BLOB_TRIGGERS, count=0
2026-09-09 18:09:01.613 | [📘 INFO] 读取SQL文件 → path=sql\crm.sql
2026-09-09 18:09:01.613 | [✅ SUCCESS] 读取SQL文件成功 → size=5073 字符
2026-09-09 18:09:01.643 | [📘 INFO] 🚀 MySQL数据库连接工具启动 → 日志文件: E:\2fafacode\1Python\1renheutils-navigation\sql\mysql.log
2026-09-09 18:09:01.643 | [📘 INFO] 📁 日志目录 → SCRIPT_DIR=E:\2fafacode\1Python\1renheutils-navigation\sql
2026-09-10 08:40:12.784 | [📘 INFO] 读取SQL文件 → path=sql\crm.sql
2026-09-10 08:40:12.791 | [✅ SUCCESS] 读取SQL文件成功 → size=5073 字符
2026-09-10 08:40:12.810 | [📘 INFO] 🚀 MySQL数据库连接工具启动 → 日志文件: E:\2fafacode\1Python\1renheutils-navigation\sql\mysql.log
2026-09-10 08:40:12.811 | [📘 INFO] 📁 日志目录 → SCRIPT_DIR=E:\2fafacode\1Python\1renheutils-navigation\sql
2026-09-10 08:40:12.812 | [📘 INFO] 测试连接 → host=47.116.211.247, port=3306, database=(default)
2026-09-10 08:40:13.199 | [✅ SUCCESS] 连接成功 → host=47.116.211.247, database=(default)
2026-09-10 08:40:13.227 | [📘 INFO] 获取数据库列表
2026-09-10 08:40:13.228 | [💾 SQL] 执行查询 → 获取数据库列表 
  SQL: SELECT SCHEMA_NAME 
            FROM INFORMATION_SCHEMA.SCHEMATA 
            WHERE SCHEMA_NAME NOT IN ('information_schema', 'mysql', 'performance_schema', 'sys')
            ORDER BY SCHEMA_NAME
2026-09-10 08:40:13.603 | [✅ SUCCESS] 获取到 6 个数据库 → databases=['camunda', 'form', 'hrm', 'hrm_20220725', 'hrm_temp', 'notice']
2026-09-10 08:40:13.631 | [📘 INFO] 获取表列表 → database=hrm
2026-09-10 08:40:13.631 | [💾 SQL] 执行查询 → database=hrm 
  SQL: SHOW TABLES FROM `hrm`
2026-09-10 08:40:13.928 | [✅ SUCCESS] 获取到 220 个表 → database=hrm, tables=['QRTZ_BLOB_TRIGGERS', 'QRTZ_CALENDARS', 'QRTZ_CRON_TRIGGERS', 'QRTZ_FIRED_TRIGGERS', 'QRTZ_JOB_DETAILS', 'QRTZ_LOCKS', 'QRTZ_PAUSED_TRIGGER_GRPS', 'QRTZ_SCHEDULER_STATE', 'QRTZ_SIMPLE_TRIGGERS', 'QRTZ_SIMPROP_TRIGGERS', 'QRTZ_TRIGGERS', 'ccuser_temp', 'ces_field_kongj', 'ces_order_customer', 'ces_order_goods', 'ces_order_main', 'ces_shop_goods', 'ces_shop_type', 'data_bind_permission', 'demo', 'demo_field_def_val_main', 'demo_field_def_val_sub', 'dic_city', 'find_file_temp', 'find_file_temp2', 'hrm_certificate', 'hrm_contract_subject', 'hrm_datalog', 'hrm_doc_transfer', 'hrm_email_link_token', 'hrm_email_offer_template', 'hrm_email_performance', 'hrm_email_user_offer_content', 'hrm_hrmanager', 'hrm_job_transfer', 'hrm_offer', 'hrm_payslip', 'hrm_payslip_import_field', 'hrm_performance_detail', 'hrm_performance_group', 'hrm_proof_of_approval', 'hrm_renewal_of_approval', 'hrm_resign_transfer', 'hrm_salary_combination', 'hrm_salary_detail_transfer', 'hrm_salary_group', 'hrm_salary_transfer', 'hrm_sys_position_grade', 'hrm_sys_position_level', 'hrm_sys_user_reset_log', 'hrm_third_party', 'hrm_training', 'hrm_user', 'hrm_user_20241016', 'hrm_user_20260630', 'hrm_user_bank', 'hrm_user_certificate', 'hrm_user_contract', 'hrm_user_doc', 'hrm_user_doc_bak', 'hrm_user_education', 'hrm_user_emergency_contact', 'hrm_user_emergency_contact_del', 'hrm_user_hire', 'hrm_user_log', 'hrm_user_payslip', 'hrm_user_performance', 'hrm_user_performance_detail', 'hrm_user_personal', 'hrm_user_post', 'hrm_user_punishment', 'hrm_user_reasons', 'hrm_user_reward', 'hrm_user_salary', 'hrm_user_salary_240807', 'hrm_user_salary_240814', 'hrm_user_salary_desc', 'hrm_user_social_relations', 'hrm_user_social_security_funds', 'hrm_user_training', 'hrm_user_training_signin', 'hrm_user_work_info', 'jeecg_monthly_growth_analysis', 'jeecg_order_customer', 'jeecg_order_main', 'jeecg_order_ticket', 'jeecg_project_nature_income', 'jimu_report', 'jimu_report_data_source', 'jimu_report_db', 'jimu_report_db_field', 'jimu_report_db_param', 'jimu_report_link', 'jimu_report_map', 'jimu_report_share', 'joa_demo', 'mock_interview_applicant_info', 'mock_interview_applicant_record', 'mock_interview_applicant_record_detail', 'mock_interview_config', 'mock_interview_paper', 'mock_interview_position', 'mock_interview_question', 'mock_interview_question_check_record', 'mock_interview_share', 'mock_interview_sub_question', 'onl_auth_data', 'onl_auth_page', 'onl_auth_relation', 'onl_cgform_button', 'onl_cgform_enhance_java', 'onl_cgform_enhance_js', 'onl_cgform_enhance_sql', 'onl_cgform_field', 'onl_cgform_head', 'onl_cgform_index', 'onl_cgreport_head', 'onl_cgreport_item', 'onl_cgreport_param', 'oss_file', 'rep_demo_dxtj', 'rep_demo_employee', 'rep_demo_gongsi', 'rep_demo_jianpiao', 'rpt_roster', 'rpt_userdata', 'rpt_userdata_20240228', 'rpt_userdata_20241016', 'rpt_userdata_20260630', 'salary_abnormal_performance_deduction', 'salary_calculate_progress', 'salary_calculate_step', 'salary_combination_info', 'salary_functional_detail', 'salary_functional_summary', 'salary_group_combination_info', 'salary_group_info', 'salary_income_tax_history', 'salary_lecturer_fee', 'salary_lecturer_summary', 'salary_salesperson_detail', 'salary_salesperson_summary', 'salary_year_end_bonus_history', 'sf_job', 'sys_announcement', 'sys_announcement_send', 'sys_category', 'sys_check_rule', 'sys_data_log', 'sys_data_source', 'sys_depart', 'sys_depart_20220721', 'sys_depart_20221118', 'sys_depart_20231010', 'sys_depart_bak', 'sys_depart_permission', 'sys_depart_role', 'sys_depart_role_permission', 'sys_depart_role_user', 'sys_depart_temp', 'sys_dict', 'sys_dict_item', 'sys_ethnic_group', 'sys_fill_rule', 'sys_gateway_route', 'sys_industry', 'sys_log', 'sys_permission', 'sys_permission_data_rule', 'sys_position', 'sys_quartz_job', 'sys_role', 'sys_role_permission', 'sys_sms', 'sys_sms_template', 'sys_tenant', 'sys_third_account', 'sys_user', 'sys_user_agent', 'sys_user_depart', 'sys_user_role', 'sys_user_role_bak', 't_employee_attendance_summary', 't_position_match', 't_wage_rates_config', 'temp1_position', 'temp_delete_dep', 'temp_lecturer_fee', 'temp_trans_data', 'temp_user_leader', 'temp_user_leader_back', 'test_demo', 'test_enhance_select', 'test_note', 'test_online_link', 'test_order_main', 'test_order_product', 'test_person', 'test_shoptype_tree', 'tmp_report_data_1', 'tmp_report_data_income', 'user_bank_info', 'user_certificate_info', 'user_contract_info', 'user_cust_position_info', 'user_education_info', 'user_emergency_contact_info', 'user_file_info', 'user_hire_info', 'user_personal_info', 'user_reward_info', 'user_salary_info', 'user_social_relations_info', 'user_social_security_funds_info', 'user_work_info', 'v1', 'workflow_role', 'workflow_type', 'workflow_user_role', 'xqqy_tmp']
2026-09-10 08:40:13.956 | [📘 INFO] 获取表结构 → database=hrm, table=QRTZ_BLOB_TRIGGERS
2026-09-10 08:40:13.956 | [💾 SQL] 执行查询 → table=QRTZ_BLOB_TRIGGERS 
  SQL: DESCRIBE `hrm`.`QRTZ_BLOB_TRIGGERS`
2026-09-10 08:40:14.284 | [✅ SUCCESS] 获取表结构成功 → table=QRTZ_BLOB_TRIGGERS, 字段数=4
2026-09-10 08:40:14.286 | [📊 DATA] 表结构数据 → table=QRTZ_BLOB_TRIGGERS 
  DATA: [{'Field': 'SCHED_NAME', 'Type': 'varchar(120)', 'Null': 'NO', 'Key': 'PRI', 'Default': None, 'Extra': ''}, {'Field': 'TRIGGER_NAME', 'Type': 'varchar(200)', 'Null': 'NO', 'Key': 'PRI', 'Default': None, 'Extra': ''}, {'Field': 'TRIGGER_GROUP', 'Type': 'varchar(200)', 'Null': 'NO', 'Key': 'PRI', 'Default': None, 'Extra': ''}, {'Field': 'BLOB_DATA', 'Type': 'blob', 'Null': 'YES', 'Key': '', 'Default': None, 'Extra': ''}]
2026-09-10 08:40:14.399 | [📘 INFO] 查询表数据 → database=hrm, table=QRTZ_BLOB_TRIGGERS, limit=1000
2026-09-10 08:40:14.675 | [💾 SQL] 执行查询 → table=QRTZ_BLOB_TRIGGERS 
  SQL: SELECT * FROM `hrm`.`QRTZ_BLOB_TRIGGERS`  LIMIT 1000
2026-09-10 08:40:14.700 | [✅ SUCCESS] 查询数据成功 → table=QRTZ_BLOB_TRIGGERS, 行数=0
2026-09-10 08:40:15.029 | [💾 SQL] 执行查询 → table=QRTZ_BLOB_TRIGGERS 
  SQL: SELECT COUNT(*) FROM `hrm`.`QRTZ_BLOB_TRIGGERS`
2026-09-10 08:40:15.053 | [✅ SUCCESS] 获取表总行数 → table=QRTZ_BLOB_TRIGGERS, count=0
2026-09-10 08:40:15.084 | [📘 INFO] 读取SQL文件 → path=sql\crm.sql
2026-09-10 08:40:15.085 | [✅ SUCCESS] 读取SQL文件成功 → size=5073 字符
2026-09-10 08:40:15.107 | [📘 INFO] 🚀 MySQL数据库连接工具启动 → 日志文件: E:\2fafacode\1Python\1renheutils-navigation\sql\mysql.log
2026-09-10 08:40:15.108 | [📘 INFO] 📁 日志目录 → SCRIPT_DIR=E:\2fafacode\1Python\1renheutils-navigation\sql
2026-09-10 08:44:47.034 | [📘 INFO] 获取表结构 → database=hrm, table=hrm_user
2026-09-10 08:44:47.035 | [💾 SQL] 执行查询 → table=hrm_user 
  SQL: DESCRIBE `hrm`.`hrm_user`
2026-09-10 08:44:47.306 | [✅ SUCCESS] 获取表结构成功 → table=hrm_user, 字段数=42
2026-09-10 08:44:47.309 | [📊 DATA] 表结构数据 → table=hrm_user 
  DATA: [{'Field': 'id', 'Type': 'varchar(32)', 'Null': 'NO', 'Key': 'PRI', 'Default': nan, 'Extra': ''}, {'Field': 'username', 'Type': 'varchar(100)', 'Null': 'YES', 'Key': '', 'Default': nan, 'Extra': ''}, {'Field': 'realname', 'Type': 'varchar(100)', 'Null': 'YES', 'Key': '', 'Default': nan, 'Extra': ''}, {'Field': 'id_card_no', 'Type': 'varchar(255)', 'Null': 'YES', 'Key': '', 'Default': nan, 'Extra': ''}, {'Field': 'birthday', 'Type': 'datetime', 'Null': 'YES', 'Key': '', 'Default': nan, 'Extra': '...
2026-09-10 08:44:47.444 | [📘 INFO] 查询表数据 → database=hrm, table=hrm_user, limit=1000
2026-09-10 08:44:47.697 | [💾 SQL] 执行查询 → table=hrm_user 
  SQL: SELECT * FROM `hrm`.`hrm_user`  LIMIT 1000
2026-09-10 08:44:47.831 | [✅ SUCCESS] 查询数据成功 → table=hrm_user, 行数=1000
2026-09-10 08:44:47.836 | [📊 DATA] 查询结果样例 → table=hrm_user 
  DATA: [{'id': '100001', 'username': '13661007808', 'realname': '陈东董', 'id_card_no': '420104********1641', 'birthday': None, 'sex': 2, 'email': '646846025@qq.com', 'work_email': 'chenyaoping@whrhkj.com', 'wechat': nan, 'phone': '136****7808', 'org_code': '', 'work_no': '100001', 'post': 'POS1090', 'telephone': None, 'depart_ids': '600924', 'rel_tenant_ids': None, 'client_id': None, 'status': 1, 'probation_period': nan, 'probation_start_date': datetime.date(2002, 1, 22), 'probation_end_date': None, 'tur...
2026-09-10 08:44:48.112 | [💾 SQL] 执行查询 → table=hrm_user 
  SQL: SELECT COUNT(*) FROM `hrm`.`hrm_user`
2026-09-10 08:44:48.135 | [✅ SUCCESS] 获取表总行数 → table=hrm_user, count=11359
2026-09-10 08:44:48.189 | [📘 INFO] 读取SQL文件 → path=sql\crm.sql
2026-09-10 08:44:48.190 | [✅ SUCCESS] 读取SQL文件成功 → size=5073 字符
2026-09-10 08:44:48.216 | [📘 INFO] 🚀 MySQL数据库连接工具启动 → 日志文件: E:\2fafacode\1Python\1renheutils-navigation\sql\mysql.log
2026-09-10 08:44:48.217 | [📘 INFO] 📁 日志目录 → SCRIPT_DIR=E:\2fafacode\1Python\1renheutils-navigation\sql
2026-09-10 08:45:02.562 | [📘 INFO] 读取SQL文件 → path=sql\crm.sql
2026-09-10 08:45:02.563 | [✅ SUCCESS] 读取SQL文件成功 → size=5073 字符
2026-09-10 08:45:02.587 | [📘 INFO] 🚀 MySQL数据库连接工具启动 → 日志文件: E:\2fafacode\1Python\1renheutils-navigation\sql\mysql.log
2026-09-10 08:45:02.588 | [📘 INFO] 📁 日志目录 → SCRIPT_DIR=E:\2fafacode\1Python\1renheutils-navigation\sql
2026-09-10 08:45:02.808 | [📘 INFO] 查询表数据 → database=hrm, table=hrm_user, limit=1000
2026-09-10 08:45:03.206 | [📘 INFO] 应用筛选条件 → conditions=["`realname` = '龚献娥'"]
2026-09-10 08:45:03.207 | [📊 DATA] 筛选参数 → filters={'realname': '龚献娥'} 
  DATA: {"realname": "龚献娥"}
2026-09-10 08:45:03.207 | [💾 SQL] 执行查询 → table=hrm_user 
  SQL: SELECT * FROM `hrm`.`hrm_user` WHERE `realname` = '龚献娥' LIMIT 1000
2026-09-10 08:45:03.261 | [✅ SUCCESS] 查询数据成功 → table=hrm_user, 行数=1
2026-09-10 08:45:03.264 | [📊 DATA] 查询结果样例 → table=hrm_user 
  DATA: [{'id': '100003', 'username': '15926329830', 'realname': '龚献娥', 'id_card_no': '421302********1720', 'birthday': None, 'sex': 2, 'email': '646846025@qq.com', 'work_email': 'chenyaoping@whrhkj.com', 'wechat': None, 'phone': '159****9830', 'org_code': '600029', 'work_no': '100003', 'post': 'POS1001', 'telephone': None, 'depart_ids': '600911', 'rel_tenant_ids': None, 'client_id': None, 'status': 1, 'probation_period': '3', 'probation_start_date': datetime.date(2007, 3, 5), 'probation_end_date': date...
2026-09-10 08:45:03.666 | [💾 SQL] 执行查询 → table=hrm_user 
  SQL: SELECT COUNT(*) FROM `hrm`.`hrm_user` WHERE `realname` = '龚献娥'
2026-09-10 08:45:03.698 | [✅ SUCCESS] 获取表总行数 → table=hrm_user, count=1
2026-09-10 08:45:03.736 | [📘 INFO] 读取SQL文件 → path=sql\crm.sql
2026-09-10 08:45:03.737 | [✅ SUCCESS] 读取SQL文件成功 → size=5073 字符
2026-09-10 08:45:03.761 | [📘 INFO] 🚀 MySQL数据库连接工具启动 → 日志文件: E:\2fafacode\1Python\1renheutils-navigation\sql\mysql.log
2026-09-10 08:45:03.762 | [📘 INFO] 📁 日志目录 → SCRIPT_DIR=E:\2fafacode\1Python\1renheutils-navigation\sql
2026-09-10 08:48:05.587 | [📘 INFO] 读取SQL文件 → path=sql\crm.sql
2026-09-10 08:48:05.588 | [✅ SUCCESS] 读取SQL文件成功 → size=5073 字符
2026-09-10 08:48:05.613 | [📘 INFO] 🚀 MySQL数据库连接工具启动 → 日志文件: E:\2fafacode\1Python\1renheutils-navigation\sql\mysql.log
2026-09-10 08:48:05.614 | [📘 INFO] 📁 日志目录 → SCRIPT_DIR=E:\2fafacode\1Python\1renheutils-navigation\sql
2026-09-10 08:48:05.615 | [📘 INFO] 测试连接 → host=47.116.211.247, port=3306, database=(default)
2026-09-10 08:48:05.889 | [✅ SUCCESS] 连接成功 → host=47.116.211.247, database=(default)
2026-09-10 08:48:05.910 | [📘 INFO] 获取数据库列表
2026-09-10 08:48:05.911 | [💾 SQL] 执行查询 → 获取数据库列表 
  SQL: SELECT SCHEMA_NAME 
            FROM INFORMATION_SCHEMA.SCHEMATA 
            WHERE SCHEMA_NAME NOT IN ('information_schema', 'mysql', 'performance_schema', 'sys')
            ORDER BY SCHEMA_NAME
2026-09-10 08:48:06.229 | [✅ SUCCESS] 获取到 6 个数据库 → databases=['camunda', 'form', 'hrm', 'hrm_20220725', 'hrm_temp', 'notice']
2026-09-10 08:48:06.254 | [📘 INFO] 获取表列表 → database=hrm
2026-09-10 08:48:06.254 | [💾 SQL] 执行查询 → database=hrm 
  SQL: SHOW TABLES FROM `hrm`
2026-09-10 08:48:06.540 | [✅ SUCCESS] 获取到 220 个表 → database=hrm, tables=['QRTZ_BLOB_TRIGGERS', 'QRTZ_CALENDARS', 'QRTZ_CRON_TRIGGERS', 'QRTZ_FIRED_TRIGGERS', 'QRTZ_JOB_DETAILS', 'QRTZ_LOCKS', 'QRTZ_PAUSED_TRIGGER_GRPS', 'QRTZ_SCHEDULER_STATE', 'QRTZ_SIMPLE_TRIGGERS', 'QRTZ_SIMPROP_TRIGGERS', 'QRTZ_TRIGGERS', 'ccuser_temp', 'ces_field_kongj', 'ces_order_customer', 'ces_order_goods', 'ces_order_main', 'ces_shop_goods', 'ces_shop_type', 'data_bind_permission', 'demo', 'demo_field_def_val_main', 'demo_field_def_val_sub', 'dic_city', 'find_file_temp', 'find_file_temp2', 'hrm_certificate', 'hrm_contract_subject', 'hrm_datalog', 'hrm_doc_transfer', 'hrm_email_link_token', 'hrm_email_offer_template', 'hrm_email_performance', 'hrm_email_user_offer_content', 'hrm_hrmanager', 'hrm_job_transfer', 'hrm_offer', 'hrm_payslip', 'hrm_payslip_import_field', 'hrm_performance_detail', 'hrm_performance_group', 'hrm_proof_of_approval', 'hrm_renewal_of_approval', 'hrm_resign_transfer', 'hrm_salary_combination', 'hrm_salary_detail_transfer', 'hrm_salary_group', 'hrm_salary_transfer', 'hrm_sys_position_grade', 'hrm_sys_position_level', 'hrm_sys_user_reset_log', 'hrm_third_party', 'hrm_training', 'hrm_user', 'hrm_user_20241016', 'hrm_user_20260630', 'hrm_user_bank', 'hrm_user_certificate', 'hrm_user_contract', 'hrm_user_doc', 'hrm_user_doc_bak', 'hrm_user_education', 'hrm_user_emergency_contact', 'hrm_user_emergency_contact_del', 'hrm_user_hire', 'hrm_user_log', 'hrm_user_payslip', 'hrm_user_performance', 'hrm_user_performance_detail', 'hrm_user_personal', 'hrm_user_post', 'hrm_user_punishment', 'hrm_user_reasons', 'hrm_user_reward', 'hrm_user_salary', 'hrm_user_salary_240807', 'hrm_user_salary_240814', 'hrm_user_salary_desc', 'hrm_user_social_relations', 'hrm_user_social_security_funds', 'hrm_user_training', 'hrm_user_training_signin', 'hrm_user_work_info', 'jeecg_monthly_growth_analysis', 'jeecg_order_customer', 'jeecg_order_main', 'jeecg_order_ticket', 'jeecg_project_nature_income', 'jimu_report', 'jimu_report_data_source', 'jimu_report_db', 'jimu_report_db_field', 'jimu_report_db_param', 'jimu_report_link', 'jimu_report_map', 'jimu_report_share', 'joa_demo', 'mock_interview_applicant_info', 'mock_interview_applicant_record', 'mock_interview_applicant_record_detail', 'mock_interview_config', 'mock_interview_paper', 'mock_interview_position', 'mock_interview_question', 'mock_interview_question_check_record', 'mock_interview_share', 'mock_interview_sub_question', 'onl_auth_data', 'onl_auth_page', 'onl_auth_relation', 'onl_cgform_button', 'onl_cgform_enhance_java', 'onl_cgform_enhance_js', 'onl_cgform_enhance_sql', 'onl_cgform_field', 'onl_cgform_head', 'onl_cgform_index', 'onl_cgreport_head', 'onl_cgreport_item', 'onl_cgreport_param', 'oss_file', 'rep_demo_dxtj', 'rep_demo_employee', 'rep_demo_gongsi', 'rep_demo_jianpiao', 'rpt_roster', 'rpt_userdata', 'rpt_userdata_20240228', 'rpt_userdata_20241016', 'rpt_userdata_20260630', 'salary_abnormal_performance_deduction', 'salary_calculate_progress', 'salary_calculate_step', 'salary_combination_info', 'salary_functional_detail', 'salary_functional_summary', 'salary_group_combination_info', 'salary_group_info', 'salary_income_tax_history', 'salary_lecturer_fee', 'salary_lecturer_summary', 'salary_salesperson_detail', 'salary_salesperson_summary', 'salary_year_end_bonus_history', 'sf_job', 'sys_announcement', 'sys_announcement_send', 'sys_category', 'sys_check_rule', 'sys_data_log', 'sys_data_source', 'sys_depart', 'sys_depart_20220721', 'sys_depart_20221118', 'sys_depart_20231010', 'sys_depart_bak', 'sys_depart_permission', 'sys_depart_role', 'sys_depart_role_permission', 'sys_depart_role_user', 'sys_depart_temp', 'sys_dict', 'sys_dict_item', 'sys_ethnic_group', 'sys_fill_rule', 'sys_gateway_route', 'sys_industry', 'sys_log', 'sys_permission', 'sys_permission_data_rule', 'sys_position', 'sys_quartz_job', 'sys_role', 'sys_role_permission', 'sys_sms', 'sys_sms_template', 'sys_tenant', 'sys_third_account', 'sys_user', 'sys_user_agent', 'sys_user_depart', 'sys_user_role', 'sys_user_role_bak', 't_employee_attendance_summary', 't_position_match', 't_wage_rates_config', 'temp1_position', 'temp_delete_dep', 'temp_lecturer_fee', 'temp_trans_data', 'temp_user_leader', 'temp_user_leader_back', 'test_demo', 'test_enhance_select', 'test_note', 'test_online_link', 'test_order_main', 'test_order_product', 'test_person', 'test_shoptype_tree', 'tmp_report_data_1', 'tmp_report_data_income', 'user_bank_info', 'user_certificate_info', 'user_contract_info', 'user_cust_position_info', 'user_education_info', 'user_emergency_contact_info', 'user_file_info', 'user_hire_info', 'user_personal_info', 'user_reward_info', 'user_salary_info', 'user_social_relations_info', 'user_social_security_funds_info', 'user_work_info', 'v1', 'workflow_role', 'workflow_type', 'workflow_user_role', 'xqqy_tmp']
2026-09-10 08:48:06.562 | [📘 INFO] 获取表结构 → database=hrm, table=QRTZ_BLOB_TRIGGERS
2026-09-10 08:48:06.563 | [💾 SQL] 执行查询 → table=QRTZ_BLOB_TRIGGERS 
  SQL: DESCRIBE `hrm`.`QRTZ_BLOB_TRIGGERS`
2026-09-10 08:48:06.866 | [✅ SUCCESS] 获取表结构成功 → table=QRTZ_BLOB_TRIGGERS, 字段数=4
2026-09-10 08:48:06.868 | [📊 DATA] 表结构数据 → table=QRTZ_BLOB_TRIGGERS 
  DATA: [{'Field': 'SCHED_NAME', 'Type': 'varchar(120)', 'Null': 'NO', 'Key': 'PRI', 'Default': None, 'Extra': ''}, {'Field': 'TRIGGER_NAME', 'Type': 'varchar(200)', 'Null': 'NO', 'Key': 'PRI', 'Default': None, 'Extra': ''}, {'Field': 'TRIGGER_GROUP', 'Type': 'varchar(200)', 'Null': 'NO', 'Key': 'PRI', 'Default': None, 'Extra': ''}, {'Field': 'BLOB_DATA', 'Type': 'blob', 'Null': 'YES', 'Key': '', 'Default': None, 'Extra': ''}]
2026-09-10 08:48:06.986 | [📘 INFO] 查询表数据 → database=hrm, table=QRTZ_BLOB_TRIGGERS, limit=1000
2026-09-10 08:48:07.251 | [💾 SQL] 执行查询 → table=QRTZ_BLOB_TRIGGERS 
  SQL: SELECT * FROM `hrm`.`QRTZ_BLOB_TRIGGERS`  LIMIT 1000
2026-09-10 08:48:07.276 | [✅ SUCCESS] 查询数据成功 → table=QRTZ_BLOB_TRIGGERS, 行数=0
2026-09-10 08:48:07.603 | [💾 SQL] 执行查询 → table=QRTZ_BLOB_TRIGGERS 
  SQL: SELECT COUNT(*) FROM `hrm`.`QRTZ_BLOB_TRIGGERS`
2026-09-10 08:48:07.628 | [✅ SUCCESS] 获取表总行数 → table=QRTZ_BLOB_TRIGGERS, count=0
2026-09-10 08:48:07.659 | [📘 INFO] 读取SQL文件 → path=sql\crm.sql
2026-09-10 08:48:07.660 | [✅ SUCCESS] 读取SQL文件成功 → size=5073 字符
2026-09-10 08:48:07.681 | [📘 INFO] 🚀 MySQL数据库连接工具启动 → 日志文件: E:\2fafacode\1Python\1renheutils-navigation\sql\mysql.log
2026-09-10 08:48:07.682 | [📘 INFO] 📁 日志目录 → SCRIPT_DIR=E:\2fafacode\1Python\1renheutils-navigation\sql
2026-09-10 08:48:10.713 | [📘 INFO] 读取SQL文件 → path=sql\crm.sql
2026-09-10 08:48:10.714 | [✅ SUCCESS] 读取SQL文件成功 → size=5073 字符
2026-09-10 08:48:10.741 | [📘 INFO] 🚀 MySQL数据库连接工具启动 → 日志文件: E:\2fafacode\1Python\1renheutils-navigation\sql\mysql.log
2026-09-10 08:48:10.742 | [📘 INFO] 📁 日志目录 → SCRIPT_DIR=E:\2fafacode\1Python\1renheutils-navigation\sql
2026-09-10 08:48:10.743 | [📘 INFO] 测试连接 → host=47.116.211.247, port=3306, database=(default)
2026-09-10 08:48:11.004 | [✅ SUCCESS] 连接成功 → host=47.116.211.247, database=(default)
2026-09-10 08:48:11.027 | [📘 INFO] 获取数据库列表
2026-09-10 08:48:11.027 | [💾 SQL] 执行查询 → 获取数据库列表 
  SQL: SELECT SCHEMA_NAME 
            FROM INFORMATION_SCHEMA.SCHEMATA 
            WHERE SCHEMA_NAME NOT IN ('information_schema', 'mysql', 'performance_schema', 'sys')
            ORDER BY SCHEMA_NAME
2026-09-10 08:48:11.328 | [✅ SUCCESS] 获取到 6 个数据库 → databases=['camunda', 'form', 'hrm', 'hrm_20220725', 'hrm_temp', 'notice']
2026-09-10 08:48:11.351 | [📘 INFO] 获取表列表 → database=hrm
2026-09-10 08:48:11.351 | [💾 SQL] 执行查询 → database=hrm 
  SQL: SHOW TABLES FROM `hrm`
2026-09-10 08:48:11.664 | [✅ SUCCESS] 获取到 220 个表 → database=hrm, tables=['QRTZ_BLOB_TRIGGERS', 'QRTZ_CALENDARS', 'QRTZ_CRON_TRIGGERS', 'QRTZ_FIRED_TRIGGERS', 'QRTZ_JOB_DETAILS', 'QRTZ_LOCKS', 'QRTZ_PAUSED_TRIGGER_GRPS', 'QRTZ_SCHEDULER_STATE', 'QRTZ_SIMPLE_TRIGGERS', 'QRTZ_SIMPROP_TRIGGERS', 'QRTZ_TRIGGERS', 'ccuser_temp', 'ces_field_kongj', 'ces_order_customer', 'ces_order_goods', 'ces_order_main', 'ces_shop_goods', 'ces_shop_type', 'data_bind_permission', 'demo', 'demo_field_def_val_main', 'demo_field_def_val_sub', 'dic_city', 'find_file_temp', 'find_file_temp2', 'hrm_certificate', 'hrm_contract_subject', 'hrm_datalog', 'hrm_doc_transfer', 'hrm_email_link_token', 'hrm_email_offer_template', 'hrm_email_performance', 'hrm_email_user_offer_content', 'hrm_hrmanager', 'hrm_job_transfer', 'hrm_offer', 'hrm_payslip', 'hrm_payslip_import_field', 'hrm_performance_detail', 'hrm_performance_group', 'hrm_proof_of_approval', 'hrm_renewal_of_approval', 'hrm_resign_transfer', 'hrm_salary_combination', 'hrm_salary_detail_transfer', 'hrm_salary_group', 'hrm_salary_transfer', 'hrm_sys_position_grade', 'hrm_sys_position_level', 'hrm_sys_user_reset_log', 'hrm_third_party', 'hrm_training', 'hrm_user', 'hrm_user_20241016', 'hrm_user_20260630', 'hrm_user_bank', 'hrm_user_certificate', 'hrm_user_contract', 'hrm_user_doc', 'hrm_user_doc_bak', 'hrm_user_education', 'hrm_user_emergency_contact', 'hrm_user_emergency_contact_del', 'hrm_user_hire', 'hrm_user_log', 'hrm_user_payslip', 'hrm_user_performance', 'hrm_user_performance_detail', 'hrm_user_personal', 'hrm_user_post', 'hrm_user_punishment', 'hrm_user_reasons', 'hrm_user_reward', 'hrm_user_salary', 'hrm_user_salary_240807', 'hrm_user_salary_240814', 'hrm_user_salary_desc', 'hrm_user_social_relations', 'hrm_user_social_security_funds', 'hrm_user_training', 'hrm_user_training_signin', 'hrm_user_work_info', 'jeecg_monthly_growth_analysis', 'jeecg_order_customer', 'jeecg_order_main', 'jeecg_order_ticket', 'jeecg_project_nature_income', 'jimu_report', 'jimu_report_data_source', 'jimu_report_db', 'jimu_report_db_field', 'jimu_report_db_param', 'jimu_report_link', 'jimu_report_map', 'jimu_report_share', 'joa_demo', 'mock_interview_applicant_info', 'mock_interview_applicant_record', 'mock_interview_applicant_record_detail', 'mock_interview_config', 'mock_interview_paper', 'mock_interview_position', 'mock_interview_question', 'mock_interview_question_check_record', 'mock_interview_share', 'mock_interview_sub_question', 'onl_auth_data', 'onl_auth_page', 'onl_auth_relation', 'onl_cgform_button', 'onl_cgform_enhance_java', 'onl_cgform_enhance_js', 'onl_cgform_enhance_sql', 'onl_cgform_field', 'onl_cgform_head', 'onl_cgform_index', 'onl_cgreport_head', 'onl_cgreport_item', 'onl_cgreport_param', 'oss_file', 'rep_demo_dxtj', 'rep_demo_employee', 'rep_demo_gongsi', 'rep_demo_jianpiao', 'rpt_roster', 'rpt_userdata', 'rpt_userdata_20240228', 'rpt_userdata_20241016', 'rpt_userdata_20260630', 'salary_abnormal_performance_deduction', 'salary_calculate_progress', 'salary_calculate_step', 'salary_combination_info', 'salary_functional_detail', 'salary_functional_summary', 'salary_group_combination_info', 'salary_group_info', 'salary_income_tax_history', 'salary_lecturer_fee', 'salary_lecturer_summary', 'salary_salesperson_detail', 'salary_salesperson_summary', 'salary_year_end_bonus_history', 'sf_job', 'sys_announcement', 'sys_announcement_send', 'sys_category', 'sys_check_rule', 'sys_data_log', 'sys_data_source', 'sys_depart', 'sys_depart_20220721', 'sys_depart_20221118', 'sys_depart_20231010', 'sys_depart_bak', 'sys_depart_permission', 'sys_depart_role', 'sys_depart_role_permission', 'sys_depart_role_user', 'sys_depart_temp', 'sys_dict', 'sys_dict_item', 'sys_ethnic_group', 'sys_fill_rule', 'sys_gateway_route', 'sys_industry', 'sys_log', 'sys_permission', 'sys_permission_data_rule', 'sys_position', 'sys_quartz_job', 'sys_role', 'sys_role_permission', 'sys_sms', 'sys_sms_template', 'sys_tenant', 'sys_third_account', 'sys_user', 'sys_user_agent', 'sys_user_depart', 'sys_user_role', 'sys_user_role_bak', 't_employee_attendance_summary', 't_position_match', 't_wage_rates_config', 'temp1_position', 'temp_delete_dep', 'temp_lecturer_fee', 'temp_trans_data', 'temp_user_leader', 'temp_user_leader_back', 'test_demo', 'test_enhance_select', 'test_note', 'test_online_link', 'test_order_main', 'test_order_product', 'test_person', 'test_shoptype_tree', 'tmp_report_data_1', 'tmp_report_data_income', 'user_bank_info', 'user_certificate_info', 'user_contract_info', 'user_cust_position_info', 'user_education_info', 'user_emergency_contact_info', 'user_file_info', 'user_hire_info', 'user_personal_info', 'user_reward_info', 'user_salary_info', 'user_social_relations_info', 'user_social_security_funds_info', 'user_work_info', 'v1', 'workflow_role', 'workflow_type', 'workflow_user_role', 'xqqy_tmp']
2026-09-10 08:48:11.687 | [📘 INFO] 获取表结构 → database=hrm, table=QRTZ_BLOB_TRIGGERS
2026-09-10 08:48:11.688 | [💾 SQL] 执行查询 → table=QRTZ_BLOB_TRIGGERS 
  SQL: DESCRIBE `hrm`.`QRTZ_BLOB_TRIGGERS`
2026-09-10 08:48:12.048 | [✅ SUCCESS] 获取表结构成功 → table=QRTZ_BLOB_TRIGGERS, 字段数=4
2026-09-10 08:48:12.050 | [📊 DATA] 表结构数据 → table=QRTZ_BLOB_TRIGGERS 
  DATA: [{'Field': 'SCHED_NAME', 'Type': 'varchar(120)', 'Null': 'NO', 'Key': 'PRI', 'Default': None, 'Extra': ''}, {'Field': 'TRIGGER_NAME', 'Type': 'varchar(200)', 'Null': 'NO', 'Key': 'PRI', 'Default': None, 'Extra': ''}, {'Field': 'TRIGGER_GROUP', 'Type': 'varchar(200)', 'Null': 'NO', 'Key': 'PRI', 'Default': None, 'Extra': ''}, {'Field': 'BLOB_DATA', 'Type': 'blob', 'Null': 'YES', 'Key': '', 'Default': None, 'Extra': ''}]
2026-09-10 08:48:12.199 | [📘 INFO] 查询表数据 → database=hrm, table=QRTZ_BLOB_TRIGGERS, limit=1000
2026-09-10 08:48:12.885 | [💾 SQL] 执行查询 → table=QRTZ_BLOB_TRIGGERS 
  SQL: SELECT * FROM `hrm`.`QRTZ_BLOB_TRIGGERS`  LIMIT 1000
2026-09-10 08:48:12.910 | [✅ SUCCESS] 查询数据成功 → table=QRTZ_BLOB_TRIGGERS, 行数=0
2026-09-10 08:48:13.204 | [💾 SQL] 执行查询 → table=QRTZ_BLOB_TRIGGERS 
  SQL: SELECT COUNT(*) FROM `hrm`.`QRTZ_BLOB_TRIGGERS`
2026-09-10 08:48:13.226 | [✅ SUCCESS] 获取表总行数 → table=QRTZ_BLOB_TRIGGERS, count=0
2026-09-10 08:48:13.255 | [📘 INFO] 读取SQL文件 → path=sql\crm.sql
2026-09-10 08:48:13.258 | [✅ SUCCESS] 读取SQL文件成功 → size=5073 字符
2026-09-10 08:48:13.291 | [📘 INFO] 🚀 MySQL数据库连接工具启动 → 日志文件: E:\2fafacode\1Python\1renheutils-navigation\sql\mysql.log
2026-09-10 08:48:13.293 | [📘 INFO] 📁 日志目录 → SCRIPT_DIR=E:\2fafacode\1Python\1renheutils-navigation\sql
2026-09-10 08:48:14.137 | [📘 INFO] 读取SQL文件 → path=sql\crm.sql
2026-09-10 08:48:14.138 | [✅ SUCCESS] 读取SQL文件成功 → size=5073 字符
2026-09-10 08:48:14.170 | [📘 INFO] 🚀 MySQL数据库连接工具启动 → 日志文件: E:\2fafacode\1Python\1renheutils-navigation\sql\mysql.log
2026-09-10 08:48:14.171 | [📘 INFO] 📁 日志目录 → SCRIPT_DIR=E:\2fafacode\1Python\1renheutils-navigation\sql
2026-09-10 08:48:14.173 | [📘 INFO] 测试连接 → host=47.116.211.247, port=3306, database=(default)
2026-09-10 08:48:14.477 | [✅ SUCCESS] 连接成功 → host=47.116.211.247, database=(default)
2026-09-10 08:48:14.566 | [📘 INFO] 获取数据库列表
2026-09-10 08:48:14.569 | [💾 SQL] 执行查询 → 获取数据库列表 
  SQL: SELECT SCHEMA_NAME 
            FROM INFORMATION_SCHEMA.SCHEMATA 
            WHERE SCHEMA_NAME NOT IN ('information_schema', 'mysql', 'performance_schema', 'sys')
            ORDER BY SCHEMA_NAME
2026-09-10 08:48:14.866 | [✅ SUCCESS] 获取到 6 个数据库 → databases=['camunda', 'form', 'hrm', 'hrm_20220725', 'hrm_temp', 'notice']
2026-09-10 08:48:14.888 | [📘 INFO] 获取表列表 → database=hrm
2026-09-10 08:48:14.889 | [💾 SQL] 执行查询 → database=hrm 
  SQL: SHOW TABLES FROM `hrm`
2026-09-10 08:48:15.209 | [✅ SUCCESS] 获取到 220 个表 → database=hrm, tables=['QRTZ_BLOB_TRIGGERS', 'QRTZ_CALENDARS', 'QRTZ_CRON_TRIGGERS', 'QRTZ_FIRED_TRIGGERS', 'QRTZ_JOB_DETAILS', 'QRTZ_LOCKS', 'QRTZ_PAUSED_TRIGGER_GRPS', 'QRTZ_SCHEDULER_STATE', 'QRTZ_SIMPLE_TRIGGERS', 'QRTZ_SIMPROP_TRIGGERS', 'QRTZ_TRIGGERS', 'ccuser_temp', 'ces_field_kongj', 'ces_order_customer', 'ces_order_goods', 'ces_order_main', 'ces_shop_goods', 'ces_shop_type', 'data_bind_permission', 'demo', 'demo_field_def_val_main', 'demo_field_def_val_sub', 'dic_city', 'find_file_temp', 'find_file_temp2', 'hrm_certificate', 'hrm_contract_subject', 'hrm_datalog', 'hrm_doc_transfer', 'hrm_email_link_token', 'hrm_email_offer_template', 'hrm_email_performance', 'hrm_email_user_offer_content', 'hrm_hrmanager', 'hrm_job_transfer', 'hrm_offer', 'hrm_payslip', 'hrm_payslip_import_field', 'hrm_performance_detail', 'hrm_performance_group', 'hrm_proof_of_approval', 'hrm_renewal_of_approval', 'hrm_resign_transfer', 'hrm_salary_combination', 'hrm_salary_detail_transfer', 'hrm_salary_group', 'hrm_salary_transfer', 'hrm_sys_position_grade', 'hrm_sys_position_level', 'hrm_sys_user_reset_log', 'hrm_third_party', 'hrm_training', 'hrm_user', 'hrm_user_20241016', 'hrm_user_20260630', 'hrm_user_bank', 'hrm_user_certificate', 'hrm_user_contract', 'hrm_user_doc', 'hrm_user_doc_bak', 'hrm_user_education', 'hrm_user_emergency_contact', 'hrm_user_emergency_contact_del', 'hrm_user_hire', 'hrm_user_log', 'hrm_user_payslip', 'hrm_user_performance', 'hrm_user_performance_detail', 'hrm_user_personal', 'hrm_user_post', 'hrm_user_punishment', 'hrm_user_reasons', 'hrm_user_reward', 'hrm_user_salary', 'hrm_user_salary_240807', 'hrm_user_salary_240814', 'hrm_user_salary_desc', 'hrm_user_social_relations', 'hrm_user_social_security_funds', 'hrm_user_training', 'hrm_user_training_signin', 'hrm_user_work_info', 'jeecg_monthly_growth_analysis', 'jeecg_order_customer', 'jeecg_order_main', 'jeecg_order_ticket', 'jeecg_project_nature_income', 'jimu_report', 'jimu_report_data_source', 'jimu_report_db', 'jimu_report_db_field', 'jimu_report_db_param', 'jimu_report_link', 'jimu_report_map', 'jimu_report_share', 'joa_demo', 'mock_interview_applicant_info', 'mock_interview_applicant_record', 'mock_interview_applicant_record_detail', 'mock_interview_config', 'mock_interview_paper', 'mock_interview_position', 'mock_interview_question', 'mock_interview_question_check_record', 'mock_interview_share', 'mock_interview_sub_question', 'onl_auth_data', 'onl_auth_page', 'onl_auth_relation', 'onl_cgform_button', 'onl_cgform_enhance_java', 'onl_cgform_enhance_js', 'onl_cgform_enhance_sql', 'onl_cgform_field', 'onl_cgform_head', 'onl_cgform_index', 'onl_cgreport_head', 'onl_cgreport_item', 'onl_cgreport_param', 'oss_file', 'rep_demo_dxtj', 'rep_demo_employee', 'rep_demo_gongsi', 'rep_demo_jianpiao', 'rpt_roster', 'rpt_userdata', 'rpt_userdata_20240228', 'rpt_userdata_20241016', 'rpt_userdata_20260630', 'salary_abnormal_performance_deduction', 'salary_calculate_progress', 'salary_calculate_step', 'salary_combination_info', 'salary_functional_detail', 'salary_functional_summary', 'salary_group_combination_info', 'salary_group_info', 'salary_income_tax_history', 'salary_lecturer_fee', 'salary_lecturer_summary', 'salary_salesperson_detail', 'salary_salesperson_summary', 'salary_year_end_bonus_history', 'sf_job', 'sys_announcement', 'sys_announcement_send', 'sys_category', 'sys_check_rule', 'sys_data_log', 'sys_data_source', 'sys_depart', 'sys_depart_20220721', 'sys_depart_20221118', 'sys_depart_20231010', 'sys_depart_bak', 'sys_depart_permission', 'sys_depart_role', 'sys_depart_role_permission', 'sys_depart_role_user', 'sys_depart_temp', 'sys_dict', 'sys_dict_item', 'sys_ethnic_group', 'sys_fill_rule', 'sys_gateway_route', 'sys_industry', 'sys_log', 'sys_permission', 'sys_permission_data_rule', 'sys_position', 'sys_quartz_job', 'sys_role', 'sys_role_permission', 'sys_sms', 'sys_sms_template', 'sys_tenant', 'sys_third_account', 'sys_user', 'sys_user_agent', 'sys_user_depart', 'sys_user_role', 'sys_user_role_bak', 't_employee_attendance_summary', 't_position_match', 't_wage_rates_config', 'temp1_position', 'temp_delete_dep', 'temp_lecturer_fee', 'temp_trans_data', 'temp_user_leader', 'temp_user_leader_back', 'test_demo', 'test_enhance_select', 'test_note', 'test_online_link', 'test_order_main', 'test_order_product', 'test_person', 'test_shoptype_tree', 'tmp_report_data_1', 'tmp_report_data_income', 'user_bank_info', 'user_certificate_info', 'user_contract_info', 'user_cust_position_info', 'user_education_info', 'user_emergency_contact_info', 'user_file_info', 'user_hire_info', 'user_personal_info', 'user_reward_info', 'user_salary_info', 'user_social_relations_info', 'user_social_security_funds_info', 'user_work_info', 'v1', 'workflow_role', 'workflow_type', 'workflow_user_role', 'xqqy_tmp']
2026-09-10 08:48:15.234 | [📘 INFO] 获取表结构 → database=hrm, table=QRTZ_BLOB_TRIGGERS
2026-09-10 08:48:15.235 | [💾 SQL] 执行查询 → table=QRTZ_BLOB_TRIGGERS 
  SQL: DESCRIBE `hrm`.`QRTZ_BLOB_TRIGGERS`
2026-09-10 08:48:15.531 | [✅ SUCCESS] 获取表结构成功 → table=QRTZ_BLOB_TRIGGERS, 字段数=4
2026-09-10 08:48:15.533 | [📊 DATA] 表结构数据 → table=QRTZ_BLOB_TRIGGERS 
  DATA: [{'Field': 'SCHED_NAME', 'Type': 'varchar(120)', 'Null': 'NO', 'Key': 'PRI', 'Default': None, 'Extra': ''}, {'Field': 'TRIGGER_NAME', 'Type': 'varchar(200)', 'Null': 'NO', 'Key': 'PRI', 'Default': None, 'Extra': ''}, {'Field': 'TRIGGER_GROUP', 'Type': 'varchar(200)', 'Null': 'NO', 'Key': 'PRI', 'Default': None, 'Extra': ''}, {'Field': 'BLOB_DATA', 'Type': 'blob', 'Null': 'YES', 'Key': '', 'Default': None, 'Extra': ''}]
2026-09-10 08:48:15.677 | [📘 INFO] 查询表数据 → database=hrm, table=QRTZ_BLOB_TRIGGERS, limit=1000
2026-09-10 08:48:16.007 | [💾 SQL] 执行查询 → table=QRTZ_BLOB_TRIGGERS 
  SQL: SELECT * FROM `hrm`.`QRTZ_BLOB_TRIGGERS`  LIMIT 1000
2026-09-10 08:48:16.038 | [✅ SUCCESS] 查询数据成功 → table=QRTZ_BLOB_TRIGGERS, 行数=0
2026-09-10 08:48:16.368 | [💾 SQL] 执行查询 → table=QRTZ_BLOB_TRIGGERS 
  SQL: SELECT COUNT(*) FROM `hrm`.`QRTZ_BLOB_TRIGGERS`
2026-09-10 08:48:16.391 | [✅ SUCCESS] 获取表总行数 → table=QRTZ_BLOB_TRIGGERS, count=0
2026-09-10 08:48:16.421 | [📘 INFO] 读取SQL文件 → path=sql\crm.sql
2026-09-10 08:48:16.422 | [✅ SUCCESS] 读取SQL文件成功 → size=5073 字符
2026-09-10 08:48:16.444 | [📘 INFO] 🚀 MySQL数据库连接工具启动 → 日志文件: E:\2fafacode\1Python\1renheutils-navigation\sql\mysql.log
2026-09-10 08:48:16.445 | [📘 INFO] 📁 日志目录 → SCRIPT_DIR=E:\2fafacode\1Python\1renheutils-navigation\sql
2026-09-10 08:52:25.646 | [📘 INFO] 读取SQL文件 → path=sql\crm.sql
2026-09-10 08:52:25.651 | [✅ SUCCESS] 读取SQL文件成功 → size=5073 字符
2026-09-10 08:52:25.822 | [📘 INFO] 🚀 MySQL数据库连接工具启动 → 日志文件: E:\2fafacode\1Python\1renheutils-navigation\sql\mysql.log
2026-09-10 08:52:25.826 | [📘 INFO] 📁 日志目录 → SCRIPT_DIR=E:\2fafacode\1Python\1renheutils-navigation\sql
2026-09-10 08:52:25.828 | [📘 INFO] 测试连接 → host=47.116.211.247, port=3306, database=(default)
2026-09-10 08:52:26.215 | [✅ SUCCESS] 连接成功 → host=47.116.211.247, database=(default)
2026-09-10 08:52:26.245 | [📘 INFO] 获取数据库列表
2026-09-10 08:52:26.245 | [💾 SQL] 执行查询 → 获取数据库列表 
  SQL: SELECT SCHEMA_NAME 
            FROM INFORMATION_SCHEMA.SCHEMATA 
            WHERE SCHEMA_NAME NOT IN ('information_schema', 'mysql', 'performance_schema', 'sys')
            ORDER BY SCHEMA_NAME
2026-09-10 08:52:26.590 | [✅ SUCCESS] 获取到 6 个数据库 → databases=['camunda', 'form', 'hrm', 'hrm_20220725', 'hrm_temp', 'notice']
2026-09-10 08:52:26.618 | [📘 INFO] 获取表列表 → database=hrm
2026-09-10 08:52:26.619 | [💾 SQL] 执行查询 → database=hrm 
  SQL: SHOW TABLES FROM `hrm`
2026-09-10 08:52:27.391 | [✅ SUCCESS] 获取到 220 个表 → database=hrm, tables=['QRTZ_BLOB_TRIGGERS', 'QRTZ_CALENDARS', 'QRTZ_CRON_TRIGGERS', 'QRTZ_FIRED_TRIGGERS', 'QRTZ_JOB_DETAILS', 'QRTZ_LOCKS', 'QRTZ_PAUSED_TRIGGER_GRPS', 'QRTZ_SCHEDULER_STATE', 'QRTZ_SIMPLE_TRIGGERS', 'QRTZ_SIMPROP_TRIGGERS', 'QRTZ_TRIGGERS', 'ccuser_temp', 'ces_field_kongj', 'ces_order_customer', 'ces_order_goods', 'ces_order_main', 'ces_shop_goods', 'ces_shop_type', 'data_bind_permission', 'demo', 'demo_field_def_val_main', 'demo_field_def_val_sub', 'dic_city', 'find_file_temp', 'find_file_temp2', 'hrm_certificate', 'hrm_contract_subject', 'hrm_datalog', 'hrm_doc_transfer', 'hrm_email_link_token', 'hrm_email_offer_template', 'hrm_email_performance', 'hrm_email_user_offer_content', 'hrm_hrmanager', 'hrm_job_transfer', 'hrm_offer', 'hrm_payslip', 'hrm_payslip_import_field', 'hrm_performance_detail', 'hrm_performance_group', 'hrm_proof_of_approval', 'hrm_renewal_of_approval', 'hrm_resign_transfer', 'hrm_salary_combination', 'hrm_salary_detail_transfer', 'hrm_salary_group', 'hrm_salary_transfer', 'hrm_sys_position_grade', 'hrm_sys_position_level', 'hrm_sys_user_reset_log', 'hrm_third_party', 'hrm_training', 'hrm_user', 'hrm_user_20241016', 'hrm_user_20260630', 'hrm_user_bank', 'hrm_user_certificate', 'hrm_user_contract', 'hrm_user_doc', 'hrm_user_doc_bak', 'hrm_user_education', 'hrm_user_emergency_contact', 'hrm_user_emergency_contact_del', 'hrm_user_hire', 'hrm_user_log', 'hrm_user_payslip', 'hrm_user_performance', 'hrm_user_performance_detail', 'hrm_user_personal', 'hrm_user_post', 'hrm_user_punishment', 'hrm_user_reasons', 'hrm_user_reward', 'hrm_user_salary', 'hrm_user_salary_240807', 'hrm_user_salary_240814', 'hrm_user_salary_desc', 'hrm_user_social_relations', 'hrm_user_social_security_funds', 'hrm_user_training', 'hrm_user_training_signin', 'hrm_user_work_info', 'jeecg_monthly_growth_analysis', 'jeecg_order_customer', 'jeecg_order_main', 'jeecg_order_ticket', 'jeecg_project_nature_income', 'jimu_report', 'jimu_report_data_source', 'jimu_report_db', 'jimu_report_db_field', 'jimu_report_db_param', 'jimu_report_link', 'jimu_report_map', 'jimu_report_share', 'joa_demo', 'mock_interview_applicant_info', 'mock_interview_applicant_record', 'mock_interview_applicant_record_detail', 'mock_interview_config', 'mock_interview_paper', 'mock_interview_position', 'mock_interview_question', 'mock_interview_question_check_record', 'mock_interview_share', 'mock_interview_sub_question', 'onl_auth_data', 'onl_auth_page', 'onl_auth_relation', 'onl_cgform_button', 'onl_cgform_enhance_java', 'onl_cgform_enhance_js', 'onl_cgform_enhance_sql', 'onl_cgform_field', 'onl_cgform_head', 'onl_cgform_index', 'onl_cgreport_head', 'onl_cgreport_item', 'onl_cgreport_param', 'oss_file', 'rep_demo_dxtj', 'rep_demo_employee', 'rep_demo_gongsi', 'rep_demo_jianpiao', 'rpt_roster', 'rpt_userdata', 'rpt_userdata_20240228', 'rpt_userdata_20241016', 'rpt_userdata_20260630', 'salary_abnormal_performance_deduction', 'salary_calculate_progress', 'salary_calculate_step', 'salary_combination_info', 'salary_functional_detail', 'salary_functional_summary', 'salary_group_combination_info', 'salary_group_info', 'salary_income_tax_history', 'salary_lecturer_fee', 'salary_lecturer_summary', 'salary_salesperson_detail', 'salary_salesperson_summary', 'salary_year_end_bonus_history', 'sf_job', 'sys_announcement', 'sys_announcement_send', 'sys_category', 'sys_check_rule', 'sys_data_log', 'sys_data_source', 'sys_depart', 'sys_depart_20220721', 'sys_depart_20221118', 'sys_depart_20231010', 'sys_depart_bak', 'sys_depart_permission', 'sys_depart_role', 'sys_depart_role_permission', 'sys_depart_role_user', 'sys_depart_temp', 'sys_dict', 'sys_dict_item', 'sys_ethnic_group', 'sys_fill_rule', 'sys_gateway_route', 'sys_industry', 'sys_log', 'sys_permission', 'sys_permission_data_rule', 'sys_position', 'sys_quartz_job', 'sys_role', 'sys_role_permission', 'sys_sms', 'sys_sms_template', 'sys_tenant', 'sys_third_account', 'sys_user', 'sys_user_agent', 'sys_user_depart', 'sys_user_role', 'sys_user_role_bak', 't_employee_attendance_summary', 't_position_match', 't_wage_rates_config', 'temp1_position', 'temp_delete_dep', 'temp_lecturer_fee', 'temp_trans_data', 'temp_user_leader', 'temp_user_leader_back', 'test_demo', 'test_enhance_select', 'test_note', 'test_online_link', 'test_order_main', 'test_order_product', 'test_person', 'test_shoptype_tree', 'tmp_report_data_1', 'tmp_report_data_income', 'user_bank_info', 'user_certificate_info', 'user_contract_info', 'user_cust_position_info', 'user_education_info', 'user_emergency_contact_info', 'user_file_info', 'user_hire_info', 'user_personal_info', 'user_reward_info', 'user_salary_info', 'user_social_relations_info', 'user_social_security_funds_info', 'user_work_info', 'v1', 'workflow_role', 'workflow_type', 'workflow_user_role', 'xqqy_tmp']
2026-09-10 08:52:27.416 | [📘 INFO] 获取表结构 → database=hrm, table=QRTZ_BLOB_TRIGGERS
2026-09-10 08:52:27.417 | [💾 SQL] 执行查询 → table=QRTZ_BLOB_TRIGGERS 
  SQL: DESCRIBE `hrm`.`QRTZ_BLOB_TRIGGERS`
2026-09-10 08:52:27.743 | [✅ SUCCESS] 获取表结构成功 → table=QRTZ_BLOB_TRIGGERS, 字段数=4
2026-09-10 08:52:27.755 | [📊 DATA] 表结构数据 → table=QRTZ_BLOB_TRIGGERS 
  DATA: [{'Field': 'SCHED_NAME', 'Type': 'varchar(120)', 'Null': 'NO', 'Key': 'PRI', 'Default': None, 'Extra': ''}, {'Field': 'TRIGGER_NAME', 'Type': 'varchar(200)', 'Null': 'NO', 'Key': 'PRI', 'Default': None, 'Extra': ''}, {'Field': 'TRIGGER_GROUP', 'Type': 'varchar(200)', 'Null': 'NO', 'Key': 'PRI', 'Default': None, 'Extra': ''}, {'Field': 'BLOB_DATA', 'Type': 'blob', 'Null': 'YES', 'Key': '', 'Default': None, 'Extra': ''}]
2026-09-10 08:52:28.045 | [📘 INFO] 查询表数据 → database=hrm, table=QRTZ_BLOB_TRIGGERS, limit=1000
2026-09-10 08:52:28.305 | [💾 SQL] 执行查询 → table=QRTZ_BLOB_TRIGGERS 
  SQL: SELECT * FROM `hrm`.`QRTZ_BLOB_TRIGGERS`  LIMIT 1000
2026-09-10 08:52:28.328 | [✅ SUCCESS] 查询数据成功 → table=QRTZ_BLOB_TRIGGERS, 行数=0
2026-09-10 08:52:28.687 | [💾 SQL] 执行查询 → table=QRTZ_BLOB_TRIGGERS 
  SQL: SELECT COUNT(*) FROM `hrm`.`QRTZ_BLOB_TRIGGERS`
2026-09-10 08:52:28.714 | [✅ SUCCESS] 获取表总行数 → table=QRTZ_BLOB_TRIGGERS, count=0
2026-09-10 08:52:28.755 | [📘 INFO] 读取SQL文件 → path=sql\crm.sql
2026-09-10 08:52:28.757 | [✅ SUCCESS] 读取SQL文件成功 → size=5073 字符
2026-09-10 08:52:28.809 | [📘 INFO] 🚀 MySQL数据库连接工具启动 → 日志文件: E:\2fafacode\1Python\1renheutils-navigation\sql\mysql.log
2026-09-10 08:52:28.815 | [📘 INFO] 📁 日志目录 → SCRIPT_DIR=E:\2fafacode\1Python\1renheutils-navigation\sql
2026-09-10 08:52:42.807 | [📘 INFO] 读取SQL文件 → path=sql\crm.sql
2026-09-10 08:52:42.809 | [✅ SUCCESS] 读取SQL文件成功 → size=5073 字符
2026-09-10 08:52:42.852 | [📘 INFO] 🚀 MySQL数据库连接工具启动 → 日志文件: E:\2fafacode\1Python\1renheutils-navigation\sql\mysql.log
2026-09-10 08:52:42.852 | [📘 INFO] 📁 日志目录 → SCRIPT_DIR=E:\2fafacode\1Python\1renheutils-navigation\sql
2026-09-10 08:52:42.855 | [📘 INFO] 测试连接 → host=47.116.211.247, port=3306, database=(default)
2026-09-10 08:52:43.124 | [✅ SUCCESS] 连接成功 → host=47.116.211.247, database=(default)
2026-09-10 08:52:43.149 | [📘 INFO] 获取数据库列表
2026-09-10 08:52:43.149 | [💾 SQL] 执行查询 → 获取数据库列表 
  SQL: SELECT SCHEMA_NAME 
            FROM INFORMATION_SCHEMA.SCHEMATA 
            WHERE SCHEMA_NAME NOT IN ('information_schema', 'mysql', 'performance_schema', 'sys')
            ORDER BY SCHEMA_NAME
2026-09-10 08:52:43.477 | [✅ SUCCESS] 获取到 6 个数据库 → databases=['camunda', 'form', 'hrm', 'hrm_20220725', 'hrm_temp', 'notice']
2026-09-10 08:52:43.501 | [📘 INFO] 获取表列表 → database=hrm
2026-09-10 08:52:43.502 | [💾 SQL] 执行查询 → database=hrm 
  SQL: SHOW TABLES FROM `hrm`
2026-09-10 08:52:43.783 | [✅ SUCCESS] 获取到 220 个表 → database=hrm, tables=['QRTZ_BLOB_TRIGGERS', 'QRTZ_CALENDARS', 'QRTZ_CRON_TRIGGERS', 'QRTZ_FIRED_TRIGGERS', 'QRTZ_JOB_DETAILS', 'QRTZ_LOCKS', 'QRTZ_PAUSED_TRIGGER_GRPS', 'QRTZ_SCHEDULER_STATE', 'QRTZ_SIMPLE_TRIGGERS', 'QRTZ_SIMPROP_TRIGGERS', 'QRTZ_TRIGGERS', 'ccuser_temp', 'ces_field_kongj', 'ces_order_customer', 'ces_order_goods', 'ces_order_main', 'ces_shop_goods', 'ces_shop_type', 'data_bind_permission', 'demo', 'demo_field_def_val_main', 'demo_field_def_val_sub', 'dic_city', 'find_file_temp', 'find_file_temp2', 'hrm_certificate', 'hrm_contract_subject', 'hrm_datalog', 'hrm_doc_transfer', 'hrm_email_link_token', 'hrm_email_offer_template', 'hrm_email_performance', 'hrm_email_user_offer_content', 'hrm_hrmanager', 'hrm_job_transfer', 'hrm_offer', 'hrm_payslip', 'hrm_payslip_import_field', 'hrm_performance_detail', 'hrm_performance_group', 'hrm_proof_of_approval', 'hrm_renewal_of_approval', 'hrm_resign_transfer', 'hrm_salary_combination', 'hrm_salary_detail_transfer', 'hrm_salary_group', 'hrm_salary_transfer', 'hrm_sys_position_grade', 'hrm_sys_position_level', 'hrm_sys_user_reset_log', 'hrm_third_party', 'hrm_training', 'hrm_user', 'hrm_user_20241016', 'hrm_user_20260630', 'hrm_user_bank', 'hrm_user_certificate', 'hrm_user_contract', 'hrm_user_doc', 'hrm_user_doc_bak', 'hrm_user_education', 'hrm_user_emergency_contact', 'hrm_user_emergency_contact_del', 'hrm_user_hire', 'hrm_user_log', 'hrm_user_payslip', 'hrm_user_performance', 'hrm_user_performance_detail', 'hrm_user_personal', 'hrm_user_post', 'hrm_user_punishment', 'hrm_user_reasons', 'hrm_user_reward', 'hrm_user_salary', 'hrm_user_salary_240807', 'hrm_user_salary_240814', 'hrm_user_salary_desc', 'hrm_user_social_relations', 'hrm_user_social_security_funds', 'hrm_user_training', 'hrm_user_training_signin', 'hrm_user_work_info', 'jeecg_monthly_growth_analysis', 'jeecg_order_customer', 'jeecg_order_main', 'jeecg_order_ticket', 'jeecg_project_nature_income', 'jimu_report', 'jimu_report_data_source', 'jimu_report_db', 'jimu_report_db_field', 'jimu_report_db_param', 'jimu_report_link', 'jimu_report_map', 'jimu_report_share', 'joa_demo', 'mock_interview_applicant_info', 'mock_interview_applicant_record', 'mock_interview_applicant_record_detail', 'mock_interview_config', 'mock_interview_paper', 'mock_interview_position', 'mock_interview_question', 'mock_interview_question_check_record', 'mock_interview_share', 'mock_interview_sub_question', 'onl_auth_data', 'onl_auth_page', 'onl_auth_relation', 'onl_cgform_button', 'onl_cgform_enhance_java', 'onl_cgform_enhance_js', 'onl_cgform_enhance_sql', 'onl_cgform_field', 'onl_cgform_head', 'onl_cgform_index', 'onl_cgreport_head', 'onl_cgreport_item', 'onl_cgreport_param', 'oss_file', 'rep_demo_dxtj', 'rep_demo_employee', 'rep_demo_gongsi', 'rep_demo_jianpiao', 'rpt_roster', 'rpt_userdata', 'rpt_userdata_20240228', 'rpt_userdata_20241016', 'rpt_userdata_20260630', 'salary_abnormal_performance_deduction', 'salary_calculate_progress', 'salary_calculate_step', 'salary_combination_info', 'salary_functional_detail', 'salary_functional_summary', 'salary_group_combination_info', 'salary_group_info', 'salary_income_tax_history', 'salary_lecturer_fee', 'salary_lecturer_summary', 'salary_salesperson_detail', 'salary_salesperson_summary', 'salary_year_end_bonus_history', 'sf_job', 'sys_announcement', 'sys_announcement_send', 'sys_category', 'sys_check_rule', 'sys_data_log', 'sys_data_source', 'sys_depart', 'sys_depart_20220721', 'sys_depart_20221118', 'sys_depart_20231010', 'sys_depart_bak', 'sys_depart_permission', 'sys_depart_role', 'sys_depart_role_permission', 'sys_depart_role_user', 'sys_depart_temp', 'sys_dict', 'sys_dict_item', 'sys_ethnic_group', 'sys_fill_rule', 'sys_gateway_route', 'sys_industry', 'sys_log', 'sys_permission', 'sys_permission_data_rule', 'sys_position', 'sys_quartz_job', 'sys_role', 'sys_role_permission', 'sys_sms', 'sys_sms_template', 'sys_tenant', 'sys_third_account', 'sys_user', 'sys_user_agent', 'sys_user_depart', 'sys_user_role', 'sys_user_role_bak', 't_employee_attendance_summary', 't_position_match', 't_wage_rates_config', 'temp1_position', 'temp_delete_dep', 'temp_lecturer_fee', 'temp_trans_data', 'temp_user_leader', 'temp_user_leader_back', 'test_demo', 'test_enhance_select', 'test_note', 'test_online_link', 'test_order_main', 'test_order_product', 'test_person', 'test_shoptype_tree', 'tmp_report_data_1', 'tmp_report_data_income', 'user_bank_info', 'user_certificate_info', 'user_contract_info', 'user_cust_position_info', 'user_education_info', 'user_emergency_contact_info', 'user_file_info', 'user_hire_info', 'user_personal_info', 'user_reward_info', 'user_salary_info', 'user_social_relations_info', 'user_social_security_funds_info', 'user_work_info', 'v1', 'workflow_role', 'workflow_type', 'workflow_user_role', 'xqqy_tmp']
2026-09-10 08:52:43.806 | [📘 INFO] 获取表结构 → database=hrm, table=QRTZ_BLOB_TRIGGERS
2026-09-10 08:52:43.807 | [💾 SQL] 执行查询 → table=QRTZ_BLOB_TRIGGERS 
  SQL: DESCRIBE `hrm`.`QRTZ_BLOB_TRIGGERS`
2026-09-10 08:52:44.111 | [✅ SUCCESS] 获取表结构成功 → table=QRTZ_BLOB_TRIGGERS, 字段数=4
2026-09-10 08:52:44.113 | [📊 DATA] 表结构数据 → table=QRTZ_BLOB_TRIGGERS 
  DATA: [{'Field': 'SCHED_NAME', 'Type': 'varchar(120)', 'Null': 'NO', 'Key': 'PRI', 'Default': None, 'Extra': ''}, {'Field': 'TRIGGER_NAME', 'Type': 'varchar(200)', 'Null': 'NO', 'Key': 'PRI', 'Default': None, 'Extra': ''}, {'Field': 'TRIGGER_GROUP', 'Type': 'varchar(200)', 'Null': 'NO', 'Key': 'PRI', 'Default': None, 'Extra': ''}, {'Field': 'BLOB_DATA', 'Type': 'blob', 'Null': 'YES', 'Key': '', 'Default': None, 'Extra': ''}]
2026-09-10 08:52:44.262 | [📘 INFO] 查询表数据 → database=hrm, table=QRTZ_BLOB_TRIGGERS, limit=1000
2026-09-10 08:52:44.520 | [💾 SQL] 执行查询 → table=QRTZ_BLOB_TRIGGERS 
  SQL: SELECT * FROM `hrm`.`QRTZ_BLOB_TRIGGERS`  LIMIT 1000
2026-09-10 08:52:44.547 | [✅ SUCCESS] 查询数据成功 → table=QRTZ_BLOB_TRIGGERS, 行数=0
2026-09-10 08:52:44.839 | [💾 SQL] 执行查询 → table=QRTZ_BLOB_TRIGGERS 
  SQL: SELECT COUNT(*) FROM `hrm`.`QRTZ_BLOB_TRIGGERS`
2026-09-10 08:52:44.862 | [✅ SUCCESS] 获取表总行数 → table=QRTZ_BLOB_TRIGGERS, count=0
2026-09-10 08:52:44.889 | [📘 INFO] 读取SQL文件 → path=sql\crm.sql
2026-09-10 08:52:44.891 | [✅ SUCCESS] 读取SQL文件成功 → size=5073 字符
2026-09-10 08:52:44.924 | [📘 INFO] 🚀 MySQL数据库连接工具启动 → 日志文件: E:\2fafacode\1Python\1renheutils-navigation\sql\mysql.log
2026-09-10 08:52:44.924 | [📘 INFO] 📁 日志目录 → SCRIPT_DIR=E:\2fafacode\1Python\1renheutils-navigation\sql
2026-09-10 08:52:57.899 | [📘 INFO] 读取SQL文件 → path=sql\crm.sql
2026-09-10 08:52:57.901 | [✅ SUCCESS] 读取SQL文件成功 → size=5073 字符
2026-09-10 08:52:57.928 | [📘 INFO] 🚀 MySQL数据库连接工具启动 → 日志文件: E:\2fafacode\1Python\1renheutils-navigation\sql\mysql.log
2026-09-10 08:52:57.928 | [📘 INFO] 📁 日志目录 → SCRIPT_DIR=E:\2fafacode\1Python\1renheutils-navigation\sql
2026-09-10 08:52:57.929 | [📘 INFO] 测试连接 → host=47.116.211.247, port=3306, database=(default)
2026-09-10 08:52:58.261 | [✅ SUCCESS] 连接成功 → host=47.116.211.247, database=(default)
2026-09-10 08:52:58.286 | [📘 INFO] 获取数据库列表
2026-09-10 08:52:58.287 | [💾 SQL] 执行查询 → 获取数据库列表 
  SQL: SELECT SCHEMA_NAME 
            FROM INFORMATION_SCHEMA.SCHEMATA 
            WHERE SCHEMA_NAME NOT IN ('information_schema', 'mysql', 'performance_schema', 'sys')
            ORDER BY SCHEMA_NAME
2026-09-10 08:52:58.592 | [✅ SUCCESS] 获取到 6 个数据库 → databases=['camunda', 'form', 'hrm', 'hrm_20220725', 'hrm_temp', 'notice']
2026-09-10 08:52:58.616 | [📘 INFO] 获取表列表 → database=hrm
2026-09-10 08:52:58.616 | [💾 SQL] 执行查询 → database=hrm 
  SQL: SHOW TABLES FROM `hrm`
2026-09-10 08:52:58.919 | [✅ SUCCESS] 获取到 220 个表 → database=hrm, tables=['QRTZ_BLOB_TRIGGERS', 'QRTZ_CALENDARS', 'QRTZ_CRON_TRIGGERS', 'QRTZ_FIRED_TRIGGERS', 'QRTZ_JOB_DETAILS', 'QRTZ_LOCKS', 'QRTZ_PAUSED_TRIGGER_GRPS', 'QRTZ_SCHEDULER_STATE', 'QRTZ_SIMPLE_TRIGGERS', 'QRTZ_SIMPROP_TRIGGERS', 'QRTZ_TRIGGERS', 'ccuser_temp', 'ces_field_kongj', 'ces_order_customer', 'ces_order_goods', 'ces_order_main', 'ces_shop_goods', 'ces_shop_type', 'data_bind_permission', 'demo', 'demo_field_def_val_main', 'demo_field_def_val_sub', 'dic_city', 'find_file_temp', 'find_file_temp2', 'hrm_certificate', 'hrm_contract_subject', 'hrm_datalog', 'hrm_doc_transfer', 'hrm_email_link_token', 'hrm_email_offer_template', 'hrm_email_performance', 'hrm_email_user_offer_content', 'hrm_hrmanager', 'hrm_job_transfer', 'hrm_offer', 'hrm_payslip', 'hrm_payslip_import_field', 'hrm_performance_detail', 'hrm_performance_group', 'hrm_proof_of_approval', 'hrm_renewal_of_approval', 'hrm_resign_transfer', 'hrm_salary_combination', 'hrm_salary_detail_transfer', 'hrm_salary_group', 'hrm_salary_transfer', 'hrm_sys_position_grade', 'hrm_sys_position_level', 'hrm_sys_user_reset_log', 'hrm_third_party', 'hrm_training', 'hrm_user', 'hrm_user_20241016', 'hrm_user_20260630', 'hrm_user_bank', 'hrm_user_certificate', 'hrm_user_contract', 'hrm_user_doc', 'hrm_user_doc_bak', 'hrm_user_education', 'hrm_user_emergency_contact', 'hrm_user_emergency_contact_del', 'hrm_user_hire', 'hrm_user_log', 'hrm_user_payslip', 'hrm_user_performance', 'hrm_user_performance_detail', 'hrm_user_personal', 'hrm_user_post', 'hrm_user_punishment', 'hrm_user_reasons', 'hrm_user_reward', 'hrm_user_salary', 'hrm_user_salary_240807', 'hrm_user_salary_240814', 'hrm_user_salary_desc', 'hrm_user_social_relations', 'hrm_user_social_security_funds', 'hrm_user_training', 'hrm_user_training_signin', 'hrm_user_work_info', 'jeecg_monthly_growth_analysis', 'jeecg_order_customer', 'jeecg_order_main', 'jeecg_order_ticket', 'jeecg_project_nature_income', 'jimu_report', 'jimu_report_data_source', 'jimu_report_db', 'jimu_report_db_field', 'jimu_report_db_param', 'jimu_report_link', 'jimu_report_map', 'jimu_report_share', 'joa_demo', 'mock_interview_applicant_info', 'mock_interview_applicant_record', 'mock_interview_applicant_record_detail', 'mock_interview_config', 'mock_interview_paper', 'mock_interview_position', 'mock_interview_question', 'mock_interview_question_check_record', 'mock_interview_share', 'mock_interview_sub_question', 'onl_auth_data', 'onl_auth_page', 'onl_auth_relation', 'onl_cgform_button', 'onl_cgform_enhance_java', 'onl_cgform_enhance_js', 'onl_cgform_enhance_sql', 'onl_cgform_field', 'onl_cgform_head', 'onl_cgform_index', 'onl_cgreport_head', 'onl_cgreport_item', 'onl_cgreport_param', 'oss_file', 'rep_demo_dxtj', 'rep_demo_employee', 'rep_demo_gongsi', 'rep_demo_jianpiao', 'rpt_roster', 'rpt_userdata', 'rpt_userdata_20240228', 'rpt_userdata_20241016', 'rpt_userdata_20260630', 'salary_abnormal_performance_deduction', 'salary_calculate_progress', 'salary_calculate_step', 'salary_combination_info', 'salary_functional_detail', 'salary_functional_summary', 'salary_group_combination_info', 'salary_group_info', 'salary_income_tax_history', 'salary_lecturer_fee', 'salary_lecturer_summary', 'salary_salesperson_detail', 'salary_salesperson_summary', 'salary_year_end_bonus_history', 'sf_job', 'sys_announcement', 'sys_announcement_send', 'sys_category', 'sys_check_rule', 'sys_data_log', 'sys_data_source', 'sys_depart', 'sys_depart_20220721', 'sys_depart_20221118', 'sys_depart_20231010', 'sys_depart_bak', 'sys_depart_permission', 'sys_depart_role', 'sys_depart_role_permission', 'sys_depart_role_user', 'sys_depart_temp', 'sys_dict', 'sys_dict_item', 'sys_ethnic_group', 'sys_fill_rule', 'sys_gateway_route', 'sys_industry', 'sys_log', 'sys_permission', 'sys_permission_data_rule', 'sys_position', 'sys_quartz_job', 'sys_role', 'sys_role_permission', 'sys_sms', 'sys_sms_template', 'sys_tenant', 'sys_third_account', 'sys_user', 'sys_user_agent', 'sys_user_depart', 'sys_user_role', 'sys_user_role_bak', 't_employee_attendance_summary', 't_position_match', 't_wage_rates_config', 'temp1_position', 'temp_delete_dep', 'temp_lecturer_fee', 'temp_trans_data', 'temp_user_leader', 'temp_user_leader_back', 'test_demo', 'test_enhance_select', 'test_note', 'test_online_link', 'test_order_main', 'test_order_product', 'test_person', 'test_shoptype_tree', 'tmp_report_data_1', 'tmp_report_data_income', 'user_bank_info', 'user_certificate_info', 'user_contract_info', 'user_cust_position_info', 'user_education_info', 'user_emergency_contact_info', 'user_file_info', 'user_hire_info', 'user_personal_info', 'user_reward_info', 'user_salary_info', 'user_social_relations_info', 'user_social_security_funds_info', 'user_work_info', 'v1', 'workflow_role', 'workflow_type', 'workflow_user_role', 'xqqy_tmp']
2026-09-10 08:52:58.948 | [📘 INFO] 获取表结构 → database=hrm, table=QRTZ_BLOB_TRIGGERS
2026-09-10 08:52:58.949 | [💾 SQL] 执行查询 → table=QRTZ_BLOB_TRIGGERS 
  SQL: DESCRIBE `hrm`.`QRTZ_BLOB_TRIGGERS`
2026-09-10 08:52:59.307 | [✅ SUCCESS] 获取表结构成功 → table=QRTZ_BLOB_TRIGGERS, 字段数=4
2026-09-10 08:52:59.309 | [📊 DATA] 表结构数据 → table=QRTZ_BLOB_TRIGGERS 
  DATA: [{'Field': 'SCHED_NAME', 'Type': 'varchar(120)', 'Null': 'NO', 'Key': 'PRI', 'Default': None, 'Extra': ''}, {'Field': 'TRIGGER_NAME', 'Type': 'varchar(200)', 'Null': 'NO', 'Key': 'PRI', 'Default': None, 'Extra': ''}, {'Field': 'TRIGGER_GROUP', 'Type': 'varchar(200)', 'Null': 'NO', 'Key': 'PRI', 'Default': None, 'Extra': ''}, {'Field': 'BLOB_DATA', 'Type': 'blob', 'Null': 'YES', 'Key': '', 'Default': None, 'Extra': ''}]
2026-09-10 08:52:59.435 | [📘 INFO] 查询表数据 → database=hrm, table=QRTZ_BLOB_TRIGGERS, limit=1000
2026-09-10 08:52:59.682 | [💾 SQL] 执行查询 → table=QRTZ_BLOB_TRIGGERS 
  SQL: SELECT * FROM `hrm`.`QRTZ_BLOB_TRIGGERS`  LIMIT 1000
2026-09-10 08:52:59.704 | [✅ SUCCESS] 查询数据成功 → table=QRTZ_BLOB_TRIGGERS, 行数=0
2026-09-10 08:53:00.001 | [💾 SQL] 执行查询 → table=QRTZ_BLOB_TRIGGERS 
  SQL: SELECT COUNT(*) FROM `hrm`.`QRTZ_BLOB_TRIGGERS`
2026-09-10 08:53:00.024 | [✅ SUCCESS] 获取表总行数 → table=QRTZ_BLOB_TRIGGERS, count=0
2026-09-10 08:53:00.051 | [📘 INFO] 读取SQL文件 → path=sql\crm.sql
2026-09-10 08:53:00.052 | [✅ SUCCESS] 读取SQL文件成功 → size=5073 字符
2026-09-10 08:53:00.082 | [📘 INFO] 🚀 MySQL数据库连接工具启动 → 日志文件: E:\2fafacode\1Python\1renheutils-navigation\sql\mysql.log
2026-09-10 08:53:00.084 | [📘 INFO] 📁 日志目录 → SCRIPT_DIR=E:\2fafacode\1Python\1renheutils-navigation\sql
2026-09-10 08:53:02.889 | [📘 INFO] 读取SQL文件 → path=sql\crm.sql
2026-09-10 08:53:02.890 | [✅ SUCCESS] 读取SQL文件成功 → size=5073 字符
2026-09-10 08:53:02.916 | [📘 INFO] 🚀 MySQL数据库连接工具启动 → 日志文件: E:\2fafacode\1Python\1renheutils-navigation\sql\mysql.log
2026-09-10 08:53:02.916 | [📘 INFO] 📁 日志目录 → SCRIPT_DIR=E:\2fafacode\1Python\1renheutils-navigation\sql
2026-09-10 08:53:07.696 | [📘 INFO] 获取表结构 → database=hrm, table=hrm_user
2026-09-10 08:53:07.697 | [💾 SQL] 执行查询 → table=hrm_user 
  SQL: DESCRIBE `hrm`.`hrm_user`
2026-09-10 08:53:08.007 | [✅ SUCCESS] 获取表结构成功 → table=hrm_user, 字段数=42
2026-09-10 08:53:08.008 | [📊 DATA] 表结构数据 → table=hrm_user 
  DATA: [{'Field': 'id', 'Type': 'varchar(32)', 'Null': 'NO', 'Key': 'PRI', 'Default': nan, 'Extra': ''}, {'Field': 'username', 'Type': 'varchar(100)', 'Null': 'YES', 'Key': '', 'Default': nan, 'Extra': ''}, {'Field': 'realname', 'Type': 'varchar(100)', 'Null': 'YES', 'Key': '', 'Default': nan, 'Extra': ''}, {'Field': 'id_card_no', 'Type': 'varchar(255)', 'Null': 'YES', 'Key': '', 'Default': nan, 'Extra': ''}, {'Field': 'birthday', 'Type': 'datetime', 'Null': 'YES', 'Key': '', 'Default': nan, 'Extra': '...
2026-09-10 08:53:08.137 | [📘 INFO] 查询表数据 → database=hrm, table=hrm_user, limit=1000
2026-09-10 08:53:08.385 | [💾 SQL] 执行查询 → table=hrm_user 
  SQL: SELECT * FROM `hrm`.`hrm_user`  LIMIT 1000
2026-09-10 08:53:08.524 | [✅ SUCCESS] 查询数据成功 → table=hrm_user, 行数=1000
2026-09-10 08:53:08.530 | [📊 DATA] 查询结果样例 → table=hrm_user 
  DATA: [{'id': '100001', 'username': '13661007808', 'realname': '陈东董', 'id_card_no': '420104********1641', 'birthday': None, 'sex': 2, 'email': '646846025@qq.com', 'work_email': 'chenyaoping@whrhkj.com', 'wechat': nan, 'phone': '136****7808', 'org_code': '', 'work_no': '100001', 'post': 'POS1090', 'telephone': None, 'depart_ids': '600924', 'rel_tenant_ids': None, 'client_id': None, 'status': 1, 'probation_period': nan, 'probation_start_date': datetime.date(2002, 1, 22), 'probation_end_date': None, 'tur...
2026-09-10 08:53:08.576 | [📘 INFO] 已过滤 8 个全空列 → table=hrm_user, 剩余列数=34
2026-09-10 08:53:08.848 | [💾 SQL] 执行查询 → table=hrm_user 
  SQL: SELECT COUNT(*) FROM `hrm`.`hrm_user`
2026-09-10 08:53:08.873 | [✅ SUCCESS] 获取表总行数 → table=hrm_user, count=11359
2026-09-10 08:53:08.922 | [📘 INFO] 读取SQL文件 → path=sql\crm.sql
2026-09-10 08:53:08.923 | [✅ SUCCESS] 读取SQL文件成功 → size=5073 字符
2026-09-10 08:53:08.952 | [📘 INFO] 🚀 MySQL数据库连接工具启动 → 日志文件: E:\2fafacode\1Python\1renheutils-navigation\sql\mysql.log
2026-09-10 08:53:08.954 | [📘 INFO] 📁 日志目录 → SCRIPT_DIR=E:\2fafacode\1Python\1renheutils-navigation\sql
2026-09-10 08:53:16.010 | [📘 INFO] 读取SQL文件 → path=sql\crm.sql
2026-09-10 08:53:16.011 | [✅ SUCCESS] 读取SQL文件成功 → size=5073 字符
2026-09-10 08:53:16.036 | [📘 INFO] 🚀 MySQL数据库连接工具启动 → 日志文件: E:\2fafacode\1Python\1renheutils-navigation\sql\mysql.log
2026-09-10 08:53:16.037 | [📘 INFO] 📁 日志目录 → SCRIPT_DIR=E:\2fafacode\1Python\1renheutils-navigation\sql
2026-09-10 08:53:16.254 | [📘 INFO] 查询表数据 → database=hrm, table=hrm_user, limit=1000
2026-09-10 08:53:16.556 | [📘 INFO] 应用筛选条件 → conditions=["`realname` = '龚献娥'"]
2026-09-10 08:53:16.556 | [📊 DATA] 筛选参数 → filters={'realname': '龚献娥'} 
  DATA: {"realname": "龚献娥"}
2026-09-10 08:53:16.557 | [💾 SQL] 执行查询 → table=hrm_user 
  SQL: SELECT * FROM `hrm`.`hrm_user` WHERE `realname` = '龚献娥' LIMIT 1000
2026-09-10 08:53:16.599 | [✅ SUCCESS] 查询数据成功 → table=hrm_user, 行数=1
2026-09-10 08:53:16.604 | [📊 DATA] 查询结果样例 → table=hrm_user 
  DATA: [{'id': '100003', 'username': '15926329830', 'realname': '龚献娥', 'id_card_no': '421302********1720', 'birthday': None, 'sex': 2, 'email': '646846025@qq.com', 'work_email': 'chenyaoping@whrhkj.com', 'wechat': None, 'phone': '159****9830', 'org_code': '600029', 'work_no': '100003', 'post': 'POS1001', 'telephone': None, 'depart_ids': '600911', 'rel_tenant_ids': None, 'client_id': None, 'status': 1, 'probation_period': '3', 'probation_start_date': datetime.date(2007, 3, 5), 'probation_end_date': date...
2026-09-10 08:53:16.630 | [📘 INFO] 已过滤 13 个全空列 → table=hrm_user, 剩余列数=29
2026-09-10 08:53:16.928 | [💾 SQL] 执行查询 → table=hrm_user 
  SQL: SELECT COUNT(*) FROM `hrm`.`hrm_user` WHERE `realname` = '龚献娥'
2026-09-10 08:53:16.955 | [✅ SUCCESS] 获取表总行数 → table=hrm_user, count=1
2026-09-10 08:53:16.994 | [📘 INFO] 读取SQL文件 → path=sql\crm.sql
2026-09-10 08:53:16.996 | [✅ SUCCESS] 读取SQL文件成功 → size=5073 字符
2026-09-10 08:53:17.021 | [📘 INFO] 🚀 MySQL数据库连接工具启动 → 日志文件: E:\2fafacode\1Python\1renheutils-navigation\sql\mysql.log
2026-09-10 08:53:17.022 | [📘 INFO] 📁 日志目录 → SCRIPT_DIR=E:\2fafacode\1Python\1renheutils-navigation\sql
2026-09-10 09:00:06.980 | [📘 INFO] 读取SQL文件 → path=sql\crm.sql
2026-09-10 09:00:06.984 | [✅ SUCCESS] 读取SQL文件成功 → size=5073 字符
2026-09-10 09:00:07.015 | [📘 INFO] 🚀 MySQL数据库连接工具启动 → 日志文件: E:\2fafacode\1Python\1renheutils-navigation\sql\mysql.log
2026-09-10 09:00:07.016 | [📘 INFO] 测试连接 → host=47.116.211.247, port=3306, database=(default)
2026-09-10 09:00:07.284 | [✅ SUCCESS] 连接成功 → host=47.116.211.247, database=(default)
2026-09-10 09:00:07.306 | [📘 INFO] 获取数据库列表
2026-09-10 09:00:07.307 | [💾 SQL] 执行查询 → 获取数据库列表 
  SQL: SELECT SCHEMA_NAME FROM INFORMATION_SCHEMA.SCHEMATA
                 WHERE SCHEMA_NAME NOT IN ('information_schema','mysql','performance_schema','sys')
                 ORDER BY SCHEMA_NAME
2026-09-10 09:00:07.639 | [✅ SUCCESS] 获取到 6 个数据库 → databases=['camunda', 'form', 'hrm', 'hrm_20220725', 'hrm_temp', 'notice']
2026-09-10 09:00:07.640 | [📘 INFO] 获取表列表 → database=hrm
2026-09-10 09:00:07.640 | [💾 SQL] 执行查询 → database=hrm 
  SQL: SHOW TABLES FROM `hrm`
2026-09-10 09:00:07.981 | [✅ SUCCESS] 获取到 220 个表 → database=hrm, tables=['QRTZ_BLOB_TRIGGERS', 'QRTZ_CALENDARS', 'QRTZ_CRON_TRIGGERS', 'QRTZ_FIRED_TRIGGERS', 'QRTZ_JOB_DETAILS', 'QRTZ_LOCKS', 'QRTZ_PAUSED_TRIGGER_GRPS', 'QRTZ_SCHEDULER_STATE', 'QRTZ_SIMPLE_TRIGGERS', 'QRTZ_SIMPROP_TRIGGERS', 'QRTZ_TRIGGERS', 'ccuser_temp', 'ces_field_kongj', 'ces_order_customer', 'ces_order_goods', 'ces_order_main', 'ces_shop_goods', 'ces_shop_type', 'data_bind_permission', 'demo', 'demo_field_def_val_main', 'demo_field_def_val_sub', 'dic_city', 'find_file_temp', 'find_file_temp2', 'hrm_certificate', 'hrm_contract_subject', 'hrm_datalog', 'hrm_doc_transfer', 'hrm_email_link_token', 'hrm_email_offer_template', 'hrm_email_performance', 'hrm_email_user_offer_content', 'hrm_hrmanager', 'hrm_job_transfer', 'hrm_offer', 'hrm_payslip', 'hrm_payslip_import_field', 'hrm_performance_detail', 'hrm_performance_group', 'hrm_proof_of_approval', 'hrm_renewal_of_approval', 'hrm_resign_transfer', 'hrm_salary_combination', 'hrm_salary_detail_transfer', 'hrm_salary_group', 'hrm_salary_transfer', 'hrm_sys_position_grade', 'hrm_sys_position_level', 'hrm_sys_user_reset_log', 'hrm_third_party', 'hrm_training', 'hrm_user', 'hrm_user_20241016', 'hrm_user_20260630', 'hrm_user_bank', 'hrm_user_certificate', 'hrm_user_contract', 'hrm_user_doc', 'hrm_user_doc_bak', 'hrm_user_education', 'hrm_user_emergency_contact', 'hrm_user_emergency_contact_del', 'hrm_user_hire', 'hrm_user_log', 'hrm_user_payslip', 'hrm_user_performance', 'hrm_user_performance_detail', 'hrm_user_personal', 'hrm_user_post', 'hrm_user_punishment', 'hrm_user_reasons', 'hrm_user_reward', 'hrm_user_salary', 'hrm_user_salary_240807', 'hrm_user_salary_240814', 'hrm_user_salary_desc', 'hrm_user_social_relations', 'hrm_user_social_security_funds', 'hrm_user_training', 'hrm_user_training_signin', 'hrm_user_work_info', 'jeecg_monthly_growth_analysis', 'jeecg_order_customer', 'jeecg_order_main', 'jeecg_order_ticket', 'jeecg_project_nature_income', 'jimu_report', 'jimu_report_data_source', 'jimu_report_db', 'jimu_report_db_field', 'jimu_report_db_param', 'jimu_report_link', 'jimu_report_map', 'jimu_report_share', 'joa_demo', 'mock_interview_applicant_info', 'mock_interview_applicant_record', 'mock_interview_applicant_record_detail', 'mock_interview_config', 'mock_interview_paper', 'mock_interview_position', 'mock_interview_question', 'mock_interview_question_check_record', 'mock_interview_share', 'mock_interview_sub_question', 'onl_auth_data', 'onl_auth_page', 'onl_auth_relation', 'onl_cgform_button', 'onl_cgform_enhance_java', 'onl_cgform_enhance_js', 'onl_cgform_enhance_sql', 'onl_cgform_field', 'onl_cgform_head', 'onl_cgform_index', 'onl_cgreport_head', 'onl_cgreport_item', 'onl_cgreport_param', 'oss_file', 'rep_demo_dxtj', 'rep_demo_employee', 'rep_demo_gongsi', 'rep_demo_jianpiao', 'rpt_roster', 'rpt_userdata', 'rpt_userdata_20240228', 'rpt_userdata_20241016', 'rpt_userdata_20260630', 'salary_abnormal_performance_deduction', 'salary_calculate_progress', 'salary_calculate_step', 'salary_combination_info', 'salary_functional_detail', 'salary_functional_summary', 'salary_group_combination_info', 'salary_group_info', 'salary_income_tax_history', 'salary_lecturer_fee', 'salary_lecturer_summary', 'salary_salesperson_detail', 'salary_salesperson_summary', 'salary_year_end_bonus_history', 'sf_job', 'sys_announcement', 'sys_announcement_send', 'sys_category', 'sys_check_rule', 'sys_data_log', 'sys_data_source', 'sys_depart', 'sys_depart_20220721', 'sys_depart_20221118', 'sys_depart_20231010', 'sys_depart_bak', 'sys_depart_permission', 'sys_depart_role', 'sys_depart_role_permission', 'sys_depart_role_user', 'sys_depart_temp', 'sys_dict', 'sys_dict_item', 'sys_ethnic_group', 'sys_fill_rule', 'sys_gateway_route', 'sys_industry', 'sys_log', 'sys_permission', 'sys_permission_data_rule', 'sys_position', 'sys_quartz_job', 'sys_role', 'sys_role_permission', 'sys_sms', 'sys_sms_template', 'sys_tenant', 'sys_third_account', 'sys_user', 'sys_user_agent', 'sys_user_depart', 'sys_user_role', 'sys_user_role_bak', 't_employee_attendance_summary', 't_position_match', 't_wage_rates_config', 'temp1_position', 'temp_delete_dep', 'temp_lecturer_fee', 'temp_trans_data', 'temp_user_leader', 'temp_user_leader_back', 'test_demo', 'test_enhance_select', 'test_note', 'test_online_link', 'test_order_main', 'test_order_product', 'test_person', 'test_shoptype_tree', 'tmp_report_data_1', 'tmp_report_data_income', 'user_bank_info', 'user_certificate_info', 'user_contract_info', 'user_cust_position_info', 'user_education_info', 'user_emergency_contact_info', 'user_file_info', 'user_hire_info', 'user_personal_info', 'user_reward_info', 'user_salary_info', 'user_social_relations_info', 'user_social_security_funds_info', 'user_work_info', 'v1', 'workflow_role', 'workflow_type', 'workflow_user_role', 'xqqy_tmp']
2026-09-10 09:00:07.994 | [📘 INFO] 获取表结构 → database=hrm, table=QRTZ_BLOB_TRIGGERS
2026-09-10 09:00:07.994 | [💾 SQL] 执行查询 → table=QRTZ_BLOB_TRIGGERS 
  SQL: DESCRIBE `hrm`.`QRTZ_BLOB_TRIGGERS`
2026-09-10 09:00:08.325 | [✅ SUCCESS] 获取表结构成功 → table=QRTZ_BLOB_TRIGGERS, 字段数=4
2026-09-10 09:00:08.326 | [📊 DATA] 表结构数据 → table=QRTZ_BLOB_TRIGGERS 
  DATA: [{'Field': 'SCHED_NAME', 'Type': 'varchar(120)', 'Null': 'NO', 'Key': 'PRI', 'Default': None, 'Extra': ''}, {'Field': 'TRIGGER_NAME', 'Type': 'varchar(200)', 'Null': 'NO', 'Key': 'PRI', 'Default': None, 'Extra': ''}, {'Field': 'TRIGGER_GROUP', 'Type': 'varchar(200)', 'Null': 'NO', 'Key': 'PRI', 'Default': None, 'Extra': ''}, {'Field': 'BLOB_DATA', 'Type': 'blob', 'Null': 'YES', 'Key': '', 'Default': None, 'Extra': ''}]
2026-09-10 09:00:08.429 | [📘 INFO] 查询表数据 → database=hrm, table=QRTZ_BLOB_TRIGGERS, limit=1000
2026-09-10 09:00:08.696 | [💾 SQL] 执行查询 → table=QRTZ_BLOB_TRIGGERS 
  SQL: SELECT * FROM `hrm`.`QRTZ_BLOB_TRIGGERS`  LIMIT 1000
2026-09-10 09:00:08.741 | [✅ SUCCESS] 查询数据成功 → table=QRTZ_BLOB_TRIGGERS, 行数=0
2026-09-10 09:00:09.014 | [💾 SQL] 执行查询 → table=QRTZ_BLOB_TRIGGERS 
  SQL: SELECT COUNT(*) FROM `hrm`.`QRTZ_BLOB_TRIGGERS`
2026-09-10 09:00:09.061 | [✅ SUCCESS] 获取表总行数 → table=QRTZ_BLOB_TRIGGERS, count=0
2026-09-10 09:00:09.066 | [📘 INFO] 读取SQL文件 → path=sql\crm.sql
2026-09-10 09:00:09.067 | [✅ SUCCESS] 读取SQL文件成功 → size=5073 字符
2026-09-10 09:00:09.095 | [📘 INFO] 🚀 MySQL数据库连接工具启动 → 日志文件: E:\2fafacode\1Python\1renheutils-navigation\sql\mysql.log
2026-09-10 09:00:14.387 | [📘 INFO] 获取表结构 → database=hrm, table=hrm_user
2026-09-10 09:00:14.388 | [💾 SQL] 执行查询 → table=hrm_user 
  SQL: DESCRIBE `hrm`.`hrm_user`
2026-09-10 09:00:14.714 | [✅ SUCCESS] 获取表结构成功 → table=hrm_user, 字段数=42
2026-09-10 09:00:14.716 | [📊 DATA] 表结构数据 → table=hrm_user 
  DATA: [{'Field': 'id', 'Type': 'varchar(32)', 'Null': 'NO', 'Key': 'PRI', 'Default': nan, 'Extra': ''}, {'Field': 'username', 'Type': 'varchar(100)', 'Null': 'YES', 'Key': '', 'Default': nan, 'Extra': ''}, {'Field': 'realname', 'Type': 'varchar(100)', 'Null': 'YES', 'Key': '', 'Default': nan, 'Extra': ''}, {'Field': 'id_card_no', 'Type': 'varchar(255)', 'Null': 'YES', 'Key': '', 'Default': nan, 'Extra': ''}, {'Field': 'birthday', 'Type': 'datetime', 'Null': 'YES', 'Key': '', 'Default': nan, 'Extra': '
2026-09-10 09:00:14.828 | [📘 INFO] 查询表数据 → database=hrm, table=hrm_user, limit=1000
2026-09-10 09:00:15.090 | [💾 SQL] 执行查询 → table=hrm_user 
  SQL: SELECT * FROM `hrm`.`hrm_user`  LIMIT 1000
2026-09-10 09:00:15.273 | [✅ SUCCESS] 查询数据成功 → table=hrm_user, 行数=1000
2026-09-10 09:00:15.278 | [📊 DATA] 查询结果样例 → table=hrm_user 
  DATA: [{'id': '100001', 'username': '13661007808', 'realname': '陈东董', 'id_card_no': '420104********1641', 'birthday': None, 'sex': 2, 'email': '646846025@qq.com', 'work_email': 'chenyaoping@whrhkj.com', 'wechat': nan, 'phone': '136****7808', 'org_code': '', 'work_no': '100001', 'post': 'POS1090', 'telephone': None, 'depart_ids': '600924', 'rel_tenant_ids': None, 'client_id': None, 'status': 1, 'probation_period': nan, 'probation_start_date': datetime.date(2002, 1, 22), 'probation_end_date': None, 'tur
2026-09-10 09:00:15.622 | [💾 SQL] 执行查询 → table=hrm_user 
  SQL: SELECT COUNT(*) FROM `hrm`.`hrm_user`
2026-09-10 09:00:15.674 | [✅ SUCCESS] 获取表总行数 → table=hrm_user, count=11359
2026-09-10 09:00:15.699 | [📘 INFO] 读取SQL文件 → path=sql\crm.sql
2026-09-10 09:00:15.700 | [✅ SUCCESS] 读取SQL文件成功 → size=5073 字符
2026-09-10 09:00:15.725 | [📘 INFO] 🚀 MySQL数据库连接工具启动 → 日志文件: E:\2fafacode\1Python\1renheutils-navigation\sql\mysql.log
2026-09-10 09:00:22.229 | [📘 INFO] 读取SQL文件 → path=sql\crm.sql
2026-09-10 09:00:22.231 | [✅ SUCCESS] 读取SQL文件成功 → size=5073 字符
2026-09-10 09:00:22.262 | [📘 INFO] 🚀 MySQL数据库连接工具启动 → 日志文件: E:\2fafacode\1Python\1renheutils-navigation\sql\mysql.log
2026-09-10 09:00:26.030 | [📘 INFO] 读取SQL文件 → path=sql\crm.sql
2026-09-10 09:00:26.031 | [✅ SUCCESS] 读取SQL文件成功 → size=5073 字符
2026-09-10 09:00:26.057 | [📘 INFO] 🚀 MySQL数据库连接工具启动 → 日志文件: E:\2fafacode\1Python\1renheutils-navigation\sql\mysql.log
2026-09-10 09:00:28.450 | [📘 INFO] 读取SQL文件 → path=sql\crm.sql
2026-09-10 09:00:28.451 | [✅ SUCCESS] 读取SQL文件成功 → size=5073 字符
2026-09-10 09:00:28.475 | [📘 INFO] 🚀 MySQL数据库连接工具启动 → 日志文件: E:\2fafacode\1Python\1renheutils-navigation\sql\mysql.log
2026-09-10 09:00:28.688 | [📘 INFO] 查询表数据 → database=hrm, table=hrm_user, limit=1000
2026-09-10 09:00:28.961 | [📘 INFO] 应用筛选条件 → WHERE `realname` = '龚献娥'
2026-09-10 09:00:28.962 | [💾 SQL] 执行查询 → table=hrm_user 
  SQL: SELECT * FROM `hrm`.`hrm_user` WHERE `realname` = '龚献娥' LIMIT 1000
2026-09-10 09:00:29.026 | [✅ SUCCESS] 查询数据成功 → table=hrm_user, 行数=1
2026-09-10 09:00:29.030 | [📊 DATA] 查询结果样例 → table=hrm_user 
  DATA: [{'id': '100003', 'username': '15926329830', 'realname': '龚献娥', 'id_card_no': '421302********1720', 'birthday': None, 'sex': 2, 'email': '646846025@qq.com', 'work_email': 'chenyaoping@whrhkj.com', 'wechat': None, 'phone': '159****9830', 'org_code': '600029', 'work_no': '100003', 'post': 'POS1001', 'telephone': None, 'depart_ids': '600911', 'rel_tenant_ids': None, 'client_id': None, 'status': 1, 'probation_period': '3', 'probation_start_date': datetime.date(2007, 3, 5), 'probation_end_date': date
2026-09-10 09:00:29.352 | [💾 SQL] 执行查询 → table=hrm_user 
  SQL: SELECT COUNT(*) FROM `hrm`.`hrm_user` WHERE `realname` = '龚献娥'
2026-09-10 09:00:29.406 | [✅ SUCCESS] 获取表总行数 → table=hrm_user, count=1
2026-09-10 09:00:29.426 | [📘 INFO] 读取SQL文件 → path=sql\crm.sql
2026-09-10 09:00:29.428 | [✅ SUCCESS] 读取SQL文件成功 → size=5073 字符
2026-09-10 09:00:29.455 | [📘 INFO] 🚀 MySQL数据库连接工具启动 → 日志文件: E:\2fafacode\1Python\1renheutils-navigation\sql\mysql.log
2026-09-10 09:04:35.240 | [📘 INFO] 读取SQL文件 → path=sql\crm.sql
2026-09-10 09:04:35.244 | [✅ SUCCESS] 读取SQL文件成功 → size=5073 字符
2026-09-10 09:04:35.255 | [📘 INFO] 🚀 MySQL数据库连接工具启动 → 日志文件: E:\2fafacode\1Python\1renheutils-navigation\sql\mysql.log
2026-09-10 09:04:35.256 | [📘 INFO] 测试连接 → host=47.116.211.247, port=3306, database=(default)
2026-09-10 09:04:35.595 | [✅ SUCCESS] 连接成功 → host=47.116.211.247, database=(default)
2026-09-10 09:04:35.625 | [📘 INFO] 获取数据库列表
2026-09-10 09:04:35.625 | [💾 SQL] 执行查询 → 获取数据库列表 
  SQL: SELECT SCHEMA_NAME FROM INFORMATION_SCHEMA.SCHEMATA
                 WHERE SCHEMA_NAME NOT IN ('information_schema','mysql','performance_schema','sys')
                 ORDER BY SCHEMA_NAME
2026-09-10 09:04:35.996 | [✅ SUCCESS] 获取到 6 个数据库 → databases=['camunda', 'form', 'hrm', 'hrm_20220725', 'hrm_temp', 'notice']
2026-09-10 09:04:35.997 | [📘 INFO] 获取表列表 → database=hrm
2026-09-10 09:04:35.998 | [💾 SQL] 执行查询 → database=hrm 
  SQL: SHOW TABLES FROM `hrm`
2026-09-10 09:04:36.368 | [✅ SUCCESS] 获取到 220 个表 → database=hrm, tables=['QRTZ_BLOB_TRIGGERS', 'QRTZ_CALENDARS', 'QRTZ_CRON_TRIGGERS', 'QRTZ_FIRED_TRIGGERS', 'QRTZ_JOB_DETAILS', 'QRTZ_LOCKS', 'QRTZ_PAUSED_TRIGGER_GRPS', 'QRTZ_SCHEDULER_STATE', 'QRTZ_SIMPLE_TRIGGERS', 'QRTZ_SIMPROP_TRIGGERS', 'QRTZ_TRIGGERS', 'ccuser_temp', 'ces_field_kongj', 'ces_order_customer', 'ces_order_goods', 'ces_order_main', 'ces_shop_goods', 'ces_shop_type', 'data_bind_permission', 'demo', 'demo_field_def_val_main', 'demo_field_def_val_sub', 'dic_city', 'find_file_temp', 'find_file_temp2', 'hrm_certificate', 'hrm_contract_subject', 'hrm_datalog', 'hrm_doc_transfer', 'hrm_email_link_token', 'hrm_email_offer_template', 'hrm_email_performance', 'hrm_email_user_offer_content', 'hrm_hrmanager', 'hrm_job_transfer', 'hrm_offer', 'hrm_payslip', 'hrm_payslip_import_field', 'hrm_performance_detail', 'hrm_performance_group', 'hrm_proof_of_approval', 'hrm_renewal_of_approval', 'hrm_resign_transfer', 'hrm_salary_combination', 'hrm_salary_detail_transfer', 'hrm_salary_group', 'hrm_salary_transfer', 'hrm_sys_position_grade', 'hrm_sys_position_level', 'hrm_sys_user_reset_log', 'hrm_third_party', 'hrm_training', 'hrm_user', 'hrm_user_20241016', 'hrm_user_20260630', 'hrm_user_bank', 'hrm_user_certificate', 'hrm_user_contract', 'hrm_user_doc', 'hrm_user_doc_bak', 'hrm_user_education', 'hrm_user_emergency_contact', 'hrm_user_emergency_contact_del', 'hrm_user_hire', 'hrm_user_log', 'hrm_user_payslip', 'hrm_user_performance', 'hrm_user_performance_detail', 'hrm_user_personal', 'hrm_user_post', 'hrm_user_punishment', 'hrm_user_reasons', 'hrm_user_reward', 'hrm_user_salary', 'hrm_user_salary_240807', 'hrm_user_salary_240814', 'hrm_user_salary_desc', 'hrm_user_social_relations', 'hrm_user_social_security_funds', 'hrm_user_training', 'hrm_user_training_signin', 'hrm_user_work_info', 'jeecg_monthly_growth_analysis', 'jeecg_order_customer', 'jeecg_order_main', 'jeecg_order_ticket', 'jeecg_project_nature_income', 'jimu_report', 'jimu_report_data_source', 'jimu_report_db', 'jimu_report_db_field', 'jimu_report_db_param', 'jimu_report_link', 'jimu_report_map', 'jimu_report_share', 'joa_demo', 'mock_interview_applicant_info', 'mock_interview_applicant_record', 'mock_interview_applicant_record_detail', 'mock_interview_config', 'mock_interview_paper', 'mock_interview_position', 'mock_interview_question', 'mock_interview_question_check_record', 'mock_interview_share', 'mock_interview_sub_question', 'onl_auth_data', 'onl_auth_page', 'onl_auth_relation', 'onl_cgform_button', 'onl_cgform_enhance_java', 'onl_cgform_enhance_js', 'onl_cgform_enhance_sql', 'onl_cgform_field', 'onl_cgform_head', 'onl_cgform_index', 'onl_cgreport_head', 'onl_cgreport_item', 'onl_cgreport_param', 'oss_file', 'rep_demo_dxtj', 'rep_demo_employee', 'rep_demo_gongsi', 'rep_demo_jianpiao', 'rpt_roster', 'rpt_userdata', 'rpt_userdata_20240228', 'rpt_userdata_20241016', 'rpt_userdata_20260630', 'salary_abnormal_performance_deduction', 'salary_calculate_progress', 'salary_calculate_step', 'salary_combination_info', 'salary_functional_detail', 'salary_functional_summary', 'salary_group_combination_info', 'salary_group_info', 'salary_income_tax_history', 'salary_lecturer_fee', 'salary_lecturer_summary', 'salary_salesperson_detail', 'salary_salesperson_summary', 'salary_year_end_bonus_history', 'sf_job', 'sys_announcement', 'sys_announcement_send', 'sys_category', 'sys_check_rule', 'sys_data_log', 'sys_data_source', 'sys_depart', 'sys_depart_20220721', 'sys_depart_20221118', 'sys_depart_20231010', 'sys_depart_bak', 'sys_depart_permission', 'sys_depart_role', 'sys_depart_role_permission', 'sys_depart_role_user', 'sys_depart_temp', 'sys_dict', 'sys_dict_item', 'sys_ethnic_group', 'sys_fill_rule', 'sys_gateway_route', 'sys_industry', 'sys_log', 'sys_permission', 'sys_permission_data_rule', 'sys_position', 'sys_quartz_job', 'sys_role', 'sys_role_permission', 'sys_sms', 'sys_sms_template', 'sys_tenant', 'sys_third_account', 'sys_user', 'sys_user_agent', 'sys_user_depart', 'sys_user_role', 'sys_user_role_bak', 't_employee_attendance_summary', 't_position_match', 't_wage_rates_config', 'temp1_position', 'temp_delete_dep', 'temp_lecturer_fee', 'temp_trans_data', 'temp_user_leader', 'temp_user_leader_back', 'test_demo', 'test_enhance_select', 'test_note', 'test_online_link', 'test_order_main', 'test_order_product', 'test_person', 'test_shoptype_tree', 'tmp_report_data_1', 'tmp_report_data_income', 'user_bank_info', 'user_certificate_info', 'user_contract_info', 'user_cust_position_info', 'user_education_info', 'user_emergency_contact_info', 'user_file_info', 'user_hire_info', 'user_personal_info', 'user_reward_info', 'user_salary_info', 'user_social_relations_info', 'user_social_security_funds_info', 'user_work_info', 'v1', 'workflow_role', 'workflow_type', 'workflow_user_role', 'xqqy_tmp']
2026-09-10 09:04:36.369 | [📘 INFO] 获取表结构 → database=hrm, table=QRTZ_BLOB_TRIGGERS
2026-09-10 09:04:36.370 | [💾 SQL] 执行查询 → table=QRTZ_BLOB_TRIGGERS 
  SQL: DESCRIBE `hrm`.`QRTZ_BLOB_TRIGGERS`
2026-09-10 09:04:36.780 | [✅ SUCCESS] 获取表结构成功 → table=QRTZ_BLOB_TRIGGERS, 字段数=4
2026-09-10 09:04:36.782 | [📊 DATA] 表结构数据 → table=QRTZ_BLOB_TRIGGERS 
  DATA: [{'Field': 'SCHED_NAME', 'Type': 'varchar(120)', 'Null': 'NO', 'Key': 'PRI', 'Default': None, 'Extra': ''}, {'Field': 'TRIGGER_NAME', 'Type': 'varchar(200)', 'Null': 'NO', 'Key': 'PRI', 'Default': None, 'Extra': ''}, {'Field': 'TRIGGER_GROUP', 'Type': 'varchar(200)', 'Null': 'NO', 'Key': 'PRI', 'Default': None, 'Extra': ''}, {'Field': 'BLOB_DATA', 'Type': 'blob', 'Null': 'YES', 'Key': '', 'Default': None, 'Extra': ''}]
2026-09-10 09:04:36.881 | [📘 INFO] 查询表数据 → database=hrm, table=QRTZ_BLOB_TRIGGERS, limit=1000
2026-09-10 09:04:37.141 | [💾 SQL] 执行查询 → table=QRTZ_BLOB_TRIGGERS 
  SQL: SELECT * FROM `hrm`.`QRTZ_BLOB_TRIGGERS`  LIMIT 1000
2026-09-10 09:04:37.187 | [✅ SUCCESS] 查询数据成功 → table=QRTZ_BLOB_TRIGGERS, 行数=0
2026-09-10 09:04:37.467 | [💾 SQL] 执行查询 → table=QRTZ_BLOB_TRIGGERS 
  SQL: SELECT COUNT(*) FROM `hrm`.`QRTZ_BLOB_TRIGGERS`
2026-09-10 09:04:37.512 | [✅ SUCCESS] 获取表总行数 → table=QRTZ_BLOB_TRIGGERS, count=0
2026-09-10 09:04:37.517 | [📘 INFO] 读取SQL文件 → path=sql\crm.sql
2026-09-10 09:04:37.519 | [✅ SUCCESS] 读取SQL文件成功 → size=5073 字符
2026-09-10 09:04:37.525 | [📘 INFO] 🚀 MySQL数据库连接工具启动 → 日志文件: E:\2fafacode\1Python\1renheutils-navigation\sql\mysql.log
2026-09-10 09:04:45.498 | [📘 INFO] 获取表结构 → database=hrm, table=hrm_user
2026-09-10 09:04:45.499 | [💾 SQL] 执行查询 → table=hrm_user 
  SQL: DESCRIBE `hrm`.`hrm_user`
2026-09-10 09:04:45.789 | [✅ SUCCESS] 获取表结构成功 → table=hrm_user, 字段数=42
2026-09-10 09:04:45.792 | [📊 DATA] 表结构数据 → table=hrm_user 
  DATA: [{'Field': 'id', 'Type': 'varchar(32)', 'Null': 'NO', 'Key': 'PRI', 'Default': nan, 'Extra': ''}, {'Field': 'username', 'Type': 'varchar(100)', 'Null': 'YES', 'Key': '', 'Default': nan, 'Extra': ''}, {'Field': 'realname', 'Type': 'varchar(100)', 'Null': 'YES', 'Key': '', 'Default': nan, 'Extra': ''}, {'Field': 'id_card_no', 'Type': 'varchar(255)', 'Null': 'YES', 'Key': '', 'Default': nan, 'Extra': ''}, {'Field': 'birthday', 'Type': 'datetime', 'Null': 'YES', 'Key': '', 'Default': nan, 'Extra': '
2026-09-10 09:04:45.899 | [📘 INFO] 查询表数据 → database=hrm, table=hrm_user, limit=1000
2026-09-10 09:04:46.221 | [💾 SQL] 执行查询 → table=hrm_user 
  SQL: SELECT * FROM `hrm`.`hrm_user`  LIMIT 1000
2026-09-10 09:04:46.455 | [✅ SUCCESS] 查询数据成功 → table=hrm_user, 行数=1000
2026-09-10 09:04:46.460 | [📊 DATA] 查询结果样例 → table=hrm_user 
  DATA: [{'id': '100001', 'username': '13661007808', 'realname': '陈东董', 'id_card_no': '420104********1641', 'birthday': None, 'sex': 2, 'email': '646846025@qq.com', 'work_email': 'chenyaoping@whrhkj.com', 'wechat': nan, 'phone': '136****7808', 'org_code': '', 'work_no': '100001', 'post': 'POS1090', 'telephone': None, 'depart_ids': '600924', 'rel_tenant_ids': None, 'client_id': None, 'status': 1, 'probation_period': nan, 'probation_start_date': datetime.date(2002, 1, 22), 'probation_end_date': None, 'tur
2026-09-10 09:04:46.797 | [💾 SQL] 执行查询 → table=hrm_user 
  SQL: SELECT COUNT(*) FROM `hrm`.`hrm_user`
2026-09-10 09:04:46.853 | [✅ SUCCESS] 获取表总行数 → table=hrm_user, count=11359
2026-09-10 09:04:46.880 | [📘 INFO] 读取SQL文件 → path=sql\crm.sql
2026-09-10 09:04:46.882 | [✅ SUCCESS] 读取SQL文件成功 → size=5073 字符
2026-09-10 09:04:46.889 | [📘 INFO] 🚀 MySQL数据库连接工具启动 → 日志文件: E:\2fafacode\1Python\1renheutils-navigation\sql\mysql.log
2026-09-10 09:05:59.282 | [📘 INFO] 读取SQL文件 → path=sql\crm.sql
2026-09-10 09:05:59.284 | [✅ SUCCESS] 读取SQL文件成功 → size=5073 字符
2026-09-10 09:05:59.290 | [📘 INFO] 🚀 MySQL数据库连接工具启动 → 日志文件: E:\2fafacode\1Python\1renheutils-navigation\sql\mysql.log
2026-09-10 09:05:59.291 | [📘 INFO] 测试连接 → host=47.116.211.247, port=3306, database=(default)
2026-09-10 09:05:59.593 | [✅ SUCCESS] 连接成功 → host=47.116.211.247, database=(default)
2026-09-10 09:05:59.617 | [📘 INFO] 获取数据库列表
2026-09-10 09:05:59.617 | [💾 SQL] 执行查询 → 获取数据库列表 
  SQL: SELECT SCHEMA_NAME FROM INFORMATION_SCHEMA.SCHEMATA
                 WHERE SCHEMA_NAME NOT IN ('information_schema','mysql','performance_schema','sys')
                 ORDER BY SCHEMA_NAME
2026-09-10 09:05:59.950 | [✅ SUCCESS] 获取到 6 个数据库 → databases=['camunda', 'form', 'hrm', 'hrm_20220725', 'hrm_temp', 'notice']
2026-09-10 09:05:59.950 | [📘 INFO] 获取表列表 → database=hrm
2026-09-10 09:05:59.951 | [💾 SQL] 执行查询 → database=hrm 
  SQL: SHOW TABLES FROM `hrm`
2026-09-10 09:06:00.276 | [✅ SUCCESS] 获取到 220 个表 → database=hrm, tables=['QRTZ_BLOB_TRIGGERS', 'QRTZ_CALENDARS', 'QRTZ_CRON_TRIGGERS', 'QRTZ_FIRED_TRIGGERS', 'QRTZ_JOB_DETAILS', 'QRTZ_LOCKS', 'QRTZ_PAUSED_TRIGGER_GRPS', 'QRTZ_SCHEDULER_STATE', 'QRTZ_SIMPLE_TRIGGERS', 'QRTZ_SIMPROP_TRIGGERS', 'QRTZ_TRIGGERS', 'ccuser_temp', 'ces_field_kongj', 'ces_order_customer', 'ces_order_goods', 'ces_order_main', 'ces_shop_goods', 'ces_shop_type', 'data_bind_permission', 'demo', 'demo_field_def_val_main', 'demo_field_def_val_sub', 'dic_city', 'find_file_temp', 'find_file_temp2', 'hrm_certificate', 'hrm_contract_subject', 'hrm_datalog', 'hrm_doc_transfer', 'hrm_email_link_token', 'hrm_email_offer_template', 'hrm_email_performance', 'hrm_email_user_offer_content', 'hrm_hrmanager', 'hrm_job_transfer', 'hrm_offer', 'hrm_payslip', 'hrm_payslip_import_field', 'hrm_performance_detail', 'hrm_performance_group', 'hrm_proof_of_approval', 'hrm_renewal_of_approval', 'hrm_resign_transfer', 'hrm_salary_combination', 'hrm_salary_detail_transfer', 'hrm_salary_group', 'hrm_salary_transfer', 'hrm_sys_position_grade', 'hrm_sys_position_level', 'hrm_sys_user_reset_log', 'hrm_third_party', 'hrm_training', 'hrm_user', 'hrm_user_20241016', 'hrm_user_20260630', 'hrm_user_bank', 'hrm_user_certificate', 'hrm_user_contract', 'hrm_user_doc', 'hrm_user_doc_bak', 'hrm_user_education', 'hrm_user_emergency_contact', 'hrm_user_emergency_contact_del', 'hrm_user_hire', 'hrm_user_log', 'hrm_user_payslip', 'hrm_user_performance', 'hrm_user_performance_detail', 'hrm_user_personal', 'hrm_user_post', 'hrm_user_punishment', 'hrm_user_reasons', 'hrm_user_reward', 'hrm_user_salary', 'hrm_user_salary_240807', 'hrm_user_salary_240814', 'hrm_user_salary_desc', 'hrm_user_social_relations', 'hrm_user_social_security_funds', 'hrm_user_training', 'hrm_user_training_signin', 'hrm_user_work_info', 'jeecg_monthly_growth_analysis', 'jeecg_order_customer', 'jeecg_order_main', 'jeecg_order_ticket', 'jeecg_project_nature_income', 'jimu_report', 'jimu_report_data_source', 'jimu_report_db', 'jimu_report_db_field', 'jimu_report_db_param', 'jimu_report_link', 'jimu_report_map', 'jimu_report_share', 'joa_demo', 'mock_interview_applicant_info', 'mock_interview_applicant_record', 'mock_interview_applicant_record_detail', 'mock_interview_config', 'mock_interview_paper', 'mock_interview_position', 'mock_interview_question', 'mock_interview_question_check_record', 'mock_interview_share', 'mock_interview_sub_question', 'onl_auth_data', 'onl_auth_page', 'onl_auth_relation', 'onl_cgform_button', 'onl_cgform_enhance_java', 'onl_cgform_enhance_js', 'onl_cgform_enhance_sql', 'onl_cgform_field', 'onl_cgform_head', 'onl_cgform_index', 'onl_cgreport_head', 'onl_cgreport_item', 'onl_cgreport_param', 'oss_file', 'rep_demo_dxtj', 'rep_demo_employee', 'rep_demo_gongsi', 'rep_demo_jianpiao', 'rpt_roster', 'rpt_userdata', 'rpt_userdata_20240228', 'rpt_userdata_20241016', 'rpt_userdata_20260630', 'salary_abnormal_performance_deduction', 'salary_calculate_progress', 'salary_calculate_step', 'salary_combination_info', 'salary_functional_detail', 'salary_functional_summary', 'salary_group_combination_info', 'salary_group_info', 'salary_income_tax_history', 'salary_lecturer_fee', 'salary_lecturer_summary', 'salary_salesperson_detail', 'salary_salesperson_summary', 'salary_year_end_bonus_history', 'sf_job', 'sys_announcement', 'sys_announcement_send', 'sys_category', 'sys_check_rule', 'sys_data_log', 'sys_data_source', 'sys_depart', 'sys_depart_20220721', 'sys_depart_20221118', 'sys_depart_20231010', 'sys_depart_bak', 'sys_depart_permission', 'sys_depart_role', 'sys_depart_role_permission', 'sys_depart_role_user', 'sys_depart_temp', 'sys_dict', 'sys_dict_item', 'sys_ethnic_group', 'sys_fill_rule', 'sys_gateway_route', 'sys_industry', 'sys_log', 'sys_permission', 'sys_permission_data_rule', 'sys_position', 'sys_quartz_job', 'sys_role', 'sys_role_permission', 'sys_sms', 'sys_sms_template', 'sys_tenant', 'sys_third_account', 'sys_user', 'sys_user_agent', 'sys_user_depart', 'sys_user_role', 'sys_user_role_bak', 't_employee_attendance_summary', 't_position_match', 't_wage_rates_config', 'temp1_position', 'temp_delete_dep', 'temp_lecturer_fee', 'temp_trans_data', 'temp_user_leader', 'temp_user_leader_back', 'test_demo', 'test_enhance_select', 'test_note', 'test_online_link', 'test_order_main', 'test_order_product', 'test_person', 'test_shoptype_tree', 'tmp_report_data_1', 'tmp_report_data_income', 'user_bank_info', 'user_certificate_info', 'user_contract_info', 'user_cust_position_info', 'user_education_info', 'user_emergency_contact_info', 'user_file_info', 'user_hire_info', 'user_personal_info', 'user_reward_info', 'user_salary_info', 'user_social_relations_info', 'user_social_security_funds_info', 'user_work_info', 'v1', 'workflow_role', 'workflow_type', 'workflow_user_role', 'xqqy_tmp']
2026-09-10 09:06:00.276 | [📘 INFO] 获取表结构 → database=hrm, table=QRTZ_BLOB_TRIGGERS
2026-09-10 09:06:00.277 | [💾 SQL] 执行查询 → table=QRTZ_BLOB_TRIGGERS 
  SQL: DESCRIBE `hrm`.`QRTZ_BLOB_TRIGGERS`
2026-09-10 09:06:00.588 | [✅ SUCCESS] 获取表结构成功 → table=QRTZ_BLOB_TRIGGERS, 字段数=4
2026-09-10 09:06:00.589 | [📊 DATA] 表结构数据 → table=QRTZ_BLOB_TRIGGERS 
  DATA: [{'Field': 'SCHED_NAME', 'Type': 'varchar(120)', 'Null': 'NO', 'Key': 'PRI', 'Default': None, 'Extra': ''}, {'Field': 'TRIGGER_NAME', 'Type': 'varchar(200)', 'Null': 'NO', 'Key': 'PRI', 'Default': None, 'Extra': ''}, {'Field': 'TRIGGER_GROUP', 'Type': 'varchar(200)', 'Null': 'NO', 'Key': 'PRI', 'Default': None, 'Extra': ''}, {'Field': 'BLOB_DATA', 'Type': 'blob', 'Null': 'YES', 'Key': '', 'Default': None, 'Extra': ''}]
2026-09-10 09:06:00.675 | [📘 INFO] 查询表数据 → database=hrm, table=QRTZ_BLOB_TRIGGERS, limit=1000
2026-09-10 09:06:00.922 | [💾 SQL] 执行查询 → table=QRTZ_BLOB_TRIGGERS 
  SQL: SELECT * FROM `hrm`.`QRTZ_BLOB_TRIGGERS`  LIMIT 1000
2026-09-10 09:06:00.965 | [✅ SUCCESS] 查询数据成功 → table=QRTZ_BLOB_TRIGGERS, 行数=0
2026-09-10 09:06:01.272 | [💾 SQL] 执行查询 → table=QRTZ_BLOB_TRIGGERS 
  SQL: SELECT COUNT(*) FROM `hrm`.`QRTZ_BLOB_TRIGGERS`
2026-09-10 09:06:01.322 | [✅ SUCCESS] 获取表总行数 → table=QRTZ_BLOB_TRIGGERS, count=0
2026-09-10 09:06:01.327 | [📘 INFO] 读取SQL文件 → path=sql\crm.sql
2026-09-10 09:06:01.328 | [✅ SUCCESS] 读取SQL文件成功 → size=5073 字符
2026-09-10 09:06:01.337 | [📘 INFO] 🚀 MySQL数据库连接工具启动 → 日志文件: E:\2fafacode\1Python\1renheutils-navigation\sql\mysql.log
2026-09-10 09:06:09.342 | [📘 INFO] 获取表结构 → database=hrm, table=hrm_user
2026-09-10 09:06:09.343 | [💾 SQL] 执行查询 → table=hrm_user 
  SQL: DESCRIBE `hrm`.`hrm_user`
2026-09-10 09:06:09.673 | [✅ SUCCESS] 获取表结构成功 → table=hrm_user, 字段数=42
2026-09-10 09:06:09.674 | [📊 DATA] 表结构数据 → table=hrm_user 
  DATA: [{'Field': 'id', 'Type': 'varchar(32)', 'Null': 'NO', 'Key': 'PRI', 'Default': nan, 'Extra': ''}, {'Field': 'username', 'Type': 'varchar(100)', 'Null': 'YES', 'Key': '', 'Default': nan, 'Extra': ''}, {'Field': 'realname', 'Type': 'varchar(100)', 'Null': 'YES', 'Key': '', 'Default': nan, 'Extra': ''}, {'Field': 'id_card_no', 'Type': 'varchar(255)', 'Null': 'YES', 'Key': '', 'Default': nan, 'Extra': ''}, {'Field': 'birthday', 'Type': 'datetime', 'Null': 'YES', 'Key': '', 'Default': nan, 'Extra': '
2026-09-10 09:06:09.789 | [📘 INFO] 查询表数据 → database=hrm, table=hrm_user, limit=1000
2026-09-10 09:06:10.035 | [💾 SQL] 执行查询 → table=hrm_user 
  SQL: SELECT * FROM `hrm`.`hrm_user`  LIMIT 1000
2026-09-10 09:06:10.226 | [✅ SUCCESS] 查询数据成功 → table=hrm_user, 行数=1000
2026-09-10 09:06:10.230 | [📊 DATA] 查询结果样例 → table=hrm_user 
  DATA: [{'id': '100001', 'username': '13661007808', 'realname': '陈东董', 'id_card_no': '420104********1641', 'birthday': None, 'sex': 2, 'email': '646846025@qq.com', 'work_email': 'chenyaoping@whrhkj.com', 'wechat': nan, 'phone': '136****7808', 'org_code': '', 'work_no': '100001', 'post': 'POS1090', 'telephone': None, 'depart_ids': '600924', 'rel_tenant_ids': None, 'client_id': None, 'status': 1, 'probation_period': nan, 'probation_start_date': datetime.date(2002, 1, 22), 'probation_end_date': None, 'tur
2026-09-10 09:06:10.534 | [💾 SQL] 执行查询 → table=hrm_user 
  SQL: SELECT COUNT(*) FROM `hrm`.`hrm_user`
2026-09-10 09:06:10.583 | [✅ SUCCESS] 获取表总行数 → table=hrm_user, count=11359
2026-09-10 09:06:10.610 | [📘 INFO] 读取SQL文件 → path=sql\crm.sql
2026-09-10 09:06:10.611 | [✅ SUCCESS] 读取SQL文件成功 → size=5073 字符
2026-09-10 09:06:10.618 | [📘 INFO] 🚀 MySQL数据库连接工具启动 → 日志文件: E:\2fafacode\1Python\1renheutils-navigation\sql\mysql.log
2026-09-10 09:06:33.542 | [📘 INFO] 读取SQL文件 → path=sql\crm.sql
2026-09-10 09:06:33.544 | [✅ SUCCESS] 读取SQL文件成功 → size=5073 字符
2026-09-10 09:06:33.550 | [📘 INFO] 🚀 MySQL数据库连接工具启动 → 日志文件: E:\2fafacode\1Python\1renheutils-navigation\sql\mysql.log
2026-09-10 09:06:35.370 | [📘 INFO] 读取SQL文件 → path=sql\crm.sql
2026-09-10 09:06:35.372 | [✅ SUCCESS] 读取SQL文件成功 → size=5073 字符
2026-09-10 09:06:35.378 | [📘 INFO] 🚀 MySQL数据库连接工具启动 → 日志文件: E:\2fafacode\1Python\1renheutils-navigation\sql\mysql.log
2026-09-10 09:06:37.559 | [📘 INFO] 读取SQL文件 → path=sql\crm.sql
2026-09-10 09:06:37.561 | [✅ SUCCESS] 读取SQL文件成功 → size=5073 字符
2026-09-10 09:06:37.569 | [📘 INFO] 🚀 MySQL数据库连接工具启动 → 日志文件: E:\2fafacode\1Python\1renheutils-navigation\sql\mysql.log
2026-09-10 09:06:39.353 | [📘 INFO] 读取SQL文件 → path=sql\crm.sql
2026-09-10 09:06:39.354 | [✅ SUCCESS] 读取SQL文件成功 → size=5073 字符
2026-09-10 09:06:39.357 | [📘 INFO] 🚀 MySQL数据库连接工具启动 → 日志文件: E:\2fafacode\1Python\1renheutils-navigation\sql\mysql.log
2026-09-10 09:06:42.311 | [📘 INFO] 读取SQL文件 → path=sql\crm.sql
2026-09-10 09:06:42.312 | [✅ SUCCESS] 读取SQL文件成功 → size=5073 字符
2026-09-10 09:06:42.320 | [📘 INFO] 🚀 MySQL数据库连接工具启动 → 日志文件: E:\2fafacode\1Python\1renheutils-navigation\sql\mysql.log
2026-09-10 09:09:28.010 | [📘 INFO] 读取SQL文件 → path=sql\crm.sql
2026-09-10 09:09:28.013 | [✅ SUCCESS] 读取SQL文件成功 → size=5073 字符
2026-09-10 09:09:28.020 | [📘 INFO] 🚀 MySQL数据库连接工具启动 → 日志文件: E:\2fafacode\1Python\1renheutils-navigation\sql\mysql.log
2026-09-10 09:09:28.020 | [📘 INFO] 测试连接 → host=47.116.211.247, port=3306, database=(default)
2026-09-10 09:09:28.310 | [✅ SUCCESS] 连接成功 → host=47.116.211.247, database=(default)
2026-09-10 09:09:28.334 | [📘 INFO] 获取数据库列表
2026-09-10 09:09:28.334 | [💾 SQL] 执行查询 → 获取数据库列表 
  SQL: SELECT SCHEMA_NAME FROM INFORMATION_SCHEMA.SCHEMATA
                 WHERE SCHEMA_NAME NOT IN ('information_schema','mysql','performance_schema','sys')
                 ORDER BY SCHEMA_NAME
2026-09-10 09:09:28.698 | [✅ SUCCESS] 获取到 6 个数据库 → databases=['camunda', 'form', 'hrm', 'hrm_20220725', 'hrm_temp', 'notice']
2026-09-10 09:09:28.698 | [📘 INFO] 获取表列表 → database=hrm
2026-09-10 09:09:28.698 | [💾 SQL] 执行查询 → database=hrm 
  SQL: SHOW TABLES FROM `hrm`
2026-09-10 09:09:29.000 | [✅ SUCCESS] 获取到 220 个表 → database=hrm, tables=['QRTZ_BLOB_TRIGGERS', 'QRTZ_CALENDARS', 'QRTZ_CRON_TRIGGERS', 'QRTZ_FIRED_TRIGGERS', 'QRTZ_JOB_DETAILS', 'QRTZ_LOCKS', 'QRTZ_PAUSED_TRIGGER_GRPS', 'QRTZ_SCHEDULER_STATE', 'QRTZ_SIMPLE_TRIGGERS', 'QRTZ_SIMPROP_TRIGGERS', 'QRTZ_TRIGGERS', 'ccuser_temp', 'ces_field_kongj', 'ces_order_customer', 'ces_order_goods', 'ces_order_main', 'ces_shop_goods', 'ces_shop_type', 'data_bind_permission', 'demo', 'demo_field_def_val_main', 'demo_field_def_val_sub', 'dic_city', 'find_file_temp', 'find_file_temp2', 'hrm_certificate', 'hrm_contract_subject', 'hrm_datalog', 'hrm_doc_transfer', 'hrm_email_link_token', 'hrm_email_offer_template', 'hrm_email_performance', 'hrm_email_user_offer_content', 'hrm_hrmanager', 'hrm_job_transfer', 'hrm_offer', 'hrm_payslip', 'hrm_payslip_import_field', 'hrm_performance_detail', 'hrm_performance_group', 'hrm_proof_of_approval', 'hrm_renewal_of_approval', 'hrm_resign_transfer', 'hrm_salary_combination', 'hrm_salary_detail_transfer', 'hrm_salary_group', 'hrm_salary_transfer', 'hrm_sys_position_grade', 'hrm_sys_position_level', 'hrm_sys_user_reset_log', 'hrm_third_party', 'hrm_training', 'hrm_user', 'hrm_user_20241016', 'hrm_user_20260630', 'hrm_user_bank', 'hrm_user_certificate', 'hrm_user_contract', 'hrm_user_doc', 'hrm_user_doc_bak', 'hrm_user_education', 'hrm_user_emergency_contact', 'hrm_user_emergency_contact_del', 'hrm_user_hire', 'hrm_user_log', 'hrm_user_payslip', 'hrm_user_performance', 'hrm_user_performance_detail', 'hrm_user_personal', 'hrm_user_post', 'hrm_user_punishment', 'hrm_user_reasons', 'hrm_user_reward', 'hrm_user_salary', 'hrm_user_salary_240807', 'hrm_user_salary_240814', 'hrm_user_salary_desc', 'hrm_user_social_relations', 'hrm_user_social_security_funds', 'hrm_user_training', 'hrm_user_training_signin', 'hrm_user_work_info', 'jeecg_monthly_growth_analysis', 'jeecg_order_customer', 'jeecg_order_main', 'jeecg_order_ticket', 'jeecg_project_nature_income', 'jimu_report', 'jimu_report_data_source', 'jimu_report_db', 'jimu_report_db_field', 'jimu_report_db_param', 'jimu_report_link', 'jimu_report_map', 'jimu_report_share', 'joa_demo', 'mock_interview_applicant_info', 'mock_interview_applicant_record', 'mock_interview_applicant_record_detail', 'mock_interview_config', 'mock_interview_paper', 'mock_interview_position', 'mock_interview_question', 'mock_interview_question_check_record', 'mock_interview_share', 'mock_interview_sub_question', 'onl_auth_data', 'onl_auth_page', 'onl_auth_relation', 'onl_cgform_button', 'onl_cgform_enhance_java', 'onl_cgform_enhance_js', 'onl_cgform_enhance_sql', 'onl_cgform_field', 'onl_cgform_head', 'onl_cgform_index', 'onl_cgreport_head', 'onl_cgreport_item', 'onl_cgreport_param', 'oss_file', 'rep_demo_dxtj', 'rep_demo_employee', 'rep_demo_gongsi', 'rep_demo_jianpiao', 'rpt_roster', 'rpt_userdata', 'rpt_userdata_20240228', 'rpt_userdata_20241016', 'rpt_userdata_20260630', 'salary_abnormal_performance_deduction', 'salary_calculate_progress', 'salary_calculate_step', 'salary_combination_info', 'salary_functional_detail', 'salary_functional_summary', 'salary_group_combination_info', 'salary_group_info', 'salary_income_tax_history', 'salary_lecturer_fee', 'salary_lecturer_summary', 'salary_salesperson_detail', 'salary_salesperson_summary', 'salary_year_end_bonus_history', 'sf_job', 'sys_announcement', 'sys_announcement_send', 'sys_category', 'sys_check_rule', 'sys_data_log', 'sys_data_source', 'sys_depart', 'sys_depart_20220721', 'sys_depart_20221118', 'sys_depart_20231010', 'sys_depart_bak', 'sys_depart_permission', 'sys_depart_role', 'sys_depart_role_permission', 'sys_depart_role_user', 'sys_depart_temp', 'sys_dict', 'sys_dict_item', 'sys_ethnic_group', 'sys_fill_rule', 'sys_gateway_route', 'sys_industry', 'sys_log', 'sys_permission', 'sys_permission_data_rule', 'sys_position', 'sys_quartz_job', 'sys_role', 'sys_role_permission', 'sys_sms', 'sys_sms_template', 'sys_tenant', 'sys_third_account', 'sys_user', 'sys_user_agent', 'sys_user_depart', 'sys_user_role', 'sys_user_role_bak', 't_employee_attendance_summary', 't_position_match', 't_wage_rates_config', 'temp1_position', 'temp_delete_dep', 'temp_lecturer_fee', 'temp_trans_data', 'temp_user_leader', 'temp_user_leader_back', 'test_demo', 'test_enhance_select', 'test_note', 'test_online_link', 'test_order_main', 'test_order_product', 'test_person', 'test_shoptype_tree', 'tmp_report_data_1', 'tmp_report_data_income', 'user_bank_info', 'user_certificate_info', 'user_contract_info', 'user_cust_position_info', 'user_education_info', 'user_emergency_contact_info', 'user_file_info', 'user_hire_info', 'user_personal_info', 'user_reward_info', 'user_salary_info', 'user_social_relations_info', 'user_social_security_funds_info', 'user_work_info', 'v1', 'workflow_role', 'workflow_type', 'workflow_user_role', 'xqqy_tmp']
2026-09-10 09:09:29.001 | [📘 INFO] 获取表结构 → database=hrm, table=QRTZ_BLOB_TRIGGERS
2026-09-10 09:09:29.001 | [💾 SQL] 执行查询 → table=QRTZ_BLOB_TRIGGERS 
  SQL: DESCRIBE `hrm`.`QRTZ_BLOB_TRIGGERS`
2026-09-10 09:09:29.380 | [✅ SUCCESS] 获取表结构成功 → table=QRTZ_BLOB_TRIGGERS, 字段数=4
2026-09-10 09:09:29.380 | [📊 DATA] 表结构数据 → table=QRTZ_BLOB_TRIGGERS 
  DATA: [{'Field': 'SCHED_NAME', 'Type': 'varchar(120)', 'Null': 'NO', 'Key': 'PRI', 'Default': None, 'Extra': ''}, {'Field': 'TRIGGER_NAME', 'Type': 'varchar(200)', 'Null': 'NO', 'Key': 'PRI', 'Default': None, 'Extra': ''}, {'Field': 'TRIGGER_GROUP', 'Type': 'varchar(200)', 'Null': 'NO', 'Key': 'PRI', 'Default': None, 'Extra': ''}, {'Field': 'BLOB_DATA', 'Type': 'blob', 'Null': 'YES', 'Key': '', 'Default': None, 'Extra': ''}]
2026-09-10 09:09:29.484 | [📘 INFO] 查询表数据 → database=hrm, table=QRTZ_BLOB_TRIGGERS, limit=1000
2026-09-10 09:09:29.854 | [💾 SQL] 执行查询 → table=QRTZ_BLOB_TRIGGERS 
  SQL: SELECT * FROM `hrm`.`QRTZ_BLOB_TRIGGERS`  LIMIT 1000
2026-09-10 09:09:29.925 | [✅ SUCCESS] 查询数据成功 → table=QRTZ_BLOB_TRIGGERS, 行数=0
2026-09-10 09:09:30.270 | [💾 SQL] 执行查询 → table=QRTZ_BLOB_TRIGGERS 
  SQL: SELECT COUNT(*) FROM `hrm`.`QRTZ_BLOB_TRIGGERS`
2026-09-10 09:09:30.324 | [✅ SUCCESS] 获取表总行数 → table=QRTZ_BLOB_TRIGGERS, count=0
2026-09-10 09:09:30.331 | [📘 INFO] 读取SQL文件 → path=sql\crm.sql
2026-09-10 09:09:30.333 | [✅ SUCCESS] 读取SQL文件成功 → size=5073 字符
2026-09-10 09:09:30.347 | [📘 INFO] 🚀 MySQL数据库连接工具启动 → 日志文件: E:\2fafacode\1Python\1renheutils-navigation\sql\mysql.log
2026-09-10 09:09:36.721 | [📘 INFO] 获取表结构 → database=hrm, table=hrm_user
2026-09-10 09:09:36.722 | [💾 SQL] 执行查询 → table=hrm_user 
  SQL: DESCRIBE `hrm`.`hrm_user`
2026-09-10 09:09:37.054 | [✅ SUCCESS] 获取表结构成功 → table=hrm_user, 字段数=42
2026-09-10 09:09:37.056 | [📊 DATA] 表结构数据 → table=hrm_user 
  DATA: [{'Field': 'id', 'Type': 'varchar(32)', 'Null': 'NO', 'Key': 'PRI', 'Default': nan, 'Extra': ''}, {'Field': 'username', 'Type': 'varchar(100)', 'Null': 'YES', 'Key': '', 'Default': nan, 'Extra': ''}, {'Field': 'realname', 'Type': 'varchar(100)', 'Null': 'YES', 'Key': '', 'Default': nan, 'Extra': ''}, {'Field': 'id_card_no', 'Type': 'varchar(255)', 'Null': 'YES', 'Key': '', 'Default': nan, 'Extra': ''}, {'Field': 'birthday', 'Type': 'datetime', 'Null': 'YES', 'Key': '', 'Default': nan, 'Extra': '
2026-09-10 09:09:37.169 | [📘 INFO] 查询表数据 → database=hrm, table=hrm_user, limit=1000
2026-09-10 09:09:37.460 | [💾 SQL] 执行查询 → table=hrm_user 
  SQL: SELECT * FROM `hrm`.`hrm_user`  LIMIT 1000
2026-09-10 09:09:37.664 | [✅ SUCCESS] 查询数据成功 → table=hrm_user, 行数=1000
2026-09-10 09:09:37.669 | [📊 DATA] 查询结果样例 → table=hrm_user 
  DATA: [{'id': '100001', 'username': '13661007808', 'realname': '陈东董', 'id_card_no': '420104********1641', 'birthday': None, 'sex': 2, 'email': '646846025@qq.com', 'work_email': 'chenyaoping@whrhkj.com', 'wechat': nan, 'phone': '136****7808', 'org_code': '', 'work_no': '100001', 'post': 'POS1090', 'telephone': None, 'depart_ids': '600924', 'rel_tenant_ids': None, 'client_id': None, 'status': 1, 'probation_period': nan, 'probation_start_date': datetime.date(2002, 1, 22), 'probation_end_date': None, 'tur
2026-09-10 09:09:37.983 | [💾 SQL] 执行查询 → table=hrm_user 
  SQL: SELECT COUNT(*) FROM `hrm`.`hrm_user`
2026-09-10 09:09:38.030 | [✅ SUCCESS] 获取表总行数 → table=hrm_user, count=11359
2026-09-10 09:09:38.057 | [📘 INFO] 读取SQL文件 → path=sql\crm.sql
2026-09-10 09:09:38.058 | [✅ SUCCESS] 读取SQL文件成功 → size=5073 字符
2026-09-10 09:09:38.067 | [📘 INFO] 🚀 MySQL数据库连接工具启动 → 日志文件: E:\2fafacode\1Python\1renheutils-navigation\sql\mysql.log
2026-09-10 09:11:04.894 | [📘 INFO] 🚀 MySQL数据库连接工具启动 → 日志文件: E:\2fafacode\1Python\1renheutils-navigation\sql\mysql.log
2026-09-10 09:11:04.895 | [📘 INFO] 测试连接 → host=47.116.211.247, port=3306, database=(default)
2026-09-10 09:11:05.175 | [✅ SUCCESS] 连接成功 → host=47.116.211.247, database=(default)
2026-09-10 09:11:05.196 | [📘 INFO] 获取数据库列表
2026-09-10 09:11:05.263 | [✅ SUCCESS] 获取到 6 个数据库
2026-09-10 09:11:05.264 | [📘 INFO] 获取表列表 → database=hrm
2026-09-10 09:11:05.573 | [✅ SUCCESS] 获取到 220 个表 → database=hrm
2026-09-10 09:11:05.574 | [📘 INFO] 获取表结构 → database=hrm, table=QRTZ_BLOB_TRIGGERS
2026-09-10 09:11:05.575 | [💾 SQL] 执行查询 → table=QRTZ_BLOB_TRIGGERS 
  SQL: DESCRIBE `hrm`.`QRTZ_BLOB_TRIGGERS`
2026-09-10 09:11:05.645 | [✅ SUCCESS] 获取表结构成功 → table=QRTZ_BLOB_TRIGGERS, 字段数=4
2026-09-10 09:11:05.752 | [📘 INFO] 查询表数据 → database=hrm, table=QRTZ_BLOB_TRIGGERS, limit=1000
2026-09-10 09:11:05.776 | [💾 SQL] 执行查询 → table=QRTZ_BLOB_TRIGGERS 
  SQL: SELECT * FROM `hrm`.`QRTZ_BLOB_TRIGGERS`  LIMIT 1000
2026-09-10 09:11:05.820 | [✅ SUCCESS] 查询数据成功 → table=QRTZ_BLOB_TRIGGERS, 行数=0
2026-09-10 09:11:10.222 | [📘 INFO] 获取表结构 → database=hrm, table=hrm_user
2026-09-10 09:11:10.223 | [💾 SQL] 执行查询 → table=hrm_user 
  SQL: DESCRIBE `hrm`.`hrm_user`
2026-09-10 09:11:10.294 | [✅ SUCCESS] 获取表结构成功 → table=hrm_user, 字段数=42
2026-09-10 09:11:10.331 | [📘 INFO] 查询表数据 → database=hrm, table=hrm_user, limit=1000
2026-09-10 09:11:10.353 | [💾 SQL] 执行查询 → table=hrm_user 
  SQL: SELECT * FROM `hrm`.`hrm_user`  LIMIT 1000
2026-09-10 09:11:10.541 | [✅ SUCCESS] 查询数据成功 → table=hrm_user, 行数=1000
2026-09-10 09:11:16.417 | [📘 INFO] 查询表数据 → database=hrm, table=hrm_user, limit=1000
2026-09-10 09:11:16.441 | [📘 INFO] 应用筛选条件 → WHERE `realname` = '龚献娥'
2026-09-10 09:11:16.441 | [💾 SQL] 执行查询 → table=hrm_user 
  SQL: SELECT * FROM `hrm`.`hrm_user` WHERE `realname` = '龚献娥' LIMIT 1000
2026-09-10 09:11:16.506 | [✅ SUCCESS] 查询数据成功 → table=hrm_user, 行数=1
2026-09-10 09:11:48.063 | [📊 DATA] 前端数据变更 → table=hrm_user, pk=id=100003 
  DATA: {"work_email": {"old": "chenyaoping@whrhkj.com", "new": "chenyaoping123@whrhkj.com"}}
2026-09-10 09:11:48.064 | [📘 INFO] 执行表数据更新 → table=hrm_user
2026-09-10 09:11:48.064 | [💾 SQL] 执行UPDATE语句 → table=hrm_user 
  SQL: UPDATE `hrm`.`hrm_user` SET `work_email` = :work_email WHERE `id` = :pk_value
2026-09-10 09:11:48.135 | [✅ SUCCESS] 更新数据成功 → table=hrm_user, 影响行数=1
2026-09-10 09:11:48.271 | [📘 INFO] 查询表数据 → database=hrm, table=hrm_user, limit=1000
2026-09-10 09:11:48.294 | [📘 INFO] 应用筛选条件 → WHERE `realname` = '龚献娥'
2026-09-10 09:11:48.294 | [💾 SQL] 执行查询 → table=hrm_user 
  SQL: SELECT * FROM `hrm`.`hrm_user` WHERE `realname` = '龚献娥' LIMIT 1000
2026-09-10 09:11:48.358 | [✅ SUCCESS] 查询数据成功 → table=hrm_user, 行数=1
2026-09-10 09:11:59.891 | [📊 DATA] 前端数据变更 → table=hrm_user, pk=id=100003 
  DATA: {"work_email": {"old": "chenyaoping123@whrhkj.com", "new": "chenyaoping1111123@whrhkj.com"}}
2026-09-10 09:11:59.892 | [📘 INFO] 执行表数据更新 → table=hrm_user
2026-09-10 09:11:59.893 | [💾 SQL] 执行UPDATE语句 → table=hrm_user 
  SQL: UPDATE `hrm`.`hrm_user` SET `work_email` = :work_email WHERE `id` = :pk_value
2026-09-10 09:11:59.963 | [✅ SUCCESS] 更新数据成功 → table=hrm_user, 影响行数=1
2026-09-10 09:12:00.102 | [📘 INFO] 查询表数据 → database=hrm, table=hrm_user, limit=1000
2026-09-10 09:12:00.125 | [📘 INFO] 应用筛选条件 → WHERE `realname` = '龚献娥'
2026-09-10 09:12:00.125 | [💾 SQL] 执行查询 → table=hrm_user 
  SQL: SELECT * FROM `hrm`.`hrm_user` WHERE `realname` = '龚献娥' LIMIT 1000
2026-09-10 09:12:00.188 | [✅ SUCCESS] 查询数据成功 → table=hrm_user, 行数=1
2026-09-10 09:17:21.711 | [📘 INFO] 读取SQL文件 → path=sql\crm.sql
2026-09-10 09:17:21.713 | [✅ SUCCESS] 读取SQL文件成功 → size=5073 字符
2026-09-10 09:17:21.737 | [📘 INFO] 🚀 MySQL数据库连接工具启动 → 日志文件: E:\2fafacode\1Python\1renheutils-navigation\sql\mysql.log
2026-09-10 09:17:21.737 | [📘 INFO] 📁 日志目录 → SCRIPT_DIR=E:\2fafacode\1Python\1renheutils-navigation\sql
2026-09-10 09:17:21.738 | [📘 INFO] 测试连接 → host=47.116.211.247, port=3306, database=(default)
2026-09-10 09:17:22.075 | [✅ SUCCESS] 连接成功 → host=47.116.211.247, database=(default)
2026-09-10 09:17:22.098 | [📘 INFO] 获取数据库列表
2026-09-10 09:17:22.099 | [💾 SQL] 执行查询 → 获取数据库列表 
  SQL: SELECT SCHEMA_NAME 
            FROM INFORMATION_SCHEMA.SCHEMATA 
            WHERE SCHEMA_NAME NOT IN ('information_schema', 'mysql', 'performance_schema', 'sys')
            ORDER BY SCHEMA_NAME
2026-09-10 09:17:22.463 | [✅ SUCCESS] 获取到 6 个数据库 → databases=['camunda', 'form', 'hrm', 'hrm_20220725', 'hrm_temp', 'notice']
2026-09-10 09:17:22.494 | [📘 INFO] 获取表列表 → database=hrm
2026-09-10 09:17:22.494 | [💾 SQL] 执行查询 → database=hrm 
  SQL: SHOW TABLES FROM `hrm`
2026-09-10 09:20:27.935 | [📘 INFO] 🚀 MySQL数据库连接工具启动 → 日志文件: E:\2fafacode\1Python\1renheutils-navigation\sql\mysql.log
2026-09-10 09:20:27.937 | [📘 INFO] 测试连接 → host=47.116.211.247, port=3306, database=(default)
2026-09-10 09:20:27.980 | [✅ SUCCESS] 连接成功 → host=47.116.211.247, database=(default)
2026-09-10 09:20:28.002 | [📘 INFO] 获取数据库列表
2026-09-10 09:20:28.067 | [✅ SUCCESS] 获取到 6 个数据库
2026-09-10 09:20:28.067 | [📘 INFO] 获取表列表 → database=hrm
2026-09-10 09:20:28.135 | [✅ SUCCESS] 获取到 220 个表 → database=hrm
2026-09-10 09:20:28.135 | [📘 INFO] 获取表结构 → database=hrm, table=QRTZ_BLOB_TRIGGERS
2026-09-10 09:20:28.135 | [💾 SQL] 执行查询 → table=QRTZ_BLOB_TRIGGERS 
  SQL: DESCRIBE `hrm`.`QRTZ_BLOB_TRIGGERS`
2026-09-10 09:20:28.203 | [✅ SUCCESS] 获取表结构成功 → table=QRTZ_BLOB_TRIGGERS, 字段数=4
2026-09-10 09:20:28.302 | [📘 INFO] 查询表数据 → database=hrm, table=QRTZ_BLOB_TRIGGERS, limit=1000
2026-09-10 09:20:28.325 | [💾 SQL] 执行查询 → table=QRTZ_BLOB_TRIGGERS 
  SQL: SELECT * FROM `hrm`.`QRTZ_BLOB_TRIGGERS`  LIMIT 1000
2026-09-10 09:20:28.371 | [✅ SUCCESS] 查询数据成功 → table=QRTZ_BLOB_TRIGGERS, 行数=0
2026-09-10 09:20:29.974 | [📘 INFO] 读取SQL文件 → path=sql\crm.sql
2026-09-10 09:20:29.975 | [✅ SUCCESS] 读取SQL文件成功 → size=5073 字符
2026-09-10 09:20:30.001 | [📘 INFO] 🚀 MySQL数据库连接工具启动 → 日志文件: E:\2fafacode\1Python\1renheutils-navigation\sql\mysql.log
2026-09-10 09:20:30.002 | [📘 INFO] 📁 日志目录 → SCRIPT_DIR=E:\2fafacode\1Python\1renheutils-navigation\sql
2026-09-10 09:21:09.482 | [📘 INFO] 🚀 MySQL数据库连接工具启动 → 日志文件: E:\2fafacode\1Python\1renheutils-navigation\sql\mysql.log
2026-09-10 09:21:09.485 | [📘 INFO] 测试连接 → host=47.116.211.247, port=3306, database=(default)
2026-09-10 09:21:09.532 | [✅ SUCCESS] 连接成功 → host=47.116.211.247, database=(default)
2026-09-10 09:21:09.554 | [📘 INFO] 获取数据库列表
2026-09-10 09:21:09.555 | [✅ SUCCESS] 获取到 6 个数据库
2026-09-10 09:21:09.557 | [📘 INFO] 获取表列表 → database=hrm
2026-09-10 09:21:09.559 | [✅ SUCCESS] 获取到 220 个表 → database=hrm
2026-09-10 09:21:09.561 | [📘 INFO] 获取表结构 → database=hrm, table=QRTZ_BLOB_TRIGGERS
2026-09-10 09:21:09.562 | [💾 SQL] 执行查询 → table=QRTZ_BLOB_TRIGGERS 
  SQL: DESCRIBE `hrm`.`QRTZ_BLOB_TRIGGERS`
2026-09-10 09:21:09.633 | [✅ SUCCESS] 获取表结构成功 → table=QRTZ_BLOB_TRIGGERS, 字段数=4
2026-09-10 09:21:09.778 | [📘 INFO] 查询表数据 → database=hrm, table=QRTZ_BLOB_TRIGGERS, limit=1000
2026-09-10 09:21:09.802 | [💾 SQL] 执行查询 → table=QRTZ_BLOB_TRIGGERS 
  SQL: SELECT * FROM `hrm`.`QRTZ_BLOB_TRIGGERS`  LIMIT 1000
2026-09-10 09:21:09.854 | [✅ SUCCESS] 查询数据成功 → table=QRTZ_BLOB_TRIGGERS, 行数=0
2026-09-10 09:24:01.411 | [📘 INFO] 🚀 MySQL数据库连接工具启动 → 日志文件: E:\2fafacode\1Python\1renheutils-navigation\sql\mysql.log
2026-09-10 09:24:01.412 | [📘 INFO] 测试连接 → host=47.116.211.247, port=3306, database=(default)
2026-09-10 09:24:01.463 | [✅ SUCCESS] 连接成功 → host=47.116.211.247, database=(default)
2026-09-10 09:24:01.485 | [📘 INFO] 获取数据库列表
2026-09-10 09:24:01.550 | [✅ SUCCESS] 获取到 6 个数据库
2026-09-10 09:24:01.550 | [📘 INFO] 获取表列表 → database=hrm
2026-09-10 09:24:01.620 | [✅ SUCCESS] 获取到 220 个表 → database=hrm
2026-09-10 09:24:01.621 | [📘 INFO] 获取表结构 → database=hrm, table=QRTZ_BLOB_TRIGGERS
2026-09-10 09:24:01.622 | [💾 SQL] 执行查询 → table=QRTZ_BLOB_TRIGGERS 
  SQL: DESCRIBE `hrm`.`QRTZ_BLOB_TRIGGERS`
2026-09-10 09:24:01.694 | [✅ SUCCESS] 获取表结构成功 → table=QRTZ_BLOB_TRIGGERS, 字段数=4
2026-09-10 09:24:01.803 | [📘 INFO] 查询表数据 → database=hrm, table=QRTZ_BLOB_TRIGGERS, limit=1000
2026-09-10 09:24:01.827 | [💾 SQL] 执行查询 → table=QRTZ_BLOB_TRIGGERS 
  SQL: SELECT * FROM `hrm`.`QRTZ_BLOB_TRIGGERS`  LIMIT 1000
2026-09-10 09:24:01.875 | [✅ SUCCESS] 查询数据成功 → table=QRTZ_BLOB_TRIGGERS, 行数=0
2026-09-10 09:24:09.040 | [📘 INFO] 获取表结构 → database=hrm, table=hrm_user
2026-09-10 09:24:09.041 | [💾 SQL] 执行查询 → table=hrm_user 
  SQL: DESCRIBE `hrm`.`hrm_user`
2026-09-10 09:24:09.111 | [✅ SUCCESS] 获取表结构成功 → table=hrm_user, 字段数=42
2026-09-10 09:24:09.152 | [📘 INFO] 查询表数据 → database=hrm, table=hrm_user, limit=1000
2026-09-10 09:24:09.173 | [💾 SQL] 执行查询 → table=hrm_user 
  SQL: SELECT * FROM `hrm`.`hrm_user`  LIMIT 1000
2026-09-10 09:24:09.321 | [✅ SUCCESS] 查询数据成功 → table=hrm_user, 行数=1000
2026-09-10 09:26:52.797 | [📘 INFO] 🚀 MySQL数据库连接工具启动 → 日志文件: E:\2fafacode\1Python\1renheutils-navigation\sql\mysql.log
2026-09-10 09:26:52.799 | [📘 INFO] 测试连接 → host=47.116.211.247, port=3306, database=(default)
2026-09-10 09:26:52.842 | [✅ SUCCESS] 连接成功 → host=47.116.211.247, database=(default)
2026-09-10 09:26:52.864 | [📘 INFO] 获取数据库列表
2026-09-10 09:26:52.928 | [✅ SUCCESS] 获取到 6 个数据库
2026-09-10 09:26:52.929 | [📘 INFO] 获取表列表 → database=hrm
2026-09-10 09:26:52.999 | [✅ SUCCESS] 获取到 220 个表 → database=hrm
2026-09-10 09:26:52.999 | [📘 INFO] 获取表结构 → database=hrm, table=QRTZ_BLOB_TRIGGERS
2026-09-10 09:26:53.000 | [💾 SQL] 执行查询 → table=QRTZ_BLOB_TRIGGERS 
  SQL: DESCRIBE `hrm`.`QRTZ_BLOB_TRIGGERS`
2026-09-10 09:26:53.069 | [✅ SUCCESS] 获取表结构成功 → table=QRTZ_BLOB_TRIGGERS, 字段数=4
2026-09-10 09:26:53.182 | [📘 INFO] 查询表数据 → database=hrm, table=QRTZ_BLOB_TRIGGERS, limit=1000
2026-09-10 09:26:53.204 | [💾 SQL] 执行查询 → table=QRTZ_BLOB_TRIGGERS 
  SQL: SELECT * FROM `hrm`.`QRTZ_BLOB_TRIGGERS`  LIMIT 1000
2026-09-10 09:26:53.247 | [✅ SUCCESS] 查询数据成功 → table=QRTZ_BLOB_TRIGGERS, 行数=0
2026-09-10 09:27:00.688 | [📘 INFO] 获取表结构 → database=hrm, table=hrm_user
2026-09-10 09:27:00.689 | [💾 SQL] 执行查询 → table=hrm_user 
  SQL: DESCRIBE `hrm`.`hrm_user`
2026-09-10 09:27:00.761 | [✅ SUCCESS] 获取表结构成功 → table=hrm_user, 字段数=42
2026-09-10 09:27:00.803 | [📘 INFO] 查询表数据 → database=hrm, table=hrm_user, limit=1000
2026-09-10 09:27:00.830 | [💾 SQL] 执行查询 → table=hrm_user 
  SQL: SELECT * FROM `hrm`.`hrm_user`  LIMIT 1000
2026-09-10 09:27:00.963 | [✅ SUCCESS] 查询数据成功 → table=hrm_user, 行数=1000
2026-09-10 09:28:00.845 | [📘 INFO] 🚀 MySQL数据库连接工具启动 → 日志文件: E:\2fafacode\1Python\1renheutils-navigation\sql\mysql.log
2026-09-10 09:28:00.846 | [📘 INFO] 测试连接 → host=47.116.211.247, port=3306, database=(default)
2026-09-10 09:28:00.891 | [✅ SUCCESS] 连接成功 → host=47.116.211.247, database=(default)
2026-09-10 09:28:00.912 | [📘 INFO] 获取数据库列表
2026-09-10 09:28:00.981 | [✅ SUCCESS] 获取到 6 个数据库
2026-09-10 09:28:00.981 | [📘 INFO] 获取表列表 → database=hrm
2026-09-10 09:28:01.062 | [✅ SUCCESS] 获取到 220 个表 → database=hrm
2026-09-10 09:28:01.063 | [📘 INFO] 获取表结构 → database=hrm, table=QRTZ_BLOB_TRIGGERS
2026-09-10 09:28:01.064 | [💾 SQL] 执行查询 → table=QRTZ_BLOB_TRIGGERS 
  SQL: DESCRIBE `hrm`.`QRTZ_BLOB_TRIGGERS`
2026-09-10 09:28:01.137 | [✅ SUCCESS] 获取表结构成功 → table=QRTZ_BLOB_TRIGGERS, 字段数=4
2026-09-10 09:28:01.254 | [📘 INFO] 查询表数据 → database=hrm, table=QRTZ_BLOB_TRIGGERS, limit=1000
2026-09-10 09:28:01.276 | [💾 SQL] 执行查询 → table=QRTZ_BLOB_TRIGGERS 
  SQL: SELECT * FROM `hrm`.`QRTZ_BLOB_TRIGGERS`  LIMIT 1000
2026-09-10 09:28:01.320 | [✅ SUCCESS] 查询数据成功 → table=QRTZ_BLOB_TRIGGERS, 行数=0
2026-09-10 09:28:06.470 | [📘 INFO] 获取表结构 → database=hrm, table=hrm_user
2026-09-10 09:28:06.471 | [💾 SQL] 执行查询 → table=hrm_user 
  SQL: DESCRIBE `hrm`.`hrm_user`
2026-09-10 09:28:06.547 | [✅ SUCCESS] 获取表结构成功 → table=hrm_user, 字段数=42
2026-09-10 09:28:06.588 | [📘 INFO] 查询表数据 → database=hrm, table=hrm_user, limit=1000
2026-09-10 09:28:06.620 | [💾 SQL] 执行查询 → table=hrm_user 
  SQL: SELECT * FROM `hrm`.`hrm_user`  LIMIT 1000
2026-09-10 09:28:06.784 | [✅ SUCCESS] 查询数据成功 → table=hrm_user, 行数=1000
2026-09-10 09:29:56.835 | [📘 INFO] 🚀 MySQL数据库连接工具启动 → 日志文件: E:\2fafacode\1Python\1renheutils-navigation\sql\mysql.log
2026-09-10 09:29:56.837 | [📘 INFO] 测试连接 → host=47.116.211.247, port=3306, database=(default)
2026-09-10 09:29:57.194 | [✅ SUCCESS] 连接成功 → host=47.116.211.247, database=(default)
2026-09-10 09:29:57.217 | [📘 INFO] 获取数据库列表
2026-09-10 09:29:57.287 | [✅ SUCCESS] 获取到 6 个数据库
2026-09-10 09:29:57.288 | [📘 INFO] 获取表列表 → database=hrm
2026-09-10 09:29:57.578 | [✅ SUCCESS] 获取到 220 个表 → database=hrm
2026-09-10 09:29:57.579 | [📘 INFO] 获取表结构 → database=hrm, table=QRTZ_BLOB_TRIGGERS
2026-09-10 09:29:57.580 | [💾 SQL] 执行查询 → table=QRTZ_BLOB_TRIGGERS 
  SQL: DESCRIBE `hrm`.`QRTZ_BLOB_TRIGGERS`
2026-09-10 09:29:57.654 | [✅ SUCCESS] 获取表结构成功 → table=QRTZ_BLOB_TRIGGERS, 字段数=4
2026-09-10 09:29:57.763 | [📘 INFO] 查询表数据 → database=hrm, table=QRTZ_BLOB_TRIGGERS, limit=1000
2026-09-10 09:29:57.785 | [💾 SQL] 执行查询 → table=QRTZ_BLOB_TRIGGERS 
  SQL: SELECT * FROM `hrm`.`QRTZ_BLOB_TRIGGERS`  LIMIT 1000
2026-09-10 09:29:57.827 | [✅ SUCCESS] 查询数据成功 → table=QRTZ_BLOB_TRIGGERS, 行数=0
2026-09-10 09:32:58.549 | [📘 INFO] 🚀 MySQL数据库连接工具启动 → 日志文件: E:\2fafacode\1Python\1renheutils-navigation\sql\mysql.log
2026-09-10 09:32:58.550 | [📘 INFO] 测试连接 → host=47.116.211.247, port=3306, database=(default)
2026-09-10 09:32:58.592 | [✅ SUCCESS] 连接成功 → host=47.116.211.247, database=(default)
2026-09-10 09:32:58.614 | [📘 INFO] 获取数据库列表
2026-09-10 09:32:58.680 | [✅ SUCCESS] 获取到 6 个数据库
2026-09-10 09:32:58.681 | [📘 INFO] 获取表列表 → database=hrm
2026-09-10 09:32:58.750 | [✅ SUCCESS] 获取到 220 个表 → database=hrm
2026-09-10 09:32:58.750 | [📘 INFO] 获取表结构 → database=hrm, table=QRTZ_BLOB_TRIGGERS
2026-09-10 09:32:58.750 | [💾 SQL] 执行查询 → table=QRTZ_BLOB_TRIGGERS 
  SQL: DESCRIBE `hrm`.`QRTZ_BLOB_TRIGGERS`
2026-09-10 09:32:58.830 | [✅ SUCCESS] 获取表结构成功 → table=QRTZ_BLOB_TRIGGERS, 字段数=4
2026-09-10 09:32:58.936 | [📘 INFO] 查询表数据 → database=hrm, table=QRTZ_BLOB_TRIGGERS, limit=1000
2026-09-10 09:32:58.957 | [💾 SQL] 执行查询 → table=QRTZ_BLOB_TRIGGERS 
  SQL: SELECT * FROM `hrm`.`QRTZ_BLOB_TRIGGERS`  LIMIT 1000
2026-09-10 09:32:58.997 | [✅ SUCCESS] 查询数据成功 → table=QRTZ_BLOB_TRIGGERS, 行数=0
2026-09-10 09:37:18.886 | [📘 INFO] 🚀 MySQL数据库连接工具启动 → 日志文件: E:\2fafacode\1Python\1renheutils-navigation\sql\mysql.log
2026-09-10 09:37:18.887 | [📘 INFO] 测试连接 → host=47.116.211.247, port=3306, database=(default)
2026-09-10 09:37:18.930 | [✅ SUCCESS] 连接成功 → host=47.116.211.247, database=(default)
2026-09-10 09:37:18.959 | [📘 INFO] 获取数据库列表
2026-09-10 09:37:19.033 | [✅ SUCCESS] 获取到 6 个数据库
2026-09-10 09:37:19.034 | [📘 INFO] 获取表列表 → database=hrm
2026-09-10 09:37:19.102 | [✅ SUCCESS] 获取到 220 个表 → database=hrm
2026-09-10 09:37:19.103 | [📘 INFO] 获取表结构 → database=hrm, table=QRTZ_BLOB_TRIGGERS
2026-09-10 09:37:19.103 | [💾 SQL] 执行查询 → table=QRTZ_BLOB_TRIGGERS 
  SQL: DESCRIBE `hrm`.`QRTZ_BLOB_TRIGGERS`
2026-09-10 09:37:19.172 | [✅ SUCCESS] 获取表结构成功 → table=QRTZ_BLOB_TRIGGERS, 字段数=4
2026-09-10 09:37:19.278 | [📘 INFO] 查询表数据 → database=hrm, table=QRTZ_BLOB_TRIGGERS, limit=1000
2026-09-10 09:37:19.298 | [💾 SQL] 执行查询 → table=QRTZ_BLOB_TRIGGERS 
  SQL: SELECT * FROM `hrm`.`QRTZ_BLOB_TRIGGERS`  LIMIT 1000
2026-09-10 09:37:19.340 | [✅ SUCCESS] 查询数据成功 → table=QRTZ_BLOB_TRIGGERS, 行数=0
2026-09-10 09:42:58.810 | [📘 INFO] 🚀 MySQL数据库连接工具启动 → 日志文件: E:\2fafacode\1Python\1renheutils-navigation\sql\mysql.log
2026-09-10 09:42:58.811 | [📘 INFO] 测试连接 → host=47.116.211.247, port=3306, database=(default)
2026-09-10 09:42:58.855 | [✅ SUCCESS] 连接成功 → host=47.116.211.247, database=(default)
2026-09-10 09:42:58.877 | [📘 INFO] 获取数据库列表
2026-09-10 09:42:58.941 | [✅ SUCCESS] 获取到 6 个数据库
2026-09-10 09:42:58.942 | [📘 INFO] 获取表列表 → database=hrm
2026-09-10 09:42:59.007 | [✅ SUCCESS] 获取到 220 个表 → database=hrm
2026-09-10 09:42:59.008 | [📘 INFO] 获取表结构 → database=hrm, table=QRTZ_BLOB_TRIGGERS
2026-09-10 09:42:59.009 | [💾 SQL] 执行查询 → table=QRTZ_BLOB_TRIGGERS 
  SQL: DESCRIBE `hrm`.`QRTZ_BLOB_TRIGGERS`
2026-09-10 09:42:59.074 | [✅ SUCCESS] 获取表结构成功 → table=QRTZ_BLOB_TRIGGERS, 字段数=4
2026-09-10 09:42:59.171 | [📘 INFO] 查询表数据 → database=hrm, table=QRTZ_BLOB_TRIGGERS, limit=1000
2026-09-10 09:42:59.193 | [💾 SQL] 执行查询 → table=QRTZ_BLOB_TRIGGERS 
  SQL: SELECT * FROM `hrm`.`QRTZ_BLOB_TRIGGERS`  LIMIT 1000
2026-09-10 09:42:59.235 | [✅ SUCCESS] 查询数据成功 → table=QRTZ_BLOB_TRIGGERS, 行数=0
2026-09-10 10:34:25.149 | [📘 INFO] 🚀 MySQL数据库连接工具启动 → 日志文件: E:\2fafacode\1Python\1renheutils-navigation\sql\mysql.log
2026-09-10 10:34:25.151 | [📘 INFO] 测试连接 → host=47.116.211.247, port=3306, database=(default)
2026-09-10 10:34:25.501 | [✅ SUCCESS] 连接成功 → host=47.116.211.247, database=(default)
2026-09-10 10:34:25.526 | [📘 INFO] 获取数据库列表
2026-09-10 10:34:25.599 | [✅ SUCCESS] 获取到 6 个数据库
2026-09-10 10:34:25.600 | [📘 INFO] 获取表列表 → database=hrm
2026-09-10 10:34:25.887 | [✅ SUCCESS] 获取到 220 个表 → database=hrm
2026-09-10 10:34:25.887 | [📘 INFO] 获取表结构 → database=hrm, table=QRTZ_BLOB_TRIGGERS
2026-09-10 10:34:25.887 | [💾 SQL] 执行查询 → table=QRTZ_BLOB_TRIGGERS 
  SQL: DESCRIBE `hrm`.`QRTZ_BLOB_TRIGGERS`
2026-09-10 10:34:25.956 | [✅ SUCCESS] 获取表结构成功 → table=QRTZ_BLOB_TRIGGERS, 字段数=4
2026-09-10 10:34:26.037 | [📘 INFO] 查询表数据 → database=hrm, table=QRTZ_BLOB_TRIGGERS, limit=1000
2026-09-10 10:34:26.057 | [💾 SQL] 执行查询 → table=QRTZ_BLOB_TRIGGERS 
  SQL: SELECT * FROM `hrm`.`QRTZ_BLOB_TRIGGERS`  LIMIT 1000
2026-09-10 10:34:26.098 | [✅ SUCCESS] 查询数据成功 → table=QRTZ_BLOB_TRIGGERS, 行数=0
2026-09-10 10:36:13.039 | [📘 INFO] 🚀 MySQL数据库连接工具启动 → 日志文件: E:\2fafacode\1Python\1renheutils-navigation\sql\mysql.log
2026-09-10 10:36:13.041 | [📘 INFO] 测试连接 → host=47.116.211.247, port=3306, database=(default)
2026-09-10 10:36:13.115 | [✅ SUCCESS] 连接成功 → host=47.116.211.247, database=(default)
2026-09-10 10:36:13.152 | [📘 INFO] 获取数据库列表
2026-09-10 10:36:13.246 | [✅ SUCCESS] 获取到 6 个数据库
2026-09-10 10:36:13.247 | [📘 INFO] 获取表列表 → database=hrm
2026-09-10 10:36:13.338 | [✅ SUCCESS] 获取到 220 个表 → database=hrm
2026-09-10 10:36:13.340 | [📘 INFO] 获取表结构 → database=hrm, table=QRTZ_BLOB_TRIGGERS
2026-09-10 10:36:13.341 | [💾 SQL] 执行查询 → table=QRTZ_BLOB_TRIGGERS 
  SQL: DESCRIBE `hrm`.`QRTZ_BLOB_TRIGGERS`
2026-09-10 10:36:13.421 | [✅ SUCCESS] 获取表结构成功 → table=QRTZ_BLOB_TRIGGERS, 字段数=4
2026-09-10 10:36:13.546 | [📘 INFO] 查询表数据 → database=hrm, table=QRTZ_BLOB_TRIGGERS, limit=1000
2026-09-10 10:36:13.574 | [💾 SQL] 执行查询 → table=QRTZ_BLOB_TRIGGERS 
  SQL: SELECT * FROM `hrm`.`QRTZ_BLOB_TRIGGERS`  LIMIT 1000
2026-09-10 10:36:13.626 | [✅ SUCCESS] 查询数据成功 → table=QRTZ_BLOB_TRIGGERS, 行数=0
2026-09-10 10:36:26.381 | [📘 INFO] 获取表结构 → database=hrm, table=hrm_user
2026-09-10 10:36:26.394 | [💾 SQL] 执行查询 → table=hrm_user 
  SQL: DESCRIBE `hrm`.`hrm_user`
2026-09-10 10:36:26.558 | [✅ SUCCESS] 获取表结构成功 → table=hrm_user, 字段数=42
2026-09-10 10:36:26.668 | [📘 INFO] 查询表数据 → database=hrm, table=hrm_user, limit=1000
2026-09-10 10:36:26.726 | [💾 SQL] 执行查询 → table=hrm_user 
  SQL: SELECT * FROM `hrm`.`hrm_user`  LIMIT 1000
2026-09-10 10:36:27.088 | [✅ SUCCESS] 查询数据成功 → table=hrm_user, 行数=1000
2026-09-10 10:40:44.216 | [📘 INFO] 🚀 MySQL数据库连接工具启动 → 日志文件: E:\2fafacode\1Python\1renheutils-navigation\sql\mysql.log
2026-09-10 10:40:44.217 | [📘 INFO] 测试连接 → host=47.116.211.247, port=3306, database=(default)
2026-09-10 10:40:44.267 | [✅ SUCCESS] 连接成功 → host=47.116.211.247, database=(default)
2026-09-10 10:40:44.292 | [📘 INFO] 获取数据库列表
2026-09-10 10:40:44.366 | [✅ SUCCESS] 获取到 6 个数据库
2026-09-10 10:40:44.367 | [📘 INFO] 获取表列表 → database=hrm
2026-09-10 10:40:44.441 | [✅ SUCCESS] 获取到 220 个表 → database=hrm
2026-09-10 10:40:44.441 | [📘 INFO] 获取表结构 → database=hrm, table=QRTZ_BLOB_TRIGGERS
2026-09-10 10:40:44.441 | [💾 SQL] 执行查询 → table=QRTZ_BLOB_TRIGGERS 
  SQL: DESCRIBE `hrm`.`QRTZ_BLOB_TRIGGERS`
2026-09-10 10:40:44.507 | [✅ SUCCESS] 获取表结构成功 → table=QRTZ_BLOB_TRIGGERS, 字段数=4
2026-09-10 10:40:44.603 | [📘 INFO] 查询表数据 → database=hrm, table=QRTZ_BLOB_TRIGGERS, limit=1000
2026-09-10 10:40:44.624 | [💾 SQL] 执行查询 → table=QRTZ_BLOB_TRIGGERS 
  SQL: SELECT * FROM `hrm`.`QRTZ_BLOB_TRIGGERS`  LIMIT 1000
2026-09-10 10:40:44.667 | [✅ SUCCESS] 查询数据成功 → table=QRTZ_BLOB_TRIGGERS, 行数=0
2026-09-10 10:42:39.920 | [📘 INFO] 🚀 MySQL数据库连接工具启动 → 日志文件: E:\2fafacode\1Python\1renheutils-navigation\sql\mysql.log
2026-09-10 10:42:39.924 | [📘 INFO] 测试连接 → host=47.116.211.247, port=3306, database=(default)
2026-09-10 10:42:39.978 | [✅ SUCCESS] 连接成功 → host=47.116.211.247, database=(default)
2026-09-10 10:42:40.008 | [📘 INFO] 获取数据库列表
2026-09-10 10:42:40.093 | [✅ SUCCESS] 获取到 6 个数据库
2026-09-10 10:42:40.094 | [📘 INFO] 获取表列表 → database=hrm
2026-09-10 10:42:40.509 | [✅ SUCCESS] 获取到 220 个表 → database=hrm
2026-09-10 10:42:40.719 | [📘 INFO] 获取表结构 → database=hrm, table=QRTZ_BLOB_TRIGGERS
2026-09-10 10:42:40.719 | [💾 SQL] 执行查询 → table=QRTZ_BLOB_TRIGGERS 
  SQL: DESCRIBE `hrm`.`QRTZ_BLOB_TRIGGERS`
2026-09-10 10:42:40.843 | [✅ SUCCESS] 获取表结构成功 → table=QRTZ_BLOB_TRIGGERS, 字段数=4
2026-09-10 10:42:41.165 | [📘 INFO] 查询表数据 → database=hrm, table=QRTZ_BLOB_TRIGGERS, limit=1000
2026-09-10 10:42:41.186 | [💾 SQL] 执行查询 → table=QRTZ_BLOB_TRIGGERS 
  SQL: SELECT * FROM `hrm`.`QRTZ_BLOB_TRIGGERS`  LIMIT 1000
2026-09-10 10:42:41.229 | [✅ SUCCESS] 查询数据成功 → table=QRTZ_BLOB_TRIGGERS, 行数=0
2026-09-10 10:42:50.957 | [📘 INFO] 获取表结构 → database=hrm, table=hrm_user
2026-09-10 10:42:50.958 | [💾 SQL] 执行查询 → table=hrm_user 
  SQL: DESCRIBE `hrm`.`hrm_user`
2026-09-10 10:42:51.025 | [✅ SUCCESS] 获取表结构成功 → table=hrm_user, 字段数=42
2026-09-10 10:42:51.063 | [📘 INFO] 查询表数据 → database=hrm, table=hrm_user, limit=1000
2026-09-10 10:42:51.083 | [💾 SQL] 执行查询 → table=hrm_user 
  SQL: SELECT * FROM `hrm`.`hrm_user`  LIMIT 1000
2026-09-10 10:42:51.168 | [✅ SUCCESS] 查询数据成功 → table=hrm_user, 行数=1000
2026-09-10 10:42:53.464 | [📘 INFO] 查询表数据 → database=hrm, table=hrm_user, limit=1000
2026-09-10 10:42:53.486 | [💾 SQL] 执行查询 → table=hrm_user 
  SQL: SELECT * FROM `hrm`.`hrm_user`  LIMIT 1000
2026-09-10 10:42:53.579 | [✅ SUCCESS] 查询数据成功 → table=hrm_user, 行数=1000
2026-09-10 10:43:00.335 | [📘 INFO] 查询表数据 → database=hrm, table=hrm_user, limit=1000
2026-09-10 10:43:00.359 | [💾 SQL] 执行查询 → table=hrm_user 
  SQL: SELECT * FROM `hrm`.`hrm_user`  LIMIT 1000
2026-09-10 10:43:00.462 | [✅ SUCCESS] 查询数据成功 → table=hrm_user, 行数=1000
2026-09-10 10:44:01.266 | [📘 INFO] 获取表结构 → database=hrm, table=hrm_offer
2026-09-10 10:44:01.267 | [💾 SQL] 执行查询 → table=hrm_offer 
  SQL: DESCRIBE `hrm`.`hrm_offer`
2026-09-10 10:44:01.333 | [✅ SUCCESS] 获取表结构成功 → table=hrm_offer, 字段数=53
2026-09-10 10:44:01.374 | [📘 INFO] 查询表数据 → database=hrm, table=hrm_offer, limit=1000
2026-09-10 10:44:01.401 | [💾 SQL] 执行查询 → table=hrm_offer 
  SQL: SELECT * FROM `hrm`.`hrm_offer`  LIMIT 1000
2026-09-10 10:44:01.509 | [✅ SUCCESS] 查询数据成功 → table=hrm_offer, 行数=1000
2026-09-10 10:46:57.600 | [📘 INFO] 🚀 MySQL数据库连接工具启动 → 日志文件: E:\2fafacode\1Python\1renheutils-navigation\sql\mysql.log
2026-09-10 10:46:57.603 | [📘 INFO] 测试连接 → host=47.116.211.247, port=3306, database=(default)
2026-09-10 10:46:57.654 | [✅ SUCCESS] 连接成功 → host=47.116.211.247, database=(default)
2026-09-10 10:46:57.678 | [📘 INFO] 获取数据库列表
2026-09-10 10:46:57.759 | [✅ SUCCESS] 获取到 6 个数据库
2026-09-10 10:46:57.760 | [📘 INFO] 获取表列表 → database=hrm
2026-09-10 10:46:57.849 | [✅ SUCCESS] 获取到 220 个表 → database=hrm
2026-09-10 10:46:57.864 | [📘 INFO] 获取表结构 → database=hrm, table=QRTZ_BLOB_TRIGGERS
2026-09-10 10:46:57.865 | [💾 SQL] 执行查询 → table=QRTZ_BLOB_TRIGGERS 
  SQL: DESCRIBE `hrm`.`QRTZ_BLOB_TRIGGERS`
2026-09-10 10:46:58.334 | [✅ SUCCESS] 获取表结构成功 → table=QRTZ_BLOB_TRIGGERS, 字段数=4
2026-09-10 10:46:58.731 | [📘 INFO] 查询表数据 → database=hrm, table=QRTZ_BLOB_TRIGGERS, limit=1000
2026-09-10 10:46:58.764 | [💾 SQL] 执行查询 → table=QRTZ_BLOB_TRIGGERS 
  SQL: SELECT * FROM `hrm`.`QRTZ_BLOB_TRIGGERS`  LIMIT 1000
2026-09-10 10:46:58.806 | [✅ SUCCESS] 查询数据成功 → table=QRTZ_BLOB_TRIGGERS, 行数=0
2026-09-10 10:47:08.424 | [📘 INFO] 获取表结构 → database=hrm, table=hrm_user
2026-09-10 10:47:08.426 | [💾 SQL] 执行查询 → table=hrm_user 
  SQL: DESCRIBE `hrm`.`hrm_user`
2026-09-10 10:47:08.494 | [✅ SUCCESS] 获取表结构成功 → table=hrm_user, 字段数=42
2026-09-10 10:47:08.535 | [📘 INFO] 查询表数据 → database=hrm, table=hrm_user, limit=1000
2026-09-10 10:47:08.556 | [💾 SQL] 执行查询 → table=hrm_user 
  SQL: SELECT * FROM `hrm`.`hrm_user`  LIMIT 1000
2026-09-10 10:47:08.648 | [✅ SUCCESS] 查询数据成功 → table=hrm_user, 行数=1000
2026-09-10 10:47:15.695 | [📘 INFO] 获取表结构 → database=hrm, table=hrm_offer
2026-09-10 10:47:15.696 | [💾 SQL] 执行查询 → table=hrm_offer 
  SQL: DESCRIBE `hrm`.`hrm_offer`
2026-09-10 10:47:15.761 | [✅ SUCCESS] 获取表结构成功 → table=hrm_offer, 字段数=53
2026-09-10 10:47:15.798 | [📘 INFO] 查询表数据 → database=hrm, table=hrm_offer, limit=1000
2026-09-10 10:47:15.820 | [💾 SQL] 执行查询 → table=hrm_offer 
  SQL: SELECT * FROM `hrm`.`hrm_offer`  LIMIT 1000
2026-09-10 10:47:15.919 | [✅ SUCCESS] 查询数据成功 → table=hrm_offer, 行数=1000
2026-09-10 10:47:29.632 | [📘 INFO] 查询表数据 → database=hrm, table=hrm_offer, limit=1000
2026-09-10 10:47:29.651 | [💾 SQL] 执行查询 → table=hrm_offer 
  SQL: SELECT * FROM `hrm`.`hrm_offer`  LIMIT 1000
2026-09-10 10:47:29.731 | [✅ SUCCESS] 查询数据成功 → table=hrm_offer, 行数=1000
2026-09-10 10:49:00.271 | [📘 INFO] 🚀 MySQL数据库连接工具启动 → 日志文件: E:\2fafacode\1Python\1renheutils-navigation\sql\mysql.log
2026-09-10 10:49:00.273 | [📘 INFO] 测试连接 → host=47.116.211.247, port=3306, database=(default)
2026-09-10 10:49:00.599 | [✅ SUCCESS] 连接成功 → host=47.116.211.247, database=(default)
2026-09-10 10:49:00.622 | [📘 INFO] 获取数据库列表
2026-09-10 10:49:00.877 | [✅ SUCCESS] 获取到 6 个数据库
2026-09-10 10:49:00.878 | [📘 INFO] 获取表列表 → database=hrm
2026-09-10 10:49:01.408 | [✅ SUCCESS] 获取到 220 个表 → database=hrm
2026-09-10 10:49:01.411 | [📘 INFO] 获取表结构 → database=hrm, table=QRTZ_BLOB_TRIGGERS
2026-09-10 10:49:01.412 | [💾 SQL] 执行查询 → table=QRTZ_BLOB_TRIGGERS 
  SQL: DESCRIBE `hrm`.`QRTZ_BLOB_TRIGGERS`
2026-09-10 10:49:01.489 | [✅ SUCCESS] 获取表结构成功 → table=QRTZ_BLOB_TRIGGERS, 字段数=4
2026-09-10 10:49:01.639 | [📘 INFO] 查询表数据 → database=hrm, table=QRTZ_BLOB_TRIGGERS, limit=1000
2026-09-10 10:49:01.664 | [💾 SQL] 执行查询 → table=QRTZ_BLOB_TRIGGERS 
  SQL: SELECT * FROM `hrm`.`QRTZ_BLOB_TRIGGERS`  LIMIT 1000
2026-09-10 10:49:01.712 | [✅ SUCCESS] 查询数据成功 → table=QRTZ_BLOB_TRIGGERS, 行数=0
2026-09-10 10:49:11.616 | [📘 INFO] 获取表结构 → database=hrm, table=hrm_offer
2026-09-10 10:49:11.616 | [💾 SQL] 执行查询 → table=hrm_offer 
  SQL: DESCRIBE `hrm`.`hrm_offer`
2026-09-10 10:49:11.700 | [✅ SUCCESS] 获取表结构成功 → table=hrm_offer, 字段数=53
2026-09-10 10:49:11.740 | [📘 INFO] 查询表数据 → database=hrm, table=hrm_offer, limit=1000
2026-09-10 10:49:11.768 | [💾 SQL] 执行查询 → table=hrm_offer 
  SQL: SELECT * FROM `hrm`.`hrm_offer`  LIMIT 1000
2026-09-10 10:49:12.008 | [✅ SUCCESS] 查询数据成功 → table=hrm_offer, 行数=1000
2026-09-10 10:49:47.382 | [📘 INFO] 执行删除操作 → table=hrm_offer, 待删除行数=1
2026-09-10 10:49:47.383 | [💾 SQL] 执行DELETE语句 → table=hrm_offer 
  SQL: DELETE FROM `hrm`.`hrm_offer` WHERE `id` IN (:pk_0)
2026-09-10 10:49:47.490 | [✅ SUCCESS] 删除数据成功 → table=hrm_offer, 实际删除行数=1
2026-09-10 10:49:47.642 | [📘 INFO] 查询表数据 → database=hrm, table=hrm_offer, limit=1000
2026-09-10 10:49:47.675 | [💾 SQL] 执行查询 → table=hrm_offer 
  SQL: SELECT * FROM `hrm`.`hrm_offer`  LIMIT 1000
2026-09-10 10:49:47.803 | [✅ SUCCESS] 查询数据成功 → table=hrm_offer, 行数=1000
2026-09-10 11:01:40.490 | [📘 INFO] 🚀 MySQL数据库连接工具启动 → 日志文件: E:\2fafacode\1Python\1renheutils-navigation\sql\mysql.log
2026-09-10 11:01:40.492 | [📘 INFO] 测试连接 → host=47.116.211.247, port=3306, database=(default)
2026-09-10 11:01:40.540 | [✅ SUCCESS] 连接成功 → host=47.116.211.247, database=(default)
2026-09-10 11:01:40.572 | [📘 INFO] 获取数据库列表
2026-09-10 11:01:40.646 | [✅ SUCCESS] 获取到 6 个数据库
2026-09-10 11:01:40.647 | [📘 INFO] 获取表列表 → database=hrm
2026-09-10 11:01:40.746 | [✅ SUCCESS] 获取到 220 个表 → database=hrm
2026-09-10 11:01:40.747 | [📘 INFO] 获取表结构 → database=hrm, table=QRTZ_BLOB_TRIGGERS
2026-09-10 11:01:40.782 | [💾 SQL] 执行查询 → table=QRTZ_BLOB_TRIGGERS 
  SQL: DESCRIBE `hrm`.`QRTZ_BLOB_TRIGGERS`
2026-09-10 11:01:41.367 | [✅ SUCCESS] 获取表结构成功 → table=QRTZ_BLOB_TRIGGERS, 字段数=4
2026-09-10 11:01:41.805 | [📘 INFO] 查询表数据 → database=hrm, table=QRTZ_BLOB_TRIGGERS, limit=1000
2026-09-10 11:01:41.834 | [💾 SQL] 执行查询 → table=QRTZ_BLOB_TRIGGERS 
  SQL: SELECT * FROM `hrm`.`QRTZ_BLOB_TRIGGERS`  LIMIT 1000
2026-09-10 11:01:41.883 | [✅ SUCCESS] 查询数据成功 → table=QRTZ_BLOB_TRIGGERS, 行数=0
2026-09-10 11:01:48.065 | [📘 INFO] 获取表结构 → database=hrm, table=hrm_offer
2026-09-10 11:01:48.067 | [💾 SQL] 执行查询 → table=hrm_offer 
  SQL: DESCRIBE `hrm`.`hrm_offer`
2026-09-10 11:01:48.142 | [✅ SUCCESS] 获取表结构成功 → table=hrm_offer, 字段数=53
2026-09-10 11:01:48.188 | [📘 INFO] 查询表数据 → database=hrm, table=hrm_offer, limit=1000
2026-09-10 11:01:48.212 | [💾 SQL] 执行查询 → table=hrm_offer 
  SQL: SELECT * FROM `hrm`.`hrm_offer`  LIMIT 1000
2026-09-10 11:01:48.329 | [✅ SUCCESS] 查询数据成功 → table=hrm_offer, 行数=1000
2026-09-10 11:07:18.452 | [📘 INFO] 🚀 MySQL数据库连接工具启动 → 日志文件: E:\2fafacode\1Python\1renheutils-navigation\sql\mysql.log
2026-09-10 11:07:18.454 | [📘 INFO] 测试连接 → host=47.116.211.247, port=3306, database=(default)
2026-09-10 11:07:18.495 | [✅ SUCCESS] 连接成功 → host=47.116.211.247, database=(default)
2026-09-10 11:07:18.516 | [📘 INFO] 获取数据库列表
2026-09-10 11:07:18.576 | [✅ SUCCESS] 获取到 6 个数据库
2026-09-10 11:07:18.578 | [📘 INFO] 获取表列表 → database=hrm
2026-09-10 11:07:18.657 | [✅ SUCCESS] 获取到 220 个表 → database=hrm
2026-09-10 11:07:18.659 | [📘 INFO] 获取表结构 → database=hrm, table=QRTZ_BLOB_TRIGGERS
2026-09-10 11:07:18.659 | [💾 SQL] 执行查询 → table=QRTZ_BLOB_TRIGGERS 
  SQL: DESCRIBE `hrm`.`QRTZ_BLOB_TRIGGERS`
2026-09-10 11:07:18.748 | [✅ SUCCESS] 获取表结构成功 → table=QRTZ_BLOB_TRIGGERS, 字段数=4
2026-09-10 11:07:18.983 | [📘 INFO] 查询表数据 → database=hrm, table=QRTZ_BLOB_TRIGGERS, limit=1000
2026-09-10 11:07:19.006 | [💾 SQL] 执行查询 → table=QRTZ_BLOB_TRIGGERS 
  SQL: SELECT * FROM `hrm`.`QRTZ_BLOB_TRIGGERS`  LIMIT 1000
2026-09-10 11:07:19.058 | [✅ SUCCESS] 查询数据成功 → table=QRTZ_BLOB_TRIGGERS, 行数=0
2026-09-10 11:07:24.533 | [📘 INFO] 获取表结构 → database=hrm, table=hrm_offer
2026-09-10 11:07:24.534 | [💾 SQL] 执行查询 → table=hrm_offer 
  SQL: DESCRIBE `hrm`.`hrm_offer`
2026-09-10 11:07:24.611 | [✅ SUCCESS] 获取表结构成功 → table=hrm_offer, 字段数=53
2026-09-10 11:07:24.654 | [📘 INFO] 查询表数据 → database=hrm, table=hrm_offer, limit=1000
2026-09-10 11:07:24.680 | [💾 SQL] 执行查询 → table=hrm_offer 
  SQL: SELECT * FROM `hrm`.`hrm_offer`  LIMIT 1000
2026-09-10 11:07:24.793 | [✅ SUCCESS] 查询数据成功 → table=hrm_offer, 行数=1000
2026-09-10 11:10:34.661 | [📘 INFO] 🚀 MySQL数据库连接工具启动 → 日志文件: E:\2fafacode\1Python\1renheutils-navigation\sql\mysql.log
2026-09-10 11:10:34.665 | [📘 INFO] 测试连接 → host=47.116.211.247, port=3306, database=(default)
2026-09-10 11:10:34.707 | [✅ SUCCESS] 连接成功 → host=47.116.211.247, database=(default)
2026-09-10 11:10:34.727 | [📘 INFO] 获取数据库列表
2026-09-10 11:10:34.797 | [✅ SUCCESS] 获取到 6 个数据库
2026-09-10 11:10:34.798 | [📘 INFO] 获取表列表 → database=hrm
2026-09-10 11:10:35.055 | [✅ SUCCESS] 获取到 220 个表 → database=hrm
2026-09-10 11:10:35.056 | [📘 INFO] 获取表结构 → database=hrm, table=QRTZ_BLOB_TRIGGERS
2026-09-10 11:10:35.057 | [💾 SQL] 执行查询 → table=QRTZ_BLOB_TRIGGERS 
  SQL: DESCRIBE `hrm`.`QRTZ_BLOB_TRIGGERS`
2026-09-10 11:10:35.146 | [✅ SUCCESS] 获取表结构成功 → table=QRTZ_BLOB_TRIGGERS, 字段数=4
2026-09-10 11:10:35.677 | [📘 INFO] 查询表数据 → database=hrm, table=QRTZ_BLOB_TRIGGERS, limit=1000
2026-09-10 11:10:35.747 | [💾 SQL] 执行查询 → table=QRTZ_BLOB_TRIGGERS 
  SQL: SELECT * FROM `hrm`.`QRTZ_BLOB_TRIGGERS`  LIMIT 1000
2026-09-10 11:10:35.808 | [✅ SUCCESS] 查询数据成功 → table=QRTZ_BLOB_TRIGGERS, 行数=0
2026-09-10 11:10:41.698 | [📘 INFO] 获取表结构 → database=hrm, table=hrm_offer
2026-09-10 11:10:41.699 | [💾 SQL] 执行查询 → table=hrm_offer 
  SQL: DESCRIBE `hrm`.`hrm_offer`
2026-09-10 11:10:41.777 | [✅ SUCCESS] 获取表结构成功 → table=hrm_offer, 字段数=53
2026-09-10 11:10:41.824 | [📘 INFO] 查询表数据 → database=hrm, table=hrm_offer, limit=1000
2026-09-10 11:10:41.848 | [💾 SQL] 执行查询 → table=hrm_offer 
  SQL: SELECT * FROM `hrm`.`hrm_offer`  LIMIT 1000
2026-09-10 11:10:41.964 | [✅ SUCCESS] 查询数据成功 → table=hrm_offer, 行数=1000
2026-09-10 11:11:00.445 | [📘 INFO] 执行删除操作 → table=hrm_offer, 待删除行数=1
2026-09-10 11:11:00.447 | [💾 SQL] 执行DELETE语句 → table=hrm_offer 
  SQL: DELETE FROM `hrm`.`hrm_offer` WHERE `id` IN (:pk_0)
2026-09-10 11:11:00.519 | [✅ SUCCESS] 删除数据成功 → table=hrm_offer, 实际删除行数=1
2026-09-10 11:11:00.662 | [📘 INFO] 查询表数据 → database=hrm, table=hrm_offer, limit=1000
2026-09-10 11:11:00.688 | [💾 SQL] 执行查询 → table=hrm_offer 
  SQL: SELECT * FROM `hrm`.`hrm_offer`  LIMIT 1000
2026-09-10 11:11:00.786 | [✅ SUCCESS] 查询数据成功 → table=hrm_offer, 行数=1000
2026-09-10 11:12:01.176 | [📘 INFO] 🚀 MySQL数据库连接工具启动 → 日志文件: E:\2fafacode\1Python\1renheutils-navigation\sql\mysql.log
2026-09-10 11:12:01.177 | [📘 INFO] 测试连接 → host=47.116.211.247, port=3306, database=(default)
2026-09-10 11:12:01.226 | [✅ SUCCESS] 连接成功 → host=47.116.211.247, database=(default)
2026-09-10 11:12:01.250 | [📘 INFO] 获取数据库列表
2026-09-10 11:12:01.315 | [✅ SUCCESS] 获取到 6 个数据库
2026-09-10 11:12:01.315 | [📘 INFO] 获取表列表 → database=hrm
2026-09-10 11:12:01.398 | [✅ SUCCESS] 获取到 220 个表 → database=hrm
2026-09-10 11:12:01.399 | [📘 INFO] 获取表结构 → database=hrm, table=QRTZ_BLOB_TRIGGERS
2026-09-10 11:12:01.399 | [💾 SQL] 执行查询 → table=QRTZ_BLOB_TRIGGERS 
  SQL: DESCRIBE `hrm`.`QRTZ_BLOB_TRIGGERS`
2026-09-10 11:12:01.477 | [✅ SUCCESS] 获取表结构成功 → table=QRTZ_BLOB_TRIGGERS, 字段数=4
2026-09-10 11:12:01.611 | [📘 INFO] 查询表数据 → database=hrm, table=QRTZ_BLOB_TRIGGERS, limit=1000
2026-09-10 11:12:01.638 | [💾 SQL] 执行查询 → table=QRTZ_BLOB_TRIGGERS 
  SQL: SELECT * FROM `hrm`.`QRTZ_BLOB_TRIGGERS`  LIMIT 1000
2026-09-10 11:12:01.689 | [✅ SUCCESS] 查询数据成功 → table=QRTZ_BLOB_TRIGGERS, 行数=0
2026-09-10 11:12:07.387 | [📘 INFO] 获取表结构 → database=hrm, table=hrm_offer
2026-09-10 11:12:07.388 | [💾 SQL] 执行查询 → table=hrm_offer 
  SQL: DESCRIBE `hrm`.`hrm_offer`
2026-09-10 11:12:07.464 | [✅ SUCCESS] 获取表结构成功 → table=hrm_offer, 字段数=53
2026-09-10 11:12:07.505 | [📘 INFO] 查询表数据 → database=hrm, table=hrm_offer, limit=1000
2026-09-10 11:12:07.531 | [💾 SQL] 执行查询 → table=hrm_offer 
  SQL: SELECT * FROM `hrm`.`hrm_offer`  LIMIT 1000
2026-09-10 11:12:07.649 | [✅ SUCCESS] 查询数据成功 → table=hrm_offer, 行数=1000
2026-09-10 11:15:11.831 | [📘 INFO] 🚀 MySQL数据库连接工具启动 → 日志文件: E:\2fafacode\1Python\1renheutils-navigation\sql\mysql.log
2026-09-10 11:15:11.833 | [📘 INFO] 测试连接 → host=47.116.211.247, port=3306, database=(default)
2026-09-10 11:15:11.887 | [✅ SUCCESS] 连接成功 → host=47.116.211.247, database=(default)
2026-09-10 11:15:11.916 | [📘 INFO] 获取数据库列表
2026-09-10 11:15:11.988 | [✅ SUCCESS] 获取到 6 个数据库
2026-09-10 11:15:11.989 | [📘 INFO] 获取表列表 → database=hrm
2026-09-10 11:15:12.218 | [✅ SUCCESS] 获取到 220 个表 → database=hrm
2026-09-10 11:15:12.219 | [📘 INFO] 获取表结构 → database=hrm, table=QRTZ_BLOB_TRIGGERS
2026-09-10 11:15:12.349 | [💾 SQL] 执行查询 → table=QRTZ_BLOB_TRIGGERS 
  SQL: DESCRIBE `hrm`.`QRTZ_BLOB_TRIGGERS`
2026-09-10 11:15:12.522 | [✅ SUCCESS] 获取表结构成功 → table=QRTZ_BLOB_TRIGGERS, 字段数=4
2026-09-10 11:15:12.840 | [📘 INFO] 查询表数据 → database=hrm, table=QRTZ_BLOB_TRIGGERS, limit=1000
2026-09-10 11:15:12.871 | [💾 SQL] 执行查询 → table=QRTZ_BLOB_TRIGGERS 
  SQL: SELECT * FROM `hrm`.`QRTZ_BLOB_TRIGGERS`  LIMIT 1000
2026-09-10 11:15:12.925 | [✅ SUCCESS] 查询数据成功 → table=QRTZ_BLOB_TRIGGERS, 行数=0
2026-09-10 11:15:24.408 | [📘 INFO] 获取表结构 → database=hrm, table=hrm_user
2026-09-10 11:15:24.409 | [💾 SQL] 执行查询 → table=hrm_user 
  SQL: DESCRIBE `hrm`.`hrm_user`
2026-09-10 11:15:24.487 | [✅ SUCCESS] 获取表结构成功 → table=hrm_user, 字段数=42
2026-09-10 11:15:24.531 | [📘 INFO] 查询表数据 → database=hrm, table=hrm_user, limit=1000
2026-09-10 11:15:24.568 | [💾 SQL] 执行查询 → table=hrm_user 
  SQL: SELECT * FROM `hrm`.`hrm_user`  LIMIT 1000
2026-09-10 11:15:24.675 | [✅ SUCCESS] 查询数据成功 → table=hrm_user, 行数=1000
2026-09-10 11:17:30.883 | [📘 INFO] 🚀 MySQL数据库连接工具启动 → 日志文件: E:\2fafacode\1Python\1renheutils-navigation\sql\mysql.log
2026-09-10 11:17:30.884 | [📘 INFO] 测试连接 → host=47.116.211.247, port=3306, database=(default)
2026-09-10 11:17:30.929 | [✅ SUCCESS] 连接成功 → host=47.116.211.247, database=(default)
2026-09-10 11:17:30.951 | [📘 INFO] 获取数据库列表
2026-09-10 11:17:31.020 | [✅ SUCCESS] 获取到 6 个数据库
2026-09-10 11:17:31.020 | [📘 INFO] 获取表列表 → database=hrm
2026-09-10 11:17:31.095 | [✅ SUCCESS] 获取到 220 个表 → database=hrm
2026-09-10 11:17:31.096 | [📘 INFO] 获取表结构 → database=hrm, table=QRTZ_BLOB_TRIGGERS
2026-09-10 11:17:31.096 | [💾 SQL] 执行查询 → table=QRTZ_BLOB_TRIGGERS 
  SQL: DESCRIBE `hrm`.`QRTZ_BLOB_TRIGGERS`
2026-09-10 11:17:31.171 | [✅ SUCCESS] 获取表结构成功 → table=QRTZ_BLOB_TRIGGERS, 字段数=4
2026-09-10 11:17:31.288 | [📘 INFO] 查询表数据 → database=hrm, table=QRTZ_BLOB_TRIGGERS, limit=1000
2026-09-10 11:17:31.311 | [💾 SQL] 执行查询 → table=QRTZ_BLOB_TRIGGERS 
  SQL: SELECT * FROM `hrm`.`QRTZ_BLOB_TRIGGERS`  LIMIT 1000
2026-09-10 11:17:31.363 | [✅ SUCCESS] 查询数据成功 → table=QRTZ_BLOB_TRIGGERS, 行数=0
2026-09-10 11:17:41.731 | [📘 INFO] 获取表结构 → database=hrm, table=hrm_user
2026-09-10 11:17:41.735 | [💾 SQL] 执行查询 → table=hrm_user 
  SQL: DESCRIBE `hrm`.`hrm_user`
2026-09-10 11:17:41.891 | [✅ SUCCESS] 获取表结构成功 → table=hrm_user, 字段数=42
2026-09-10 11:17:41.998 | [📘 INFO] 查询表数据 → database=hrm, table=hrm_user, limit=1000
2026-09-10 11:17:42.025 | [💾 SQL] 执行查询 → table=hrm_user 
  SQL: SELECT * FROM `hrm`.`hrm_user`  LIMIT 1000
2026-09-10 11:17:42.274 | [✅ SUCCESS] 查询数据成功 → table=hrm_user, 行数=1000
2026-09-10 11:23:17.647 | [📘 INFO] 🚀 MySQL数据库连接工具启动 → 日志文件: E:\2fafacode\1Python\1renheutils-navigation\sql\mysql.log
2026-09-10 11:23:17.648 | [📘 INFO] 测试连接 → host=47.116.211.247, port=3306, database=(default)
2026-09-10 11:23:17.693 | [✅ SUCCESS] 连接成功 → host=47.116.211.247, database=(default)
2026-09-10 11:23:17.716 | [📘 INFO] 获取数据库列表
2026-09-10 11:23:17.792 | [✅ SUCCESS] 获取到 6 个数据库
2026-09-10 11:23:17.793 | [📘 INFO] 获取表列表 → database=hrm
2026-09-10 11:23:18.144 | [✅ SUCCESS] 获取到 220 个表 → database=hrm
2026-09-10 11:23:18.147 | [📘 INFO] 获取表结构 → database=hrm, table=QRTZ_BLOB_TRIGGERS
2026-09-10 11:23:18.148 | [💾 SQL] 执行查询 → table=QRTZ_BLOB_TRIGGERS 
  SQL: DESCRIBE `hrm`.`QRTZ_BLOB_TRIGGERS`
2026-09-10 11:23:18.357 | [✅ SUCCESS] 获取表结构成功 → table=QRTZ_BLOB_TRIGGERS, 字段数=4
2026-09-10 11:23:18.654 | [📘 INFO] 查询表数据 → database=hrm, table=QRTZ_BLOB_TRIGGERS, limit=1000
2026-09-10 11:23:18.693 | [💾 SQL] 执行查询 → table=QRTZ_BLOB_TRIGGERS 
  SQL: SELECT * FROM `hrm`.`QRTZ_BLOB_TRIGGERS`  LIMIT 1000
2026-09-10 11:23:18.745 | [✅ SUCCESS] 查询数据成功 → table=QRTZ_BLOB_TRIGGERS, 行数=0
2026-09-10 11:24:28.190 | [📘 INFO] 获取表结构 → database=hrm, table=chufeng_user
2026-09-10 11:24:28.191 | [💾 SQL] 执行查询 → table=chufeng_user 
  SQL: DESCRIBE `hrm`.`chufeng_user`
2026-09-10 11:24:28.262 | [❌ ERROR] 获取表结构失败 → table=chufeng_user, error=(pymysql.err.ProgrammingError) (1146, "Table 'hrm.chufeng_user' doesn't exist")
[SQL: DESCRIBE `hrm`.`chufeng_user`]
(Background on this error at: https://sqlalche.me/e/20/f405)
2026-09-10 11:24:52.169 | [📘 INFO] 🚀 MySQL数据库连接工具启动 → 日志文件: E:\2fafacode\1Python\1renheutils-navigation\sql\mysql.log
2026-09-10 11:24:52.170 | [📘 INFO] 测试连接 → host=47.116.211.247, port=3306, database=(default)
2026-09-10 11:24:52.215 | [✅ SUCCESS] 连接成功 → host=47.116.211.247, database=(default)
2026-09-10 11:24:52.238 | [📘 INFO] 获取数据库列表
2026-09-10 11:24:52.303 | [✅ SUCCESS] 获取到 6 个数据库
2026-09-10 11:24:52.304 | [📘 INFO] 获取表列表 → database=hrm
2026-09-10 11:24:52.378 | [✅ SUCCESS] 获取到 220 个表 → database=hrm
2026-09-10 11:24:52.379 | [📘 INFO] 获取表结构 → database=hrm, table=QRTZ_BLOB_TRIGGERS
2026-09-10 11:24:52.379 | [💾 SQL] 执行查询 → table=QRTZ_BLOB_TRIGGERS 
  SQL: DESCRIBE `hrm`.`QRTZ_BLOB_TRIGGERS`
2026-09-10 11:24:52.452 | [✅ SUCCESS] 获取表结构成功 → table=QRTZ_BLOB_TRIGGERS, 字段数=4
2026-09-10 11:24:52.588 | [📘 INFO] 查询表数据 → database=hrm, table=QRTZ_BLOB_TRIGGERS, limit=1000
2026-09-10 11:24:52.613 | [💾 SQL] 执行查询 → table=QRTZ_BLOB_TRIGGERS 
  SQL: SELECT * FROM `hrm`.`QRTZ_BLOB_TRIGGERS`  LIMIT 1000
2026-09-10 11:24:52.661 | [✅ SUCCESS] 查询数据成功 → table=QRTZ_BLOB_TRIGGERS, 行数=0
2026-09-10 11:24:59.169 | [📘 INFO] 获取表结构 → database=hrm, table=hrm_offer
2026-09-10 11:24:59.170 | [💾 SQL] 执行查询 → table=hrm_offer 
  SQL: DESCRIBE `hrm`.`hrm_offer`
2026-09-10 11:24:59.247 | [✅ SUCCESS] 获取表结构成功 → table=hrm_offer, 字段数=53
2026-09-10 11:24:59.291 | [📘 INFO] 查询表数据 → database=hrm, table=hrm_offer, limit=1000
2026-09-10 11:24:59.316 | [💾 SQL] 执行查询 → table=hrm_offer 
  SQL: SELECT * FROM `hrm`.`hrm_offer`  LIMIT 1000
2026-09-10 11:24:59.432 | [✅ SUCCESS] 查询数据成功 → table=hrm_offer, 行数=1000
2026-09-10 11:32:40.606 | [📘 INFO] 🚀 MySQL数据库连接工具启动 → 日志文件: E:\2fafacode\1Python\1renheutils-navigation\sql\mysql.log
2026-09-10 11:32:40.608 | [📘 INFO] 测试连接 → host=47.116.211.247, port=3306, database=(default)
2026-09-10 11:32:40.654 | [✅ SUCCESS] 连接成功 → host=47.116.211.247, database=(default)
2026-09-10 11:32:40.676 | [📘 INFO] 获取数据库列表
2026-09-10 11:32:40.743 | [✅ SUCCESS] 获取到 6 个数据库
2026-09-10 11:32:40.745 | [📘 INFO] 获取表列表 → database=hrm
2026-09-10 11:32:40.820 | [✅ SUCCESS] 获取到 220 个表 → database=hrm
2026-09-10 11:32:40.820 | [📘 INFO] 获取表结构 → database=hrm, table=QRTZ_BLOB_TRIGGERS
2026-09-10 11:32:40.820 | [💾 SQL] 执行查询 → table=QRTZ_BLOB_TRIGGERS 
  SQL: DESCRIBE `hrm`.`QRTZ_BLOB_TRIGGERS`
2026-09-10 11:32:40.896 | [✅ SUCCESS] 获取表结构成功 → table=QRTZ_BLOB_TRIGGERS, 字段数=4
2026-09-10 11:32:41.033 | [📘 INFO] 查询表数据 → database=hrm, table=QRTZ_BLOB_TRIGGERS, limit=1000
2026-09-10 11:32:41.066 | [💾 SQL] 执行查询 → table=QRTZ_BLOB_TRIGGERS 
  SQL: SELECT * FROM `hrm`.`QRTZ_BLOB_TRIGGERS`  LIMIT 1000
2026-09-10 11:32:41.113 | [✅ SUCCESS] 查询数据成功 → table=QRTZ_BLOB_TRIGGERS, 行数=0
2026-09-10 13:42:32.942 | [📘 INFO] 🚀 MySQL数据库连接工具启动 → 日志文件: E:\2fafacode\1Python\1renheutils-navigation\sql\mysql.log
2026-09-10 13:42:32.943 | [📘 INFO] 测试连接 → host=47.116.211.247, port=3306, database=(default)
2026-09-10 13:42:33.094 | [✅ SUCCESS] 连接成功 → host=47.116.211.247, database=(default)
2026-09-10 13:42:33.116 | [📘 INFO] 获取数据库列表
2026-09-10 13:42:33.181 | [✅ SUCCESS] 获取到 6 个数据库
2026-09-10 13:42:33.182 | [📘 INFO] 获取表列表 → database=hrm
2026-09-10 13:42:33.352 | [✅ SUCCESS] 获取到 220 个表 → database=hrm
2026-09-10 13:42:33.352 | [📘 INFO] 获取表结构 → database=hrm, table=QRTZ_BLOB_TRIGGERS
2026-09-10 13:42:33.352 | [💾 SQL] 执行查询 → table=QRTZ_BLOB_TRIGGERS 
  SQL: DESCRIBE `hrm`.`QRTZ_BLOB_TRIGGERS`
2026-09-10 13:42:33.426 | [✅ SUCCESS] 获取表结构成功 → table=QRTZ_BLOB_TRIGGERS, 字段数=4
2026-09-10 13:42:33.574 | [📘 INFO] 查询表数据 → database=hrm, table=QRTZ_BLOB_TRIGGERS, limit=1000
2026-09-10 13:42:33.595 | [💾 SQL] 执行查询 → table=QRTZ_BLOB_TRIGGERS 
  SQL: SELECT * FROM `hrm`.`QRTZ_BLOB_TRIGGERS`  LIMIT 1000
2026-09-10 13:42:33.638 | [✅ SUCCESS] 查询数据成功 → table=QRTZ_BLOB_TRIGGERS, 行数=0
2026-09-10 13:48:01.478 | [📘 INFO] 🚀 MySQL数据库连接工具启动 → 日志文件: E:\2fafacode\1Python\1renheutils-navigation\sql\mysql.log
2026-09-10 13:48:01.479 | [📘 INFO] 测试连接 → host=47.116.211.247, port=3306, database=(default)
2026-09-10 13:48:01.521 | [✅ SUCCESS] 连接成功 → host=47.116.211.247, database=(default)
2026-09-10 13:48:01.543 | [📘 INFO] 获取数据库列表
2026-09-10 13:48:01.608 | [✅ SUCCESS] 获取到 6 个数据库
2026-09-10 13:48:01.609 | [📘 INFO] 获取表列表 → database=hrm
2026-09-10 13:48:01.675 | [✅ SUCCESS] 获取到 220 个表 → database=hrm
2026-09-10 13:48:01.676 | [📘 INFO] 获取表结构 → database=hrm, table=QRTZ_BLOB_TRIGGERS
2026-09-10 13:48:01.677 | [💾 SQL] 执行查询 → table=QRTZ_BLOB_TRIGGERS 
  SQL: DESCRIBE `hrm`.`QRTZ_BLOB_TRIGGERS`
2026-09-10 13:48:01.742 | [✅ SUCCESS] 获取表结构成功 → table=QRTZ_BLOB_TRIGGERS, 字段数=4
2026-09-10 13:48:01.866 | [📘 INFO] 查询表数据 → database=hrm, table=QRTZ_BLOB_TRIGGERS, limit=1000
2026-09-10 13:48:01.888 | [💾 SQL] 执行查询 → table=QRTZ_BLOB_TRIGGERS 
  SQL: SELECT * FROM `hrm`.`QRTZ_BLOB_TRIGGERS`  LIMIT 1000
2026-09-10 13:48:01.930 | [✅ SUCCESS] 查询数据成功 → table=QRTZ_BLOB_TRIGGERS, 行数=0
2026-09-10 13:51:03.827 | [📘 INFO] 🚀 MySQL数据库连接工具启动 → 日志文件: E:\2fafacode\1Python\1renheutils-navigation\sql\mysql.log
2026-09-10 13:51:03.830 | [📘 INFO] 测试连接 → host=47.116.211.247, port=3306, database=(default)
2026-09-10 13:51:04.122 | [📘 INFO] 🚀 MySQL数据库连接工具启动 → 日志文件: E:\2fafacode\1Python\1renheutils-navigation\sql\mysql.log
2026-09-10 13:51:04.123 | [📘 INFO] 测试连接 → host=47.116.211.247, port=3306, database=(default)
2026-09-10 13:51:04.149 | [✅ SUCCESS] 连接成功 → host=47.116.211.247, database=(default)
2026-09-10 13:51:04.172 | [📘 INFO] 获取数据库列表
2026-09-10 13:51:04.249 | [✅ SUCCESS] 获取到 6 个数据库
2026-09-10 13:51:04.249 | [📘 INFO] 获取表列表 → database=hrm
2026-09-10 13:51:04.305 | [✅ SUCCESS] 连接成功 → host=47.116.211.247, database=(default)
2026-09-10 13:51:04.331 | [📘 INFO] 获取数据库列表
2026-09-10 13:51:04.332 | [✅ SUCCESS] 获取到 6 个数据库
2026-09-10 13:51:04.332 | [📘 INFO] 获取表列表 → database=hrm
2026-09-10 13:51:04.614 | [✅ SUCCESS] 获取到 220 个表 → database=hrm
2026-09-10 13:51:04.614 | [✅ SUCCESS] 获取到 220 个表 → database=hrm
2026-09-10 13:51:04.615 | [📘 INFO] 获取表结构 → database=hrm, table=QRTZ_BLOB_TRIGGERS
2026-09-10 13:51:04.615 | [💾 SQL] 执行查询 → table=QRTZ_BLOB_TRIGGERS 
  SQL: DESCRIBE `hrm`.`QRTZ_BLOB_TRIGGERS`
2026-09-10 13:51:04.616 | [📘 INFO] 获取表结构 → database=hrm, table=QRTZ_BLOB_TRIGGERS
2026-09-10 13:51:04.617 | [💾 SQL] 执行查询 → table=QRTZ_BLOB_TRIGGERS 
  SQL: DESCRIBE `hrm`.`QRTZ_BLOB_TRIGGERS`
2026-09-10 13:51:04.688 | [✅ SUCCESS] 获取表结构成功 → table=QRTZ_BLOB_TRIGGERS, 字段数=4
2026-09-10 13:51:04.785 | [📘 INFO] 查询表数据 → database=hrm, table=QRTZ_BLOB_TRIGGERS, limit=1000
2026-09-10 13:51:04.807 | [💾 SQL] 执行查询 → table=QRTZ_BLOB_TRIGGERS 
  SQL: SELECT * FROM `hrm`.`QRTZ_BLOB_TRIGGERS`  LIMIT 1000
2026-09-10 13:51:04.819 | [✅ SUCCESS] 获取表结构成功 → table=QRTZ_BLOB_TRIGGERS, 字段数=4
2026-09-10 13:51:04.887 | [✅ SUCCESS] 查询数据成功 → table=QRTZ_BLOB_TRIGGERS, 行数=0
2026-09-10 13:51:04.902 | [📘 INFO] 查询表数据 → database=hrm, table=QRTZ_BLOB_TRIGGERS, limit=1000
2026-09-10 13:51:04.924 | [💾 SQL] 执行查询 → table=QRTZ_BLOB_TRIGGERS 
  SQL: SELECT * FROM `hrm`.`QRTZ_BLOB_TRIGGERS`  LIMIT 1000
2026-09-10 13:51:05.005 | [✅ SUCCESS] 查询数据成功 → table=QRTZ_BLOB_TRIGGERS, 行数=0
2026-09-10 13:51:56.459 | [📘 INFO] 🚀 MySQL数据库连接工具启动 → 日志文件: E:\2fafacode\1Python\1renheutils-navigation\sql\mysql.log
2026-09-10 13:51:56.460 | [📘 INFO] 测试连接 → host=47.116.211.247, port=3306, database=(default)
2026-09-10 13:51:56.506 | [✅ SUCCESS] 连接成功 → host=47.116.211.247, database=(default)
2026-09-10 13:51:56.528 | [📘 INFO] 获取数据库列表
2026-09-10 13:51:56.529 | [✅ SUCCESS] 获取到 6 个数据库
2026-09-10 13:51:56.530 | [📘 INFO] 获取表列表 → database=hrm
2026-09-10 13:51:56.531 | [✅ SUCCESS] 获取到 220 个表 → database=hrm
2026-09-10 13:51:56.532 | [📘 INFO] 获取表结构 → database=hrm, table=QRTZ_BLOB_TRIGGERS
2026-09-10 13:51:56.532 | [💾 SQL] 执行查询 → table=QRTZ_BLOB_TRIGGERS 
  SQL: DESCRIBE `hrm`.`QRTZ_BLOB_TRIGGERS`
2026-09-10 13:51:56.603 | [✅ SUCCESS] 获取表结构成功 → table=QRTZ_BLOB_TRIGGERS, 字段数=4
2026-09-10 13:51:56.705 | [📘 INFO] 查询表数据 → database=hrm, table=QRTZ_BLOB_TRIGGERS, limit=1000
2026-09-10 13:51:56.727 | [💾 SQL] 执行查询 → table=QRTZ_BLOB_TRIGGERS 
  SQL: SELECT * FROM `hrm`.`QRTZ_BLOB_TRIGGERS`  LIMIT 1000
2026-09-10 13:51:56.772 | [✅ SUCCESS] 查询数据成功 → table=QRTZ_BLOB_TRIGGERS, 行数=0
2026-09-10 14:07:38.835 | [📘 INFO] 🚀 MySQL数据库连接工具启动 → 日志文件: E:\2fafacode\1Python\1renheutils-navigation\sql\mysql.log
2026-09-10 14:07:38.837 | [📘 INFO] 测试连接 → host=47.116.211.247, port=3306, database=(default)
2026-09-10 14:07:38.889 | [✅ SUCCESS] 连接成功 → host=47.116.211.247, database=(default)
2026-09-10 14:07:38.915 | [📘 INFO] 获取数据库列表
2026-09-10 14:07:38.984 | [✅ SUCCESS] 获取到 6 个数据库
2026-09-10 14:07:38.985 | [📘 INFO] 获取表列表 → database=hrm
2026-09-10 14:07:39.056 | [✅ SUCCESS] 获取到 220 个表 → database=hrm
2026-09-10 14:07:39.056 | [📘 INFO] 获取表结构 → database=hrm, table=QRTZ_BLOB_TRIGGERS
2026-09-10 14:07:39.057 | [💾 SQL] 执行查询 → table=QRTZ_BLOB_TRIGGERS 
  SQL: DESCRIBE `hrm`.`QRTZ_BLOB_TRIGGERS`
2026-09-10 14:07:39.126 | [✅ SUCCESS] 获取表结构成功 → table=QRTZ_BLOB_TRIGGERS, 字段数=4
2026-09-10 14:07:39.241 | [📘 INFO] 查询表数据 → database=hrm, table=QRTZ_BLOB_TRIGGERS, limit=1000
2026-09-10 14:07:39.263 | [💾 SQL] 执行查询 → table=QRTZ_BLOB_TRIGGERS 
  SQL: SELECT * FROM `hrm`.`QRTZ_BLOB_TRIGGERS`  LIMIT 1000
2026-09-10 14:07:39.308 | [✅ SUCCESS] 查询数据成功 → table=QRTZ_BLOB_TRIGGERS, 行数=0
2026-09-10 14:08:43.037 | [📘 INFO] 🚀 MySQL数据库连接工具启动 → 日志文件: E:\2fafacode\1Python\1renheutils-navigation\sql\mysql.log
2026-09-10 14:08:43.039 | [📘 INFO] 测试连接 → host=47.116.211.247, port=3306, database=(default)
2026-09-10 14:08:43.092 | [✅ SUCCESS] 连接成功 → host=47.116.211.247, database=(default)
2026-09-10 14:08:43.117 | [📘 INFO] 获取数据库列表
2026-09-10 14:08:43.189 | [✅ SUCCESS] 获取到 6 个数据库
2026-09-10 14:08:43.190 | [📘 INFO] 获取表列表 → database=hrm
2026-09-10 14:08:43.269 | [✅ SUCCESS] 获取到 220 个表 → database=hrm
2026-09-10 14:08:43.270 | [📘 INFO] 获取表结构 → database=hrm, table=QRTZ_BLOB_TRIGGERS
2026-09-10 14:08:43.272 | [💾 SQL] 执行查询 → table=QRTZ_BLOB_TRIGGERS 
  SQL: DESCRIBE `hrm`.`QRTZ_BLOB_TRIGGERS`
2026-09-10 14:08:43.349 | [✅ SUCCESS] 获取表结构成功 → table=QRTZ_BLOB_TRIGGERS, 字段数=4
2026-09-10 14:08:43.480 | [📘 INFO] 查询表数据 → database=hrm, table=QRTZ_BLOB_TRIGGERS, limit=1000
2026-09-10 14:08:43.504 | [💾 SQL] 执行查询 → table=QRTZ_BLOB_TRIGGERS 
  SQL: SELECT * FROM `hrm`.`QRTZ_BLOB_TRIGGERS`  LIMIT 1000
2026-09-10 14:08:43.550 | [✅ SUCCESS] 查询数据成功 → table=QRTZ_BLOB_TRIGGERS, 行数=0
2026-09-10 14:11:37.904 | [📘 INFO] 🚀 MySQL数据库连接工具启动 → 日志文件: E:\2fafacode\1Python\1renheutils-navigation\sql\mysql.log
2026-09-10 14:11:37.905 | [📘 INFO] 测试连接 → host=47.116.211.247, port=3306, database=(default)
2026-09-10 14:11:37.964 | [✅ SUCCESS] 连接成功 → host=47.116.211.247, database=(default)
2026-09-10 14:11:37.991 | [📘 INFO] 获取数据库列表
2026-09-10 14:11:38.059 | [✅ SUCCESS] 获取到 6 个数据库
2026-09-10 14:11:38.061 | [📘 INFO] 获取表列表 → database=hrm
2026-09-10 14:11:38.132 | [✅ SUCCESS] 获取到 220 个表 → database=hrm
2026-09-10 14:11:38.133 | [📘 INFO] 获取表结构 → database=hrm, table=QRTZ_BLOB_TRIGGERS
2026-09-10 14:11:38.134 | [💾 SQL] 执行查询 → table=QRTZ_BLOB_TRIGGERS 
  SQL: DESCRIBE `hrm`.`QRTZ_BLOB_TRIGGERS`
2026-09-10 14:11:38.207 | [✅ SUCCESS] 获取表结构成功 → table=QRTZ_BLOB_TRIGGERS, 字段数=4
2026-09-10 14:11:38.349 | [📘 INFO] 查询表数据 → database=hrm, table=QRTZ_BLOB_TRIGGERS, limit=1000
2026-09-10 14:11:38.371 | [💾 SQL] 执行查询 → table=QRTZ_BLOB_TRIGGERS 
  SQL: SELECT * FROM `hrm`.`QRTZ_BLOB_TRIGGERS`  LIMIT 1000
2026-09-10 14:11:38.414 | [✅ SUCCESS] 查询数据成功 → table=QRTZ_BLOB_TRIGGERS, 行数=0
2026-09-10 14:21:33.402 | [📘 INFO] 获取表结构 → database=hrm, table=hrm_offer
2026-09-10 14:21:33.403 | [💾 SQL] 执行查询 → table=hrm_offer 
  SQL: DESCRIBE `hrm`.`hrm_offer`
2026-09-10 14:21:33.470 | [✅ SUCCESS] 获取表结构成功 → table=hrm_offer, 字段数=53
2026-09-10 14:21:33.517 | [📘 INFO] 查询表数据 → database=hrm, table=hrm_offer, limit=1000
2026-09-10 14:21:33.541 | [💾 SQL] 执行查询 → table=hrm_offer 
  SQL: SELECT * FROM `hrm`.`hrm_offer`  LIMIT 1000
2026-09-10 14:21:33.727 | [✅ SUCCESS] 查询数据成功 → table=hrm_offer, 行数=1000
2026-09-10 14:21:37.606 | [📘 INFO] 获取表结构 → database=hrm, table=hrm_user
2026-09-10 14:21:37.607 | [💾 SQL] 执行查询 → table=hrm_user 
  SQL: DESCRIBE `hrm`.`hrm_user`
2026-09-10 14:21:37.688 | [✅ SUCCESS] 获取表结构成功 → table=hrm_user, 字段数=42
2026-09-10 14:21:37.738 | [📘 INFO] 查询表数据 → database=hrm, table=hrm_user, limit=1000
2026-09-10 14:21:37.763 | [💾 SQL] 执行查询 → table=hrm_user 
  SQL: SELECT * FROM `hrm`.`hrm_user`  LIMIT 1000
2026-09-10 14:21:38.007 | [✅ SUCCESS] 查询数据成功 → table=hrm_user, 行数=1000
2026-09-10 14:35:03.475 | [📘 INFO] 🚀 MySQL数据库连接工具启动 → 日志文件: E:\2fafacode\1Python\1renheutils-navigation\sql\mysql.log
2026-09-10 14:35:03.476 | [📘 INFO] 测试连接 → host=47.116.211.247, port=3306, database=(default)
2026-09-10 14:35:03.529 | [✅ SUCCESS] 连接成功 → host=47.116.211.247, database=(default)
2026-09-10 14:35:03.556 | [📘 INFO] 获取数据库列表
2026-09-10 14:35:03.625 | [✅ SUCCESS] 获取到 6 个数据库
2026-09-10 14:35:03.626 | [📘 INFO] 获取表列表 → database=hrm
2026-09-10 14:35:03.700 | [✅ SUCCESS] 获取到 220 个表 → database=hrm
2026-09-10 14:35:03.701 | [📘 INFO] 获取表结构 → database=hrm, table=QRTZ_BLOB_TRIGGERS
2026-09-10 14:35:03.702 | [💾 SQL] 执行查询 → table=QRTZ_BLOB_TRIGGERS 
  SQL: DESCRIBE `hrm`.`QRTZ_BLOB_TRIGGERS`
2026-09-10 14:35:03.779 | [✅ SUCCESS] 获取表结构成功 → table=QRTZ_BLOB_TRIGGERS, 字段数=4
2026-09-10 14:35:03.895 | [📘 INFO] 查询表数据 → database=hrm, table=QRTZ_BLOB_TRIGGERS, limit=1000
2026-09-10 14:35:03.924 | [💾 SQL] 执行查询 → table=QRTZ_BLOB_TRIGGERS 
  SQL: SELECT * FROM `hrm`.`QRTZ_BLOB_TRIGGERS`  LIMIT 1000
2026-09-10 14:35:03.978 | [✅ SUCCESS] 查询数据成功 → table=QRTZ_BLOB_TRIGGERS, 行数=0
2026-09-10 18:11:17.817 | [📘 INFO] 🚀 MySQL数据库连接工具启动 → 日志文件: E:\2fafacode\1Python\1renheutils-navigation\sql\mysql.log
2026-09-10 18:11:17.819 | [📘 INFO] 测试连接 → host=47.116.211.247, port=3306, database=(default)
2026-09-10 18:11:18.032 | [✅ SUCCESS] 连接成功 → host=47.116.211.247, database=(default)
2026-09-10 18:11:18.060 | [📘 INFO] 获取数据库列表
2026-09-10 18:11:18.286 | [✅ SUCCESS] 获取到 6 个数据库
2026-09-10 18:11:18.287 | [📘 INFO] 获取表列表 → database=hrm
2026-09-10 18:11:18.501 | [✅ SUCCESS] 获取到 220 个表 → database=hrm
2026-09-10 18:11:18.501 | [📘 INFO] 获取表结构 → database=hrm, table=QRTZ_BLOB_TRIGGERS
2026-09-10 18:11:18.502 | [💾 SQL] 执行查询 → table=QRTZ_BLOB_TRIGGERS 
  SQL: DESCRIBE `hrm`.`QRTZ_BLOB_TRIGGERS`
2026-09-10 18:11:18.701 | [✅ SUCCESS] 获取表结构成功 → table=QRTZ_BLOB_TRIGGERS, 字段数=4
2026-09-10 18:11:18.854 | [📘 INFO] 查询表数据 → database=hrm, table=QRTZ_BLOB_TRIGGERS, limit=1000
2026-09-10 18:11:18.882 | [💾 SQL] 执行查询 → table=QRTZ_BLOB_TRIGGERS 
  SQL: SELECT * FROM `hrm`.`QRTZ_BLOB_TRIGGERS`  LIMIT 1000
2026-09-10 18:11:18.940 | [✅ SUCCESS] 查询数据成功 → table=QRTZ_BLOB_TRIGGERS, 行数=0
2026-09-10 18:14:49.748 | [📘 INFO] 🚀 MySQL数据库连接工具启动 → 日志文件: E:\2fafacode\1Python\1renheutils-navigation\sql\mysql.log
2026-09-10 18:14:49.749 | [📘 INFO] 测试连接 → host=47.116.211.247, port=3306, database=(default)
2026-09-10 18:14:50.041 | [✅ SUCCESS] 连接成功 → host=47.116.211.247, database=(default)
2026-09-10 18:14:50.061 | [📘 INFO] 获取数据库列表
2026-09-10 18:14:50.120 | [✅ SUCCESS] 获取到 6 个数据库
2026-09-10 18:14:50.120 | [📘 INFO] 获取表列表 → database=hrm
2026-09-10 18:14:50.507 | [✅ SUCCESS] 获取到 220 个表 → database=hrm
2026-09-10 18:14:50.508 | [📘 INFO] 获取表结构 → database=hrm, table=QRTZ_BLOB_TRIGGERS
2026-09-10 18:14:50.508 | [💾 SQL] 执行查询 → table=QRTZ_BLOB_TRIGGERS 
  SQL: DESCRIBE `hrm`.`QRTZ_BLOB_TRIGGERS`
2026-09-10 18:14:50.635 | [✅ SUCCESS] 获取表结构成功 → table=QRTZ_BLOB_TRIGGERS, 字段数=4
2026-09-10 18:14:50.721 | [📘 INFO] 查询表数据 → database=hrm, table=QRTZ_BLOB_TRIGGERS, limit=1000
2026-09-10 18:14:50.747 | [💾 SQL] 执行查询 → table=QRTZ_BLOB_TRIGGERS 
  SQL: SELECT * FROM `hrm`.`QRTZ_BLOB_TRIGGERS`  LIMIT 1000
2026-09-10 18:14:50.806 | [✅ SUCCESS] 查询数据成功 → table=QRTZ_BLOB_TRIGGERS, 行数=0
2026-09-10 18:14:56.990 | [📘 INFO] 获取表结构 → database=hrm, table=hrm_user
2026-09-10 18:14:56.990 | [💾 SQL] 执行查询 → table=hrm_user 
  SQL: DESCRIBE `hrm`.`hrm_user`
2026-09-10 18:14:57.074 | [✅ SUCCESS] 获取表结构成功 → table=hrm_user, 字段数=42
2026-09-10 18:14:57.099 | [📘 INFO] 查询表数据 → database=hrm, table=hrm_user, limit=1000
2026-09-10 18:14:57.129 | [💾 SQL] 执行查询 → table=hrm_user 
  SQL: SELECT * FROM `hrm`.`hrm_user`  LIMIT 1000
2026-09-10 18:14:57.323 | [✅ SUCCESS] 查询数据成功 → table=hrm_user, 行数=1000
2026-09-10 18:15:01.910 | [📘 INFO] 获取表结构 → database=hrm, table=hrm_offer
2026-09-10 18:15:01.911 | [💾 SQL] 执行查询 → table=hrm_offer 
  SQL: DESCRIBE `hrm`.`hrm_offer`
2026-09-10 18:15:01.998 | [✅ SUCCESS] 获取表结构成功 → table=hrm_offer, 字段数=53
2026-09-10 18:15:02.040 | [📘 INFO] 查询表数据 → database=hrm, table=hrm_offer, limit=1000
2026-09-10 18:15:02.067 | [💾 SQL] 执行查询 → table=hrm_offer 
  SQL: SELECT * FROM `hrm`.`hrm_offer`  LIMIT 1000
2026-09-10 18:15:02.181 | [✅ SUCCESS] 查询数据成功 → table=hrm_offer, 行数=1000
2026-09-10 18:15:08.761 | [📘 INFO] 查询表数据 → database=hrm, table=hrm_offer, limit=1000
2026-09-10 18:15:08.789 | [📘 INFO] 应用筛选条件 → WHERE `id` = '1430458571297091585'
2026-09-10 18:15:08.789 | [💾 SQL] 执行查询 → table=hrm_offer 
  SQL: SELECT * FROM `hrm`.`hrm_offer` WHERE `id` = '1430458571297091585' LIMIT 1000
2026-09-10 18:15:08.847 | [✅ SUCCESS] 查询数据成功 → table=hrm_offer, 行数=1
2026-09-10 18:15:19.367 | [📘 INFO] 🚀 MySQL数据库连接工具启动 → 日志文件: E:\2fafacode\1Python\1renheutils-navigation\sql\mysql.log
2026-09-10 18:15:19.368 | [📘 INFO] 测试连接 → host=47.116.211.247, port=3306, database=(default)
2026-09-10 18:15:19.408 | [✅ SUCCESS] 连接成功 → host=47.116.211.247, database=(default)
2026-09-10 18:15:19.428 | [📘 INFO] 获取数据库列表
2026-09-10 18:15:19.429 | [✅ SUCCESS] 获取到 6 个数据库
2026-09-10 18:15:19.430 | [📘 INFO] 获取表列表 → database=hrm
2026-09-10 18:15:19.430 | [✅ SUCCESS] 获取到 220 个表 → database=hrm
2026-09-10 18:15:19.430 | [📘 INFO] 获取表结构 → database=hrm, table=QRTZ_BLOB_TRIGGERS
2026-09-10 18:15:19.432 | [💾 SQL] 执行查询 → table=QRTZ_BLOB_TRIGGERS 
  SQL: DESCRIBE `hrm`.`QRTZ_BLOB_TRIGGERS`
2026-09-10 18:15:19.518 | [✅ SUCCESS] 获取表结构成功 → table=QRTZ_BLOB_TRIGGERS, 字段数=4
2026-09-10 18:15:19.600 | [📘 INFO] 查询表数据 → database=hrm, table=QRTZ_BLOB_TRIGGERS, limit=1000
2026-09-10 18:15:19.629 | [💾 SQL] 执行查询 → table=QRTZ_BLOB_TRIGGERS 
  SQL: SELECT * FROM `hrm`.`QRTZ_BLOB_TRIGGERS`  LIMIT 1000
2026-09-10 18:15:19.684 | [✅ SUCCESS] 查询数据成功 → table=QRTZ_BLOB_TRIGGERS, 行数=0
2026-09-10 18:15:55.647 | [📘 INFO] 🚀 MySQL数据库连接工具启动 → 日志文件: E:\2fafacode\1Python\1renheutils-navigation\sql\mysql.log
2026-09-10 18:15:55.648 | [📘 INFO] 测试连接 → host=47.116.211.247, port=3306, database=(default)
2026-09-10 18:15:56.009 | [✅ SUCCESS] 连接成功 → host=47.116.211.247, database=(default)
2026-09-10 18:15:56.033 | [📘 INFO] 获取数据库列表
2026-09-10 18:15:56.108 | [✅ SUCCESS] 获取到 6 个数据库
2026-09-10 18:15:56.109 | [📘 INFO] 获取表列表 → database=hrm
2026-09-10 18:15:56.456 | [✅ SUCCESS] 获取到 220 个表 → database=hrm
2026-09-10 18:15:56.456 | [📘 INFO] 获取表结构 → database=hrm, table=QRTZ_BLOB_TRIGGERS
2026-09-10 18:15:56.458 | [💾 SQL] 执行查询 → table=QRTZ_BLOB_TRIGGERS 
  SQL: DESCRIBE `hrm`.`QRTZ_BLOB_TRIGGERS`
2026-09-10 18:15:56.577 | [✅ SUCCESS] 获取表结构成功 → table=QRTZ_BLOB_TRIGGERS, 字段数=4
2026-09-10 18:15:56.655 | [📘 INFO] 查询表数据 → database=hrm, table=QRTZ_BLOB_TRIGGERS, limit=1000
2026-09-10 18:15:56.682 | [💾 SQL] 执行查询 → table=QRTZ_BLOB_TRIGGERS 
  SQL: SELECT * FROM `hrm`.`QRTZ_BLOB_TRIGGERS`  LIMIT 1000
2026-09-10 18:15:56.732 | [✅ SUCCESS] 查询数据成功 → table=QRTZ_BLOB_TRIGGERS, 行数=0
2026-09-10 18:21:46.081 | [📘 INFO] 🚀 MySQL数据库连接工具启动 → 日志文件: E:\2fafacode\1Python\1renheutils-navigation\sql\mysql.log
2026-09-10 18:21:46.082 | [📘 INFO] 测试连接 → host=47.116.211.247, port=3306, database=(default)
2026-09-10 18:21:46.130 | [✅ SUCCESS] 连接成功 → host=47.116.211.247, database=(default)
2026-09-10 18:21:46.155 | [📘 INFO] 获取数据库列表
2026-09-10 18:21:46.233 | [✅ SUCCESS] 获取到 6 个数据库
2026-09-10 18:21:46.234 | [📘 INFO] 获取表列表 → database=hrm
2026-09-10 18:21:46.318 | [✅ SUCCESS] 获取到 220 个表 → database=hrm
2026-09-10 18:21:46.319 | [📘 INFO] 获取表结构 → database=hrm, table=QRTZ_BLOB_TRIGGERS
2026-09-10 18:21:46.319 | [💾 SQL] 执行查询 → table=QRTZ_BLOB_TRIGGERS 
  SQL: DESCRIBE `hrm`.`QRTZ_BLOB_TRIGGERS`
2026-09-10 18:21:46.410 | [✅ SUCCESS] 获取表结构成功 → table=QRTZ_BLOB_TRIGGERS, 字段数=4
2026-09-10 18:21:46.508 | [📘 INFO] 查询表数据 → database=hrm, table=QRTZ_BLOB_TRIGGERS, limit=1000
2026-09-10 18:21:46.534 | [💾 SQL] 执行查询 → table=QRTZ_BLOB_TRIGGERS 
  SQL: SELECT * FROM `hrm`.`QRTZ_BLOB_TRIGGERS`  LIMIT 1000
2026-09-10 18:21:46.589 | [✅ SUCCESS] 查询数据成功 → table=QRTZ_BLOB_TRIGGERS, 行数=0
2026-09-10 18:21:57.677 | [📘 INFO] 获取表结构 → database=hrm, table=hrm_offer
2026-09-10 18:21:57.679 | [💾 SQL] 执行查询 → table=hrm_offer 
  SQL: DESCRIBE `hrm`.`hrm_offer`
2026-09-10 18:21:57.842 | [✅ SUCCESS] 获取表结构成功 → table=hrm_offer, 字段数=53
2026-09-10 18:21:57.886 | [📘 INFO] 查询表数据 → database=hrm, table=hrm_offer, limit=1000
2026-09-10 18:21:57.910 | [💾 SQL] 执行查询 → table=hrm_offer 
  SQL: SELECT * FROM `hrm`.`hrm_offer`  LIMIT 1000
2026-09-10 18:21:58.124 | [✅ SUCCESS] 查询数据成功 → table=hrm_offer, 行数=1000
2026-09-10 18:22:12.120 | [📘 INFO] 获取表结构 → database=hrm, table=hrm_user
2026-09-10 18:22:12.121 | [💾 SQL] 执行查询 → table=hrm_user 
  SQL: DESCRIBE `hrm`.`hrm_user`
2026-09-10 18:22:12.198 | [✅ SUCCESS] 获取表结构成功 → table=hrm_user, 字段数=42
2026-09-10 18:22:12.235 | [📘 INFO] 查询表数据 → database=hrm, table=hrm_user, limit=1000
2026-09-10 18:22:12.259 | [💾 SQL] 执行查询 → table=hrm_user 
  SQL: SELECT * FROM `hrm`.`hrm_user`  LIMIT 1000
2026-09-10 18:22:12.363 | [✅ SUCCESS] 查询数据成功 → table=hrm_user, 行数=1000
2026-09-10 18:22:13.874 | [📘 INFO] 查询表数据 → database=hrm, table=hrm_user, limit=1000
2026-09-10 18:22:13.899 | [💾 SQL] 执行查询 → table=hrm_user 
  SQL: SELECT * FROM `hrm`.`hrm_user`  LIMIT 1000
2026-09-10 18:22:14.001 | [✅ SUCCESS] 查询数据成功 → table=hrm_user, 行数=1000
2026-09-10 18:22:18.682 | [📘 INFO] 查询表数据 → database=hrm, table=hrm_user, limit=1000
2026-09-10 18:22:18.707 | [📘 INFO] 应用筛选条件 → WHERE `username` = '嘻哈'
2026-09-10 18:22:18.708 | [💾 SQL] 执行查询 → table=hrm_user 
  SQL: SELECT * FROM `hrm`.`hrm_user` WHERE `username` = '嘻哈' LIMIT 1000
2026-09-10 18:22:18.773 | [✅ SUCCESS] 查询数据成功 → table=hrm_user, 行数=0
2026-09-10 18:22:20.752 | [📘 INFO] 查询表数据 → database=hrm, table=hrm_user, limit=1000
2026-09-10 18:22:20.777 | [📘 INFO] 应用筛选条件 → WHERE `username` = '嘻哈2'
2026-09-10 18:22:20.778 | [💾 SQL] 执行查询 → table=hrm_user 
  SQL: SELECT * FROM `hrm`.`hrm_user` WHERE `username` = '嘻哈2' LIMIT 1000
2026-09-10 18:22:20.843 | [✅ SUCCESS] 查询数据成功 → table=hrm_user, 行数=0
2026-09-10 18:22:22.497 | [📘 INFO] 查询表数据 → database=hrm, table=hrm_user, limit=1000
2026-09-10 18:22:22.522 | [📘 INFO] 应用筛选条件 → WHERE `username` = '嘻哈2'
2026-09-10 18:22:22.523 | [💾 SQL] 执行查询 → table=hrm_user 
  SQL: SELECT * FROM `hrm`.`hrm_user` WHERE `username` = '嘻哈2' LIMIT 1000
2026-09-10 18:22:22.589 | [✅ SUCCESS] 查询数据成功 → table=hrm_user, 行数=0
2026-09-10 18:22:25.017 | [📘 INFO] 查询表数据 → database=hrm, table=hrm_user, limit=1000
2026-09-10 18:22:25.042 | [💾 SQL] 执行查询 → table=hrm_user 
  SQL: SELECT * FROM `hrm`.`hrm_user`  LIMIT 1000
2026-09-10 18:22:25.147 | [✅ SUCCESS] 查询数据成功 → table=hrm_user, 行数=1000
2026-09-10 18:22:30.963 | [📘 INFO] 查询表数据 → database=hrm, table=hrm_user, limit=1000
2026-09-10 18:22:30.988 | [📘 INFO] 应用筛选条件 → WHERE `username` = '陈发'
2026-09-10 18:22:30.989 | [💾 SQL] 执行查询 → table=hrm_user 
  SQL: SELECT * FROM `hrm`.`hrm_user` WHERE `username` = '陈发' LIMIT 1000
2026-09-10 18:22:31.054 | [✅ SUCCESS] 查询数据成功 → table=hrm_user, 行数=0
2026-09-10 18:22:34.577 | [📘 INFO] 查询表数据 → database=hrm, table=hrm_user, limit=1000
2026-09-10 18:22:34.603 | [📘 INFO] 应用筛选条件 → WHERE `realname` = '陈发'
2026-09-10 18:22:34.603 | [💾 SQL] 执行查询 → table=hrm_user 
  SQL: SELECT * FROM `hrm`.`hrm_user` WHERE `realname` = '陈发' LIMIT 1000
2026-09-10 18:22:34.672 | [✅ SUCCESS] 查询数据成功 → table=hrm_user, 行数=1
2026-09-10 18:22:39.955 | [📘 INFO] 查询表数据 → database=hrm, table=hrm_user, limit=1000
2026-09-10 18:22:39.981 | [📘 INFO] 应用筛选条件 → WHERE `realname` = '嘻哈'
2026-09-10 18:22:39.981 | [💾 SQL] 执行查询 → table=hrm_user 
  SQL: SELECT * FROM `hrm`.`hrm_user` WHERE `realname` = '嘻哈' LIMIT 1000
2026-09-10 18:22:40.047 | [✅ SUCCESS] 查询数据成功 → table=hrm_user, 行数=0
2026-09-10 18:22:42.035 | [📘 INFO] 查询表数据 → database=hrm, table=hrm_user, limit=1000
2026-09-10 18:22:42.061 | [📘 INFO] 应用筛选条件 → WHERE `realname` = '嘻哈2'
2026-09-10 18:22:42.061 | [💾 SQL] 执行查询 → table=hrm_user 
  SQL: SELECT * FROM `hrm`.`hrm_user` WHERE `realname` = '嘻哈2' LIMIT 1000
2026-09-10 18:22:42.129 | [✅ SUCCESS] 查询数据成功 → table=hrm_user, 行数=1
2026-09-10 18:22:46.665 | [📘 INFO] 查询表数据 → database=hrm, table=hrm_user, limit=1000
2026-09-10 18:22:46.690 | [📘 INFO] 应用筛选条件 → WHERE `realname` = '嘻哈24'
2026-09-10 18:22:46.690 | [💾 SQL] 执行查询 → table=hrm_user 
  SQL: SELECT * FROM `hrm`.`hrm_user` WHERE `realname` = '嘻哈24' LIMIT 1000
2026-09-10 18:22:46.759 | [✅ SUCCESS] 查询数据成功 → table=hrm_user, 行数=1
2026-09-10 18:22:59.628 | [📊 DATA] 前端数据变更 → table=hrm_user, pk=id=116270 
  DATA: {"email": {"old": "18792169903@163.com", "new": "18792161234@163.com"}}
2026-09-10 18:22:59.629 | [📘 INFO] 执行表数据更新 → table=hrm_user
2026-09-10 18:22:59.630 | [💾 SQL] 执行UPDATE语句 → table=hrm_user 
  SQL: UPDATE `hrm`.`hrm_user` SET `email` = :email WHERE `id` = :pk_value
2026-09-10 18:22:59.715 | [✅ SUCCESS] 更新数据成功 → table=hrm_user, 影响行数=1
2026-09-10 18:22:59.868 | [📘 INFO] 查询表数据 → database=hrm, table=hrm_user, limit=1000
2026-09-10 18:22:59.895 | [📘 INFO] 应用筛选条件 → WHERE `realname` = '嘻哈24'
2026-09-10 18:22:59.895 | [💾 SQL] 执行查询 → table=hrm_user 
  SQL: SELECT * FROM `hrm`.`hrm_user` WHERE `realname` = '嘻哈24' LIMIT 1000
2026-09-10 18:22:59.969 | [✅ SUCCESS] 查询数据成功 → table=hrm_user, 行数=1
2026-09-10 18:24:45.411 | [📊 DATA] 前端数据变更 → table=hrm_user, pk=id=116270 
  DATA: {"email": {"old": "18792161234@163.com", "new": "123@163.com"}}
2026-09-10 18:24:45.412 | [📘 INFO] 执行表数据更新 → table=hrm_user
2026-09-10 18:24:45.413 | [💾 SQL] 执行UPDATE语句 → table=hrm_user 
  SQL: UPDATE `hrm`.`hrm_user` SET `email` = :email WHERE `id` = :pk_value
2026-09-10 18:24:45.487 | [✅ SUCCESS] 更新数据成功 → table=hrm_user, 影响行数=1
2026-09-10 18:24:45.638 | [📘 INFO] 查询表数据 → database=hrm, table=hrm_user, limit=1000
2026-09-10 18:24:45.663 | [📘 INFO] 应用筛选条件 → WHERE `realname` = '嘻哈24'
2026-09-10 18:24:45.663 | [💾 SQL] 执行查询 → table=hrm_user 
  SQL: SELECT * FROM `hrm`.`hrm_user` WHERE `realname` = '嘻哈24' LIMIT 1000
2026-09-10 18:24:45.729 | [✅ SUCCESS] 查询数据成功 → table=hrm_user, 行数=1
2026-09-10 18:29:31.578 | [📘 INFO] 🚀 MySQL数据库连接工具启动 → 日志文件: E:\2fafacode\1Python\1renheutils-navigation\sql\mysql.log
2026-09-10 18:29:31.579 | [📘 INFO] 测试连接 → host=47.116.211.247, port=3306, database=(default)
2026-09-10 18:29:31.629 | [✅ SUCCESS] 连接成功 → host=47.116.211.247, database=(default)
2026-09-10 18:29:31.656 | [📘 INFO] 获取数据库列表
2026-09-10 18:29:31.731 | [✅ SUCCESS] 获取到 6 个数据库
2026-09-10 18:29:31.731 | [📘 INFO] 获取表列表 → database=hrm
2026-09-10 18:29:31.810 | [✅ SUCCESS] 获取到 220 个表 → database=hrm
2026-09-10 18:29:31.812 | [📘 INFO] 获取表结构 → database=hrm, table=QRTZ_BLOB_TRIGGERS
2026-09-10 18:29:31.812 | [💾 SQL] 执行查询 → table=QRTZ_BLOB_TRIGGERS 
  SQL: DESCRIBE `hrm`.`QRTZ_BLOB_TRIGGERS`
2026-09-10 18:29:31.890 | [✅ SUCCESS] 获取表结构成功 → table=QRTZ_BLOB_TRIGGERS, 字段数=4
2026-09-10 18:29:31.994 | [📘 INFO] 查询表数据 → database=hrm, table=QRTZ_BLOB_TRIGGERS, limit=1000
2026-09-10 18:29:32.018 | [💾 SQL] 执行查询 → table=QRTZ_BLOB_TRIGGERS 
  SQL: SELECT * FROM `hrm`.`QRTZ_BLOB_TRIGGERS`  LIMIT 1000
2026-09-10 18:29:32.068 | [✅ SUCCESS] 查询数据成功 → table=QRTZ_BLOB_TRIGGERS, 行数=0
2026-09-10 18:29:37.371 | [📘 INFO] 获取表结构 → database=hrm, table=hrm_offer
2026-09-10 18:29:37.372 | [💾 SQL] 执行查询 → table=hrm_offer 
  SQL: DESCRIBE `hrm`.`hrm_offer`
2026-09-10 18:29:37.451 | [✅ SUCCESS] 获取表结构成功 → table=hrm_offer, 字段数=53
2026-09-10 18:29:37.489 | [📘 INFO] 查询表数据 → database=hrm, table=hrm_offer, limit=1000
2026-09-10 18:29:37.514 | [💾 SQL] 执行查询 → table=hrm_offer 
  SQL: SELECT * FROM `hrm`.`hrm_offer`  LIMIT 1000
2026-09-10 18:29:37.627 | [✅ SUCCESS] 查询数据成功 → table=hrm_offer, 行数=1000
2026-09-10 18:29:54.494 | [📘 INFO] 获取表结构 → database=hrm, table=hrm_user
2026-09-10 18:29:54.495 | [💾 SQL] 执行查询 → table=hrm_user 
  SQL: DESCRIBE `hrm`.`hrm_user`
2026-09-10 18:29:54.578 | [✅ SUCCESS] 获取表结构成功 → table=hrm_user, 字段数=42
2026-09-10 18:29:54.619 | [📘 INFO] 查询表数据 → database=hrm, table=hrm_user, limit=1000
2026-09-10 18:29:54.645 | [💾 SQL] 执行查询 → table=hrm_user 
  SQL: SELECT * FROM `hrm`.`hrm_user`  LIMIT 1000
2026-09-10 18:29:54.749 | [✅ SUCCESS] 查询数据成功 → table=hrm_user, 行数=1000
2026-09-10 18:30:00.148 | [📘 INFO] 查询表数据 → database=hrm, table=hrm_user, limit=1000
2026-09-10 18:30:00.173 | [📘 INFO] 应用筛选条件 → WHERE `realname` = '嘻哈2'
2026-09-10 18:30:00.173 | [💾 SQL] 执行查询 → table=hrm_user 
  SQL: SELECT * FROM `hrm`.`hrm_user` WHERE `realname` = '嘻哈2' LIMIT 1000
2026-09-10 18:30:00.242 | [✅ SUCCESS] 查询数据成功 → table=hrm_user, 行数=1
2026-09-10 18:30:09.202 | [📊 DATA] 前端数据变更 → table=hrm_user, pk=id=116243 
  DATA: {"email": {"old": "646846025@qq.com", "new": "1111@qq.com"}}
2026-09-10 18:30:09.203 | [📘 INFO] 执行表数据更新 → table=hrm_user
2026-09-10 18:30:09.203 | [💾 SQL] 执行UPDATE语句 → table=hrm_user 
  SQL: UPDATE `hrm`.`hrm_user` SET `email` = :email WHERE `id` = :pk_value
2026-09-10 18:30:09.281 | [✅ SUCCESS] 更新数据成功 → table=hrm_user, 影响行数=1
2026-09-10 18:30:09.426 | [📘 INFO] 查询表数据 → database=hrm, table=hrm_user, limit=1000
2026-09-10 18:30:09.460 | [📘 INFO] 应用筛选条件 → WHERE `realname` = '嘻哈2'
2026-09-10 18:30:09.461 | [💾 SQL] 执行查询 → table=hrm_user 
  SQL: SELECT * FROM `hrm`.`hrm_user` WHERE `realname` = '嘻哈2' LIMIT 1000
2026-09-10 18:30:09.540 | [✅ SUCCESS] 查询数据成功 → table=hrm_user, 行数=1
2026-09-10 18:32:47.058 | [📊 DATA] 前端数据变更 → table=hrm_user, pk=id=116243 
  DATA: {"email": {"old": "1111@qq.com", "new": "2222@qq.com"}}
2026-09-10 18:32:47.059 | [📘 INFO] 执行表数据更新 → table=hrm_user
2026-09-10 18:32:47.059 | [💾 SQL] 执行UPDATE语句 → table=hrm_user 
  SQL: UPDATE `hrm`.`hrm_user` SET `email` = :email WHERE `id` = :pk_value
2026-09-10 18:32:47.142 | [✅ SUCCESS] 更新数据成功 → table=hrm_user, 影响行数=1
2026-09-10 18:32:47.310 | [📘 INFO] 查询表数据 → database=hrm, table=hrm_user, limit=1000
2026-09-10 18:32:47.336 | [📘 INFO] 应用筛选条件 → WHERE `realname` = '嘻哈2'
2026-09-10 18:32:47.336 | [💾 SQL] 执行查询 → table=hrm_user 
  SQL: SELECT * FROM `hrm`.`hrm_user` WHERE `realname` = '嘻哈2' LIMIT 1000
2026-09-10 18:32:47.403 | [✅ SUCCESS] 查询数据成功 → table=hrm_user, 行数=1
2026-09-10 18:33:30.516 | [📘 INFO] 🚀 MySQL数据库连接工具启动 → 日志文件: E:\2fafacode\1Python\1renheutils-navigation\sql\mysql.log
2026-09-10 18:33:30.516 | [📘 INFO] 测试连接 → host=47.116.211.247, port=3306, database=(default)
2026-09-10 18:33:30.566 | [✅ SUCCESS] 连接成功 → host=47.116.211.247, database=(default)
2026-09-10 18:33:30.591 | [📘 INFO] 获取数据库列表
2026-09-10 18:33:30.662 | [✅ SUCCESS] 获取到 6 个数据库
2026-09-10 18:33:30.664 | [📘 INFO] 获取表列表 → database=hrm
2026-09-10 18:33:30.739 | [✅ SUCCESS] 获取到 220 个表 → database=hrm
2026-09-10 18:33:30.740 | [📘 INFO] 获取表结构 → database=hrm, table=QRTZ_BLOB_TRIGGERS
2026-09-10 18:33:30.740 | [💾 SQL] 执行查询 → table=QRTZ_BLOB_TRIGGERS 
  SQL: DESCRIBE `hrm`.`QRTZ_BLOB_TRIGGERS`
2026-09-10 18:33:30.817 | [✅ SUCCESS] 获取表结构成功 → table=QRTZ_BLOB_TRIGGERS, 字段数=4
2026-09-10 18:33:30.929 | [📘 INFO] 查询表数据 → database=hrm, table=QRTZ_BLOB_TRIGGERS, limit=1000
2026-09-10 18:33:30.954 | [💾 SQL] 执行查询 → table=QRTZ_BLOB_TRIGGERS 
  SQL: SELECT * FROM `hrm`.`QRTZ_BLOB_TRIGGERS`  LIMIT 1000
2026-09-10 18:33:31.004 | [✅ SUCCESS] 查询数据成功 → table=QRTZ_BLOB_TRIGGERS, 行数=0
2026-09-10 18:33:47.833 | [📘 INFO] 获取表结构 → database=hrm, table=hrm_user
2026-09-10 18:33:47.835 | [💾 SQL] 执行查询 → table=hrm_user 
  SQL: DESCRIBE `hrm`.`hrm_user`
2026-09-10 18:33:47.914 | [✅ SUCCESS] 获取表结构成功 → table=hrm_user, 字段数=42
2026-09-10 18:33:48.037 | [📘 INFO] 查询表数据 → database=hrm, table=hrm_user, limit=1000
2026-09-10 18:33:48.073 | [💾 SQL] 执行查询 → table=hrm_user 
  SQL: SELECT * FROM `hrm`.`hrm_user`  LIMIT 1000
2026-09-10 18:33:48.230 | [✅ SUCCESS] 查询数据成功 → table=hrm_user, 行数=1000
2026-09-10 18:34:08.438 | [📘 INFO] 查询表数据 → database=hrm, table=hrm_user, limit=1000
2026-09-10 18:34:08.544 | [📘 INFO] 应用筛选条件 → WHERE `username` = '15926329830'
2026-09-10 18:34:08.685 | [💾 SQL] 执行查询 → table=hrm_user 
  SQL: SELECT * FROM `hrm`.`hrm_user` WHERE `username` = '15926329830' LIMIT 1000
2026-09-10 18:34:09.246 | [✅ SUCCESS] 查询数据成功 → table=hrm_user, 行数=1
2026-09-10 18:34:23.615 | [📊 DATA] 前端数据变更 → table=hrm_user, pk=id=100003 
  DATA: {"email": {"old": "646846025@qq.com", "new": "1111@qq.com"}}
2026-09-10 18:34:23.649 | [📘 INFO] 执行表数据更新 → table=hrm_user
2026-09-10 18:34:23.680 | [💾 SQL] 执行UPDATE语句 → table=hrm_user 
  SQL: UPDATE `hrm`.`hrm_user` SET `email` = :email WHERE `id` = :pk_value
2026-09-10 18:34:23.897 | [✅ SUCCESS] 更新数据成功 → table=hrm_user, 影响行数=1
2026-09-10 18:34:30.654 | [📘 INFO] 查询表数据 → database=hrm, table=hrm_user, limit=1000
2026-09-10 18:34:30.870 | [📘 INFO] 应用筛选条件 → WHERE `username` = '15926329830'
2026-09-10 18:34:30.886 | [💾 SQL] 执行查询 → table=hrm_user 
  SQL: SELECT * FROM `hrm`.`hrm_user` WHERE `username` = '15926329830' LIMIT 1000
2026-09-10 18:34:31.547 | [✅ SUCCESS] 查询数据成功 → table=hrm_user, 行数=1
2026-09-10 18:34:42.695 | [📘 INFO] 🚀 MySQL数据库连接工具启动 → 日志文件: E:\2fafacode\1Python\1renheutils-navigation\sql\mysql.log
2026-09-10 18:34:42.725 | [📘 INFO] 测试连接 → host=47.116.211.247, port=3306, database=(default)
2026-09-10 18:34:42.881 | [✅ SUCCESS] 连接成功 → host=47.116.211.247, database=(default)
2026-09-10 18:34:42.945 | [📘 INFO] 获取数据库列表
2026-09-10 18:34:43.188 | [✅ SUCCESS] 获取到 6 个数据库
2026-09-10 18:34:43.189 | [📘 INFO] 获取表列表 → database=hrm
2026-09-10 18:34:43.271 | [✅ SUCCESS] 获取到 220 个表 → database=hrm
2026-09-10 18:34:43.273 | [📘 INFO] 获取表结构 → database=hrm, table=QRTZ_BLOB_TRIGGERS
2026-09-10 18:34:43.274 | [💾 SQL] 执行查询 → table=QRTZ_BLOB_TRIGGERS 
  SQL: DESCRIBE `hrm`.`QRTZ_BLOB_TRIGGERS`
2026-09-10 18:34:43.353 | [✅ SUCCESS] 获取表结构成功 → table=QRTZ_BLOB_TRIGGERS, 字段数=4
2026-09-10 18:34:43.487 | [📘 INFO] 查询表数据 → database=hrm, table=QRTZ_BLOB_TRIGGERS, limit=1000
2026-09-10 18:34:43.513 | [💾 SQL] 执行查询 → table=QRTZ_BLOB_TRIGGERS 
  SQL: SELECT * FROM `hrm`.`QRTZ_BLOB_TRIGGERS`  LIMIT 1000
2026-09-10 18:34:43.566 | [✅ SUCCESS] 查询数据成功 → table=QRTZ_BLOB_TRIGGERS, 行数=0
2026-09-10 18:34:56.962 | [📘 INFO] 获取表结构 → database=hrm, table=hrm_user
2026-09-10 18:34:56.964 | [💾 SQL] 执行查询 → table=hrm_user 
  SQL: DESCRIBE `hrm`.`hrm_user`
2026-09-10 18:34:57.053 | [✅ SUCCESS] 获取表结构成功 → table=hrm_user, 字段数=42
2026-09-10 18:34:57.131 | [📘 INFO] 查询表数据 → database=hrm, table=hrm_user, limit=1000
2026-09-10 18:34:57.158 | [💾 SQL] 执行查询 → table=hrm_user 
  SQL: SELECT * FROM `hrm`.`hrm_user`  LIMIT 1000
2026-09-10 18:34:57.295 | [✅ SUCCESS] 查询数据成功 → table=hrm_user, 行数=1000
2026-09-10 18:35:11.929 | [📘 INFO] 查询表数据 → database=hrm, table=hrm_user, limit=1000
2026-09-10 18:35:11.961 | [📘 INFO] 应用筛选条件 → WHERE `username` = '15926329830'
2026-09-10 18:35:11.962 | [💾 SQL] 执行查询 → table=hrm_user 
  SQL: SELECT * FROM `hrm`.`hrm_user` WHERE `username` = '15926329830' LIMIT 1000
2026-09-10 18:35:12.051 | [✅ SUCCESS] 查询数据成功 → table=hrm_user, 行数=1
2026-09-10 18:35:16.092 | [📊 DATA] 前端数据变更 → table=hrm_user, pk=id=100003 
  DATA: {"email": {"old": "1111@qq.com", "new": "2222@qq.com"}}
2026-09-10 18:35:16.094 | [📘 INFO] 执行表数据更新 → table=hrm_user
2026-09-10 18:35:16.095 | [💾 SQL] 执行UPDATE语句 → table=hrm_user 
  SQL: UPDATE `hrm`.`hrm_user` SET `email` = :email WHERE `id` = :pk_value
2026-09-10 18:35:16.173 | [✅ SUCCESS] 更新数据成功 → table=hrm_user, 影响行数=1
2026-09-10 18:35:16.370 | [📘 INFO] 查询表数据 → database=hrm, table=hrm_user, limit=1000
2026-09-10 18:35:16.395 | [📘 INFO] 应用筛选条件 → WHERE `username` = '15926329830'
2026-09-10 18:35:16.396 | [💾 SQL] 执行查询 → table=hrm_user 
  SQL: SELECT * FROM `hrm`.`hrm_user` WHERE `username` = '15926329830' LIMIT 1000
2026-09-10 18:35:16.465 | [✅ SUCCESS] 查询数据成功 → table=hrm_user, 行数=1
2026-09-10 18:37:20.523 | [📘 INFO] 🚀 MySQL数据库连接工具启动 → 日志文件: E:\2fafacode\1Python\1renheutils-navigation\sql\mysql.log
2026-09-10 18:37:20.525 | [📘 INFO] 测试连接 → host=47.116.211.247, port=3306, database=(default)
2026-09-10 18:37:20.581 | [✅ SUCCESS] 连接成功 → host=47.116.211.247, database=(default)
2026-09-10 18:37:20.618 | [📘 INFO] 获取数据库列表
2026-09-10 18:37:21.105 | [✅ SUCCESS] 获取到 6 个数据库
2026-09-10 18:37:21.106 | [📘 INFO] 获取表列表 → database=hrm
2026-09-10 18:37:21.594 | [✅ SUCCESS] 获取到 220 个表 → database=hrm
2026-09-10 18:37:21.596 | [📘 INFO] 获取表结构 → database=hrm, table=QRTZ_BLOB_TRIGGERS
2026-09-10 18:37:21.601 | [💾 SQL] 执行查询 → table=QRTZ_BLOB_TRIGGERS 
  SQL: DESCRIBE `hrm`.`QRTZ_BLOB_TRIGGERS`
2026-09-10 18:37:23.688 | [📘 INFO] 获取表结构 → database=hrm, table=QRTZ_BLOB_TRIGGERS
2026-09-10 18:37:23.690 | [💾 SQL] 执行查询 → table=QRTZ_BLOB_TRIGGERS 
  SQL: DESCRIBE `hrm`.`QRTZ_BLOB_TRIGGERS`
2026-09-10 18:37:23.771 | [✅ SUCCESS] 获取表结构成功 → table=QRTZ_BLOB_TRIGGERS, 字段数=4
2026-09-10 18:37:23.822 | [📘 INFO] 查询表数据 → database=hrm, table=QRTZ_BLOB_TRIGGERS, limit=1000
2026-09-10 18:37:23.847 | [💾 SQL] 执行查询 → table=QRTZ_BLOB_TRIGGERS 
  SQL: SELECT * FROM `hrm`.`QRTZ_BLOB_TRIGGERS`  LIMIT 1000
2026-09-10 18:37:23.898 | [✅ SUCCESS] 查询数据成功 → table=QRTZ_BLOB_TRIGGERS, 行数=0
2026-09-10 18:37:28.247 | [📘 INFO] 获取表结构 → database=hrm, table=hrm_user
2026-09-10 18:37:28.248 | [💾 SQL] 执行查询 → table=hrm_user 
  SQL: DESCRIBE `hrm`.`hrm_user`
2026-09-10 18:37:28.328 | [✅ SUCCESS] 获取表结构成功 → table=hrm_user, 字段数=42
2026-09-10 18:37:28.382 | [📘 INFO] 查询表数据 → database=hrm, table=hrm_user, limit=1000
2026-09-10 18:37:28.411 | [💾 SQL] 执行查询 → table=hrm_user 
  SQL: SELECT * FROM `hrm`.`hrm_user`  LIMIT 1000
2026-09-10 18:37:28.531 | [✅ SUCCESS] 查询数据成功 → table=hrm_user, 行数=1000
2026-09-10 18:37:38.503 | [📘 INFO] 查询表数据 → database=hrm, table=hrm_user, limit=1000
2026-09-10 18:37:38.537 | [📘 INFO] 应用筛选条件 → WHERE `username` = '15926329830'
2026-09-10 18:37:38.537 | [💾 SQL] 执行查询 → table=hrm_user 
  SQL: SELECT * FROM `hrm`.`hrm_user` WHERE `username` = '15926329830' LIMIT 1000
2026-09-10 18:37:38.967 | [✅ SUCCESS] 查询数据成功 → table=hrm_user, 行数=1
2026-09-10 18:37:55.257 | [📊 DATA] 前端数据变更 → table=hrm_user, pk=id=100003 
  DATA: {"email": {"old": "2222@qq.com", "new": "1111@qq.com"}}
2026-09-10 18:37:55.259 | [📘 INFO] 执行表数据更新 → table=hrm_user
2026-09-10 18:37:55.261 | [💾 SQL] 执行UPDATE语句 → table=hrm_user 
  SQL: UPDATE `hrm`.`hrm_user` SET `email` = :email WHERE `id` = :pk_value
2026-09-10 18:37:55.337 | [✅ SUCCESS] 更新数据成功 → table=hrm_user, 影响行数=1
2026-09-10 18:37:55.566 | [📘 INFO] 查询表数据 → database=hrm, table=hrm_user, limit=1000
2026-09-10 18:37:55.592 | [📘 INFO] 应用筛选条件 → WHERE `username` = '15926329830'
2026-09-10 18:37:55.593 | [💾 SQL] 执行查询 → table=hrm_user 
  SQL: SELECT * FROM `hrm`.`hrm_user` WHERE `username` = '15926329830' LIMIT 1000
2026-09-10 18:37:55.668 | [✅ SUCCESS] 查询数据成功 → table=hrm_user, 行数=1
2026-09-10 18:38:13.681 | [📊 DATA] 前端数据变更 → table=hrm_user, pk=id=100003 
  DATA: {"email": {"old": "1111@qq.com", "new": "2222@qq.com"}}
2026-09-10 18:38:13.682 | [📘 INFO] 执行表数据更新 → table=hrm_user
2026-09-10 18:38:13.684 | [💾 SQL] 执行UPDATE语句 → table=hrm_user 
  SQL: UPDATE `hrm`.`hrm_user` SET `email` = :email WHERE `id` = :pk_value
2026-09-10 18:38:13.759 | [✅ SUCCESS] 更新数据成功 → table=hrm_user, 影响行数=1
2026-09-10 18:38:13.935 | [📘 INFO] 查询表数据 → database=hrm, table=hrm_user, limit=1000
2026-09-10 18:38:13.971 | [📘 INFO] 应用筛选条件 → WHERE `username` = '15926329830'
2026-09-10 18:38:13.972 | [💾 SQL] 执行查询 → table=hrm_user 
  SQL: SELECT * FROM `hrm`.`hrm_user` WHERE `username` = '15926329830' LIMIT 1000
2026-09-10 18:38:14.066 | [✅ SUCCESS] 查询数据成功 → table=hrm_user, 行数=1
2026-09-10 18:38:44.669 | [📘 INFO] 查询表数据 → database=hrm, table=hrm_user, limit=1000
2026-09-10 18:38:44.694 | [💾 SQL] 执行查询 → table=hrm_user 
  SQL: SELECT * FROM `hrm`.`hrm_user`  LIMIT 1000
2026-09-10 18:38:44.799 | [✅ SUCCESS] 查询数据成功 → table=hrm_user, 行数=1000
2026-09-10 18:51:56.317 | [📘 INFO] 🚀 MySQL数据库连接工具启动 → 日志文件: E:\2fafacode\1Python\1renheutils-navigation\sql\mysql.log
2026-09-10 18:51:56.318 | [📘 INFO] 测试连接 → host=47.116.211.247, port=3306, database=(default)
2026-09-10 18:51:56.367 | [✅ SUCCESS] 连接成功 → host=47.116.211.247, database=(default)
2026-09-10 18:51:56.391 | [📘 INFO] 获取数据库列表
2026-09-10 18:51:56.470 | [✅ SUCCESS] 获取到 6 个数据库
2026-09-10 18:51:56.470 | [📘 INFO] 获取表列表 → database=hrm
2026-09-10 18:51:56.547 | [✅ SUCCESS] 获取到 220 个表 → database=hrm
2026-09-10 18:51:56.547 | [📘 INFO] 获取表结构 → database=hrm, table=QRTZ_BLOB_TRIGGERS
2026-09-10 18:51:56.548 | [💾 SQL] 执行查询 → table=QRTZ_BLOB_TRIGGERS 
  SQL: DESCRIBE `hrm`.`QRTZ_BLOB_TRIGGERS`
2026-09-10 18:51:56.623 | [✅ SUCCESS] 获取表结构成功 → table=QRTZ_BLOB_TRIGGERS, 字段数=4
2026-09-10 18:51:56.726 | [📘 INFO] 查询表数据 → database=hrm, table=QRTZ_BLOB_TRIGGERS, limit=1000
2026-09-10 18:51:56.751 | [💾 SQL] 执行查询 → table=QRTZ_BLOB_TRIGGERS 
  SQL: SELECT * FROM `hrm`.`QRTZ_BLOB_TRIGGERS`  LIMIT 1000
2026-09-10 18:51:56.801 | [✅ SUCCESS] 查询数据成功 → table=QRTZ_BLOB_TRIGGERS, 行数=0
2026-09-11 09:34:51.827 | [📘 INFO] 🚀 MySQL数据库连接工具启动 → 日志文件: E:\2fafacode\1Python\1renheutils-navigation\sql\mysql.log
2026-09-11 09:34:51.828 | [📘 INFO] 测试连接 → host=47.116.211.247, port=3306, database=(default)
2026-09-11 09:34:52.163 | [✅ SUCCESS] 连接成功 → host=47.116.211.247, database=(default)
2026-09-11 09:34:52.184 | [📘 INFO] 获取数据库列表
2026-09-11 09:34:52.249 | [✅ SUCCESS] 获取到 6 个数据库
2026-09-11 09:34:52.249 | [📘 INFO] 获取表列表 → database=hrm
2026-09-11 09:34:52.561 | [✅ SUCCESS] 获取到 220 个表 → database=hrm
2026-09-11 09:34:52.561 | [📘 INFO] 获取表结构 → database=hrm, table=QRTZ_BLOB_TRIGGERS
2026-09-11 09:34:52.561 | [💾 SQL] 执行查询 → table=QRTZ_BLOB_TRIGGERS 
  SQL: DESCRIBE `hrm`.`QRTZ_BLOB_TRIGGERS`
2026-09-11 09:34:52.694 | [✅ SUCCESS] 获取表结构成功 → table=QRTZ_BLOB_TRIGGERS, 字段数=4
2026-09-11 09:34:52.790 | [📘 INFO] 查询表数据 → database=hrm, table=QRTZ_BLOB_TRIGGERS, limit=1000
2026-09-11 09:34:52.813 | [💾 SQL] 执行查询 → table=QRTZ_BLOB_TRIGGERS 
  SQL: SELECT * FROM `hrm`.`QRTZ_BLOB_TRIGGERS`  LIMIT 1000
2026-09-11 09:34:52.857 | [✅ SUCCESS] 查询数据成功 → table=QRTZ_BLOB_TRIGGERS, 行数=0
2026-09-11 10:24:22.202 | [📘 INFO] 🚀 MySQL数据库连接工具启动 → 日志文件: E:\2fafacode\1Python\1renheutils-navigation\sql\mysql.log
2026-09-11 10:24:22.203 | [📘 INFO] 测试连接 → host=47.116.211.247, port=3306, database=(default)
2026-09-11 10:24:22.250 | [✅ SUCCESS] 连接成功 → host=47.116.211.247, database=(default)
2026-09-11 10:24:22.272 | [📘 INFO] 获取数据库列表
2026-09-11 10:24:22.340 | [✅ SUCCESS] 获取到 6 个数据库
2026-09-11 10:24:22.341 | [📘 INFO] 获取表列表 → database=hrm
2026-09-11 10:24:22.416 | [✅ SUCCESS] 获取到 220 个表 → database=hrm
2026-09-11 10:24:22.418 | [📘 INFO] 获取表结构 → database=hrm, table=QRTZ_BLOB_TRIGGERS
2026-09-11 10:24:22.420 | [💾 SQL] 执行查询 → table=QRTZ_BLOB_TRIGGERS 
  SQL: DESCRIBE `hrm`.`QRTZ_BLOB_TRIGGERS`
2026-09-11 10:24:22.494 | [✅ SUCCESS] 获取表结构成功 → table=QRTZ_BLOB_TRIGGERS, 字段数=4
2026-09-11 10:24:22.708 | [📘 INFO] 查询表数据 → database=hrm, table=QRTZ_BLOB_TRIGGERS, limit=1000
2026-09-11 10:24:22.733 | [💾 SQL] 执行查询 → table=QRTZ_BLOB_TRIGGERS 
  SQL: SELECT * FROM `hrm`.`QRTZ_BLOB_TRIGGERS`  LIMIT 1000
2026-09-11 10:24:22.780 | [✅ SUCCESS] 查询数据成功 → table=QRTZ_BLOB_TRIGGERS, 行数=0
2026-09-11 10:51:08.639 | [📘 INFO] 🚀 MySQL数据库连接工具启动 → 日志文件: E:\2fafacode\1Python\1renheutils-navigation\sql\mysql.log
2026-09-11 10:51:08.640 | [📘 INFO] 测试连接 → host=47.116.211.247, port=3306, database=(default)
2026-09-11 10:51:08.996 | [✅ SUCCESS] 连接成功 → host=47.116.211.247, database=(default)
2026-09-11 10:51:09.021 | [📘 INFO] 获取数据库列表
2026-09-11 10:51:09.097 | [✅ SUCCESS] 获取到 6 个数据库
2026-09-11 10:51:09.098 | [📘 INFO] 获取表列表 → database=hrm
2026-09-11 10:51:09.454 | [✅ SUCCESS] 获取到 220 个表 → database=hrm
2026-09-11 10:51:09.456 | [📘 INFO] 获取表结构 → database=hrm, table=QRTZ_BLOB_TRIGGERS
2026-09-11 10:51:09.457 | [💾 SQL] 执行查询 → table=QRTZ_BLOB_TRIGGERS 
  SQL: DESCRIBE `hrm`.`QRTZ_BLOB_TRIGGERS`
2026-09-11 10:51:09.536 | [✅ SUCCESS] 获取表结构成功 → table=QRTZ_BLOB_TRIGGERS, 字段数=4
2026-09-11 10:51:09.625 | [📘 INFO] 查询表数据 → database=hrm, table=QRTZ_BLOB_TRIGGERS, limit=1000
2026-09-11 10:51:09.649 | [💾 SQL] 执行查询 → table=QRTZ_BLOB_TRIGGERS 
  SQL: SELECT * FROM `hrm`.`QRTZ_BLOB_TRIGGERS`  LIMIT 1000
2026-09-11 10:51:09.695 | [✅ SUCCESS] 查询数据成功 → table=QRTZ_BLOB_TRIGGERS, 行数=0
2026-09-11 17:40:19.319 | [📘 INFO] 🚀 MySQL数据库连接工具启动 → 日志文件: E:\2fafacode\1Python\1renheutils-navigation\sql\mysql.log
2026-09-11 17:40:19.321 | [📘 INFO] 测试连接 → host=47.116.211.247, port=3306, database=(default)
2026-09-11 17:40:19.484 | [✅ SUCCESS] 连接成功 → host=47.116.211.247, database=(default)
2026-09-11 17:40:19.507 | [📘 INFO] 获取数据库列表
2026-09-11 17:40:19.583 | [✅ SUCCESS] 获取到 6 个数据库
2026-09-11 17:40:19.584 | [📘 INFO] 获取表列表 → database=hrm
2026-09-11 17:40:19.776 | [✅ SUCCESS] 获取到 220 个表 → database=hrm
2026-09-11 17:40:19.777 | [📘 INFO] 获取表结构 → database=hrm, table=QRTZ_BLOB_TRIGGERS
2026-09-11 17:40:19.778 | [💾 SQL] 执行查询 → table=QRTZ_BLOB_TRIGGERS 
  SQL: DESCRIBE `hrm`.`QRTZ_BLOB_TRIGGERS`
2026-09-11 17:40:19.852 | [✅ SUCCESS] 获取表结构成功 → table=QRTZ_BLOB_TRIGGERS, 字段数=4
2026-09-11 17:40:19.957 | [📘 INFO] 查询表数据 → database=hrm, table=QRTZ_BLOB_TRIGGERS, limit=1000
2026-09-11 17:40:19.983 | [💾 SQL] 执行查询 → table=QRTZ_BLOB_TRIGGERS 
  SQL: SELECT * FROM `hrm`.`QRTZ_BLOB_TRIGGERS`  LIMIT 1000
2026-09-11 17:40:20.031 | [✅ SUCCESS] 查询数据成功 → table=QRTZ_BLOB_TRIGGERS, 行数=0
2026-09-11 17:40:34.153 | [📘 INFO] 获取表结构 → database=hrm, table=hrm_user
2026-09-11 17:40:34.153 | [💾 SQL] 执行查询 → table=hrm_user 
  SQL: DESCRIBE `hrm`.`hrm_user`
2026-09-11 17:40:34.230 | [✅ SUCCESS] 获取表结构成功 → table=hrm_user, 字段数=42
2026-09-11 17:40:34.275 | [📘 INFO] 查询表数据 → database=hrm, table=hrm_user, limit=1000
2026-09-11 17:40:34.300 | [💾 SQL] 执行查询 → table=hrm_user 
  SQL: SELECT * FROM `hrm`.`hrm_user`  LIMIT 1000
2026-09-11 17:40:34.476 | [✅ SUCCESS] 查询数据成功 → table=hrm_user, 行数=1000
2026-09-11 17:41:07.635 | [📘 INFO] 查询表数据 → database=hrm, table=hrm_user, limit=1000
2026-09-11 17:41:07.660 | [📘 INFO] 应用筛选条件 → WHERE `username` = '13006199019'
2026-09-11 17:41:07.660 | [💾 SQL] 执行查询 → table=hrm_user 
  SQL: SELECT * FROM `hrm`.`hrm_user` WHERE `username` = '13006199019' LIMIT 1000
2026-09-11 17:41:07.741 | [✅ SUCCESS] 查询数据成功 → table=hrm_user, 行数=1
2026-09-11 17:41:29.752 | [📘 INFO] 查询表数据 → database=hrm, table=hrm_user, limit=1000
2026-09-11 17:41:29.777 | [📘 INFO] 应用筛选条件 → WHERE `username` = '13006199019'
2026-09-11 17:41:29.778 | [💾 SQL] 执行查询 → table=hrm_user 
  SQL: SELECT * FROM `hrm`.`hrm_user` WHERE `username` = '13006199019' LIMIT 1000
2026-09-11 17:41:29.844 | [✅ SUCCESS] 查询数据成功 → table=hrm_user, 行数=1
2026-09-11 17:42:52.400 | [📘 INFO] 🚀 MySQL数据库连接工具启动 → 日志文件: E:\2fafacode\1Python\1renheutils-navigation\sql\mysql.log
2026-09-11 17:42:52.407 | [📘 INFO] 测试连接 → host=47.116.211.247, port=3306, database=(default)
2026-09-11 17:42:52.453 | [✅ SUCCESS] 连接成功 → host=47.116.211.247, database=(default)
2026-09-11 17:42:52.480 | [📘 INFO] 获取数据库列表
2026-09-11 17:42:52.579 | [✅ SUCCESS] 获取到 6 个数据库
2026-09-11 17:42:52.580 | [📘 INFO] 获取表列表 → database=hrm
2026-09-11 17:42:52.805 | [✅ SUCCESS] 获取到 220 个表 → database=hrm
2026-09-11 17:42:52.806 | [📘 INFO] 获取表结构 → database=hrm, table=QRTZ_BLOB_TRIGGERS
2026-09-11 17:42:52.844 | [💾 SQL] 执行查询 → table=QRTZ_BLOB_TRIGGERS 
  SQL: DESCRIBE `hrm`.`QRTZ_BLOB_TRIGGERS`
2026-09-11 17:42:53.127 | [✅ SUCCESS] 获取表结构成功 → table=QRTZ_BLOB_TRIGGERS, 字段数=4
2026-09-11 17:42:53.337 | [📘 INFO] 查询表数据 → database=hrm, table=QRTZ_BLOB_TRIGGERS, limit=1000
2026-09-11 17:42:53.361 | [💾 SQL] 执行查询 → table=QRTZ_BLOB_TRIGGERS 
  SQL: SELECT * FROM `hrm`.`QRTZ_BLOB_TRIGGERS`  LIMIT 1000
2026-09-11 17:42:53.410 | [✅ SUCCESS] 查询数据成功 → table=QRTZ_BLOB_TRIGGERS, 行数=0
2026-09-11 17:50:27.993 | [📘 INFO] 🚀 MySQL数据库连接工具启动 → 日志文件: E:\2fafacode\1Python\1renheutils-navigation\sql\mysql.log
2026-09-11 17:50:27.994 | [📘 INFO] 测试连接 → host=47.116.211.247, port=3306, database=(default)
2026-09-11 17:50:28.039 | [✅ SUCCESS] 连接成功 → host=47.116.211.247, database=(default)
2026-09-11 17:50:28.061 | [📘 INFO] 获取数据库列表
2026-09-11 17:50:28.129 | [✅ SUCCESS] 获取到 6 个数据库
2026-09-11 17:50:28.130 | [📘 INFO] 获取表列表 → database=hrm
2026-09-11 17:50:28.207 | [✅ SUCCESS] 获取到 220 个表 → database=hrm
2026-09-11 17:50:28.208 | [📘 INFO] 获取表结构 → database=hrm, table=QRTZ_BLOB_TRIGGERS
2026-09-11 17:50:28.208 | [💾 SQL] 执行查询 → table=QRTZ_BLOB_TRIGGERS 
  SQL: DESCRIBE `hrm`.`QRTZ_BLOB_TRIGGERS`
2026-09-11 17:50:28.282 | [✅ SUCCESS] 获取表结构成功 → table=QRTZ_BLOB_TRIGGERS, 字段数=4
2026-09-11 17:50:28.406 | [📘 INFO] 查询表数据 → database=hrm, table=QRTZ_BLOB_TRIGGERS, limit=1000
2026-09-11 17:50:28.431 | [💾 SQL] 执行查询 → table=QRTZ_BLOB_TRIGGERS 
  SQL: SELECT * FROM `hrm`.`QRTZ_BLOB_TRIGGERS`  LIMIT 1000
2026-09-11 17:50:28.487 | [✅ SUCCESS] 查询数据成功 → table=QRTZ_BLOB_TRIGGERS, 行数=0
2026-09-11 17:53:37.005 | [📘 INFO] 🚀 MySQL数据库连接工具启动 → 日志文件: E:\2fafacode\1Python\1renheutils-navigation\sql\mysql.log
2026-09-11 17:53:37.006 | [📘 INFO] 测试连接 → host=47.116.211.247, port=3306, database=(default)
2026-09-11 17:53:37.458 | [✅ SUCCESS] 连接成功 → host=47.116.211.247, database=(default)
2026-09-11 17:53:37.483 | [📘 INFO] 获取数据库列表
2026-09-11 17:53:37.559 | [✅ SUCCESS] 获取到 6 个数据库
2026-09-11 17:53:37.559 | [📘 INFO] 获取表列表 → database=hrm
2026-09-11 17:53:37.895 | [✅ SUCCESS] 获取到 220 个表 → database=hrm
2026-09-11 17:53:37.895 | [📘 INFO] 获取表结构 → database=hrm, table=QRTZ_BLOB_TRIGGERS
2026-09-11 17:53:37.896 | [💾 SQL] 执行查询 → table=QRTZ_BLOB_TRIGGERS 
  SQL: DESCRIBE `hrm`.`QRTZ_BLOB_TRIGGERS`
2026-09-11 17:53:38.024 | [✅ SUCCESS] 获取表结构成功 → table=QRTZ_BLOB_TRIGGERS, 字段数=4
2026-09-11 17:53:38.129 | [📘 INFO] 查询表数据 → database=hrm, table=QRTZ_BLOB_TRIGGERS, limit=1000
2026-09-11 17:53:38.157 | [💾 SQL] 执行查询 → table=QRTZ_BLOB_TRIGGERS 
  SQL: SELECT * FROM `hrm`.`QRTZ_BLOB_TRIGGERS`  LIMIT 1000
2026-09-11 17:53:38.206 | [✅ SUCCESS] 查询数据成功 → table=QRTZ_BLOB_TRIGGERS, 行数=0
2026-09-11 17:53:56.088 | [📘 INFO] 🚀 MySQL数据库连接工具启动 → 日志文件: E:\2fafacode\1Python\1renheutils-navigation\sql\mysql.log
2026-09-11 17:53:56.090 | [📘 INFO] 测试连接 → host=47.116.211.247, port=3306, database=(default)
2026-09-11 17:53:56.141 | [✅ SUCCESS] 连接成功 → host=47.116.211.247, database=(default)
2026-09-11 17:53:56.164 | [📘 INFO] 获取数据库列表
2026-09-11 17:53:56.166 | [✅ SUCCESS] 获取到 6 个数据库
2026-09-11 17:53:56.169 | [📘 INFO] 获取表列表 → database=hrm
2026-09-11 17:53:56.170 | [✅ SUCCESS] 获取到 220 个表 → database=hrm
2026-09-11 17:53:56.172 | [📘 INFO] 获取表结构 → database=hrm, table=QRTZ_BLOB_TRIGGERS
2026-09-11 17:53:56.173 | [💾 SQL] 执行查询 → table=QRTZ_BLOB_TRIGGERS 
  SQL: DESCRIBE `hrm`.`QRTZ_BLOB_TRIGGERS`
2026-09-11 17:53:56.250 | [✅ SUCCESS] 获取表结构成功 → table=QRTZ_BLOB_TRIGGERS, 字段数=4
2026-09-11 17:53:56.445 | [📘 INFO] 查询表数据 → database=hrm, table=QRTZ_BLOB_TRIGGERS, limit=1000
2026-09-11 17:53:56.468 | [💾 SQL] 执行查询 → table=QRTZ_BLOB_TRIGGERS 
  SQL: SELECT * FROM `hrm`.`QRTZ_BLOB_TRIGGERS`  LIMIT 1000
2026-09-11 17:53:56.514 | [✅ SUCCESS] 查询数据成功 → table=QRTZ_BLOB_TRIGGERS, 行数=0
2026-09-12 09:31:46.756 | [📘 INFO] 🚀 MySQL数据库连接工具启动 → 日志文件: E:\2fafacode\1Python\1renheutils-navigation\sql\mysql.log
2026-09-12 09:31:46.758 | [📘 INFO] 测试连接 → host=47.116.211.247, port=3306, database=(default)
2026-09-12 09:31:47.144 | [✅ SUCCESS] 连接成功 → host=47.116.211.247, database=(default)
2026-09-12 09:31:47.168 | [📘 INFO] 获取数据库列表
2026-09-12 09:31:47.274 | [✅ SUCCESS] 获取到 6 个数据库
2026-09-12 09:31:47.274 | [📘 INFO] 获取表列表 → database=hrm
2026-09-12 09:31:47.549 | [✅ SUCCESS] 获取到 220 个表 → database=hrm
2026-09-12 09:31:47.550 | [📘 INFO] 获取表结构 → database=hrm, table=QRTZ_BLOB_TRIGGERS
2026-09-12 09:31:47.550 | [💾 SQL] 执行查询 → table=QRTZ_BLOB_TRIGGERS 
  SQL: DESCRIBE `hrm`.`QRTZ_BLOB_TRIGGERS`
2026-09-12 09:31:47.637 | [✅ SUCCESS] 获取表结构成功 → table=QRTZ_BLOB_TRIGGERS, 字段数=4
2026-09-12 09:31:47.774 | [📘 INFO] 查询表数据 → database=hrm, table=QRTZ_BLOB_TRIGGERS, limit=1000
2026-09-12 09:31:47.794 | [💾 SQL] 执行查询 → table=QRTZ_BLOB_TRIGGERS 
  SQL: SELECT * FROM `hrm`.`QRTZ_BLOB_TRIGGERS`  LIMIT 1000
2026-09-12 09:31:47.834 | [✅ SUCCESS] 查询数据成功 → table=QRTZ_BLOB_TRIGGERS, 行数=0
2026-09-12 16:07:40.525 | [📘 INFO] 🚀 MySQL数据库连接工具启动 → 日志文件: E:\2fafacode\1Python\1renheutils-navigation\sql\mysql.log
2026-09-12 16:07:40.526 | [📘 INFO] 测试连接 → host=47.116.211.247, port=3306, database=(default)
2026-09-12 16:07:40.685 | [✅ SUCCESS] 连接成功 → host=47.116.211.247, database=(default)
2026-09-12 16:07:40.708 | [📘 INFO] 获取数据库列表
2026-09-12 16:07:40.773 | [✅ SUCCESS] 获取到 6 个数据库
2026-09-12 16:07:40.774 | [📘 INFO] 获取表列表 → database=hrm
2026-09-12 16:07:41.009 | [✅ SUCCESS] 获取到 220 个表 → database=hrm
2026-09-12 16:07:41.011 | [📘 INFO] 获取表结构 → database=hrm, table=QRTZ_BLOB_TRIGGERS
2026-09-12 16:07:41.011 | [💾 SQL] 执行查询 → table=QRTZ_BLOB_TRIGGERS 
  SQL: DESCRIBE `hrm`.`QRTZ_BLOB_TRIGGERS`
2026-09-12 16:07:41.100 | [✅ SUCCESS] 获取表结构成功 → table=QRTZ_BLOB_TRIGGERS, 字段数=4
2026-09-12 16:07:41.205 | [📘 INFO] 查询表数据 → database=hrm, table=QRTZ_BLOB_TRIGGERS, limit=1000
2026-09-12 16:07:41.233 | [💾 SQL] 执行查询 → table=QRTZ_BLOB_TRIGGERS 
  SQL: SELECT * FROM `hrm`.`QRTZ_BLOB_TRIGGERS`  LIMIT 1000
2026-09-12 16:07:41.292 | [✅ SUCCESS] 查询数据成功 → table=QRTZ_BLOB_TRIGGERS, 行数=0
2026-09-12 16:07:46.978 | [📘 INFO] 获取表结构 → database=hrm, table=hrm_user
2026-09-12 16:07:46.980 | [💾 SQL] 执行查询 → table=hrm_user 
  SQL: DESCRIBE `hrm`.`hrm_user`
2026-09-12 16:07:47.075 | [✅ SUCCESS] 获取表结构成功 → table=hrm_user, 字段数=42
2026-09-12 16:07:47.118 | [📘 INFO] 查询表数据 → database=hrm, table=hrm_user, limit=1000
2026-09-12 16:07:47.143 | [💾 SQL] 执行查询 → table=hrm_user 
  SQL: SELECT * FROM `hrm`.`hrm_user`  LIMIT 1000
2026-09-12 16:07:47.346 | [✅ SUCCESS] 查询数据成功 → table=hrm_user, 行数=1000
2026-09-12 16:07:59.932 | [📘 INFO] 查询表数据 → database=hrm, table=hrm_user, limit=1000
2026-09-12 16:07:59.961 | [📘 INFO] 应用筛选条件 → WHERE `username` = '13006199019'
2026-09-12 16:07:59.962 | [💾 SQL] 执行查询 → table=hrm_user 
  SQL: SELECT * FROM `hrm`.`hrm_user` WHERE `username` = '13006199019' LIMIT 1000
2026-09-12 16:08:00.042 | [✅ SUCCESS] 查询数据成功 → table=hrm_user, 行数=1
2026-09-12 16:17:39.544 | [📘 INFO] 🚀 MySQL数据库连接工具启动 → 日志文件: E:\2fafacode\1Python\1renheutils-navigation\sql\mysql.log
2026-09-12 16:17:39.545 | [📘 INFO] 测试连接 → host=47.116.211.247, port=3306, database=(default)
2026-09-12 16:17:39.591 | [✅ SUCCESS] 连接成功 → host=47.116.211.247, database=(default)
2026-09-12 16:17:39.614 | [📘 INFO] 获取数据库列表
2026-09-12 16:17:39.683 | [✅ SUCCESS] 获取到 6 个数据库
2026-09-12 16:17:39.684 | [📘 INFO] 获取表列表 → database=hrm
2026-09-12 16:17:39.763 | [✅ SUCCESS] 获取到 220 个表 → database=hrm
2026-09-12 16:17:39.764 | [📘 INFO] 获取表结构 → database=hrm, table=QRTZ_BLOB_TRIGGERS
2026-09-12 16:17:39.765 | [💾 SQL] 执行查询 → table=QRTZ_BLOB_TRIGGERS 
  SQL: DESCRIBE `hrm`.`QRTZ_BLOB_TRIGGERS`
2026-09-12 16:17:39.852 | [✅ SUCCESS] 获取表结构成功 → table=QRTZ_BLOB_TRIGGERS, 字段数=4
2026-09-12 16:17:39.965 | [📘 INFO] 查询表数据 → database=hrm, table=QRTZ_BLOB_TRIGGERS, limit=1000
2026-09-12 16:17:39.997 | [💾 SQL] 执行查询 → table=QRTZ_BLOB_TRIGGERS 
  SQL: SELECT * FROM `hrm`.`QRTZ_BLOB_TRIGGERS`  LIMIT 1000
2026-09-12 16:17:40.055 | [✅ SUCCESS] 查询数据成功 → table=QRTZ_BLOB_TRIGGERS, 行数=0
2026-09-12 16:17:52.038 | [📘 INFO] 获取表结构 → database=hrm, table=hrm_user
2026-09-12 16:17:52.040 | [💾 SQL] 执行查询 → table=hrm_user 
  SQL: DESCRIBE `hrm`.`hrm_user`
2026-09-12 16:17:52.638 | [✅ SUCCESS] 获取表结构成功 → table=hrm_user, 字段数=42
2026-09-12 16:17:53.089 | [📘 INFO] 查询表数据 → database=hrm, table=hrm_user, limit=1000
2026-09-12 16:17:53.124 | [💾 SQL] 执行查询 → table=hrm_user 
  SQL: SELECT * FROM `hrm`.`hrm_user`  LIMIT 1000
2026-09-12 16:17:53.378 | [✅ SUCCESS] 查询数据成功 → table=hrm_user, 行数=1000
2026-09-12 16:18:08.431 | [📘 INFO] 查询表数据 → database=hrm, table=hrm_user, limit=1000
2026-09-12 16:18:08.461 | [📘 INFO] 应用筛选条件 → WHERE `username` = '13006199019'
2026-09-12 16:18:08.462 | [💾 SQL] 执行查询 → table=hrm_user 
  SQL: SELECT * FROM `hrm`.`hrm_user` WHERE `username` = '13006199019' LIMIT 1000
2026-09-12 16:18:08.541 | [✅ SUCCESS] 查询数据成功 → table=hrm_user, 行数=1
2026-09-12 16:53:44.929 | [📘 INFO] 🚀 MySQL数据库连接工具启动 → 日志文件: E:\2fafacode\1Python\1renheutils-navigation\sql\mysql.log
2026-09-12 16:53:44.929 | [📘 INFO] 测试连接 → host=47.116.211.247, port=3306, database=(default)
2026-09-12 16:53:45.242 | [✅ SUCCESS] 连接成功 → host=47.116.211.247, database=(default)
2026-09-12 16:53:45.267 | [📘 INFO] 获取数据库列表
2026-09-12 16:53:45.330 | [✅ SUCCESS] 获取到 6 个数据库
2026-09-12 16:53:45.331 | [📘 INFO] 获取表列表 → database=hrm
2026-09-12 16:53:45.674 | [✅ SUCCESS] 获取到 220 个表 → database=hrm
2026-09-12 16:53:45.675 | [📘 INFO] 获取表结构 → database=hrm, table=QRTZ_BLOB_TRIGGERS
2026-09-12 16:53:45.676 | [💾 SQL] 执行查询 → table=QRTZ_BLOB_TRIGGERS 
  SQL: DESCRIBE `hrm`.`QRTZ_BLOB_TRIGGERS`
2026-09-12 16:53:45.761 | [✅ SUCCESS] 获取表结构成功 → table=QRTZ_BLOB_TRIGGERS, 字段数=4
2026-09-12 16:53:45.882 | [📘 INFO] 查询表数据 → database=hrm, table=QRTZ_BLOB_TRIGGERS, limit=1000
2026-09-12 16:53:45.907 | [💾 SQL] 执行查询 → table=QRTZ_BLOB_TRIGGERS 
  SQL: SELECT * FROM `hrm`.`QRTZ_BLOB_TRIGGERS`  LIMIT 1000
2026-09-12 16:53:45.960 | [✅ SUCCESS] 查询数据成功 → table=QRTZ_BLOB_TRIGGERS, 行数=0
2026-09-14 13:39:06.424 | [📘 INFO] 🚀 MySQL数据库连接工具启动 → 日志文件: E:\2fafacode\1Python\1renheutils-navigation\sql\mysql.log
2026-09-14 13:39:06.425 | [📘 INFO] 测试连接 → host=47.116.211.247, port=3306, database=(default)
2026-09-14 13:39:06.833 | [✅ SUCCESS] 连接成功 → host=47.116.211.247, database=(default)
2026-09-14 13:39:06.862 | [📘 INFO] 获取数据库列表
2026-09-14 13:39:06.947 | [✅ SUCCESS] 获取到 6 个数据库
2026-09-14 13:39:06.948 | [📘 INFO] 获取表列表 → database=hrm
2026-09-14 13:39:07.252 | [✅ SUCCESS] 获取到 220 个表 → database=hrm
2026-09-14 13:39:07.252 | [📘 INFO] 获取表结构 → database=hrm, table=QRTZ_BLOB_TRIGGERS
2026-09-14 13:39:07.253 | [💾 SQL] 执行查询 → table=QRTZ_BLOB_TRIGGERS 
  SQL: DESCRIBE `hrm`.`QRTZ_BLOB_TRIGGERS`
2026-09-14 13:39:07.345 | [✅ SUCCESS] 获取表结构成功 → table=QRTZ_BLOB_TRIGGERS, 字段数=4
2026-09-14 13:39:07.446 | [📘 INFO] 查询表数据 → database=hrm, table=QRTZ_BLOB_TRIGGERS, limit=1000
2026-09-14 13:39:07.469 | [💾 SQL] 执行查询 → table=QRTZ_BLOB_TRIGGERS 
  SQL: SELECT * FROM `hrm`.`QRTZ_BLOB_TRIGGERS`  LIMIT 1000
2026-09-14 13:39:07.512 | [✅ SUCCESS] 查询数据成功 → table=QRTZ_BLOB_TRIGGERS, 行数=0
2026-09-14 14:06:13.913 | [📘 INFO] 🚀 MySQL数据库连接工具启动 → 日志文件: E:\2fafacode\1Python\1renheutils-navigation\sql\mysql.log
2026-09-14 14:06:13.913 | [📘 INFO] 测试连接 → host=47.116.211.247, port=3306, database=(default)
2026-09-14 14:06:13.977 | [✅ SUCCESS] 连接成功 → host=47.116.211.247, database=(default)
2026-09-14 14:06:14.006 | [📘 INFO] 获取数据库列表
2026-09-14 14:06:14.101 | [✅ SUCCESS] 获取到 6 个数据库
2026-09-14 14:06:14.102 | [📘 INFO] 获取表列表 → database=hrm
2026-09-14 14:06:14.183 | [✅ SUCCESS] 获取到 220 个表 → database=hrm
2026-09-14 14:06:14.184 | [📘 INFO] 获取表结构 → database=hrm, table=QRTZ_BLOB_TRIGGERS
2026-09-14 14:06:14.184 | [💾 SQL] 执行查询 → table=QRTZ_BLOB_TRIGGERS 
  SQL: DESCRIBE `hrm`.`QRTZ_BLOB_TRIGGERS`
2026-09-14 14:06:14.259 | [✅ SUCCESS] 获取表结构成功 → table=QRTZ_BLOB_TRIGGERS, 字段数=4
2026-09-14 14:06:14.388 | [📘 INFO] 查询表数据 → database=hrm, table=QRTZ_BLOB_TRIGGERS, limit=1000
2026-09-14 14:06:14.414 | [💾 SQL] 执行查询 → table=QRTZ_BLOB_TRIGGERS 
  SQL: SELECT * FROM `hrm`.`QRTZ_BLOB_TRIGGERS`  LIMIT 1000
2026-09-14 14:06:14.462 | [✅ SUCCESS] 查询数据成功 → table=QRTZ_BLOB_TRIGGERS, 行数=0
2026-09-14 14:06:19.665 | [📘 INFO] 🚀 MySQL数据库连接工具启动 → 日志文件: E:\2fafacode\1Python\1renheutils-navigation\sql\mysql.log
2026-09-14 14:06:19.666 | [📘 INFO] 测试连接 → host=47.116.211.247, port=3306, database=(default)
2026-09-14 14:06:19.730 | [✅ SUCCESS] 连接成功 → host=47.116.211.247, database=(default)
2026-09-14 14:06:19.760 | [📘 INFO] 获取数据库列表
2026-09-14 14:06:19.761 | [✅ SUCCESS] 获取到 6 个数据库
2026-09-14 14:06:19.762 | [📘 INFO] 获取表列表 → database=hrm
2026-09-14 14:06:19.763 | [✅ SUCCESS] 获取到 220 个表 → database=hrm
2026-09-14 14:06:19.765 | [📘 INFO] 获取表结构 → database=hrm, table=QRTZ_BLOB_TRIGGERS
2026-09-14 14:06:19.766 | [💾 SQL] 执行查询 → table=QRTZ_BLOB_TRIGGERS 
  SQL: DESCRIBE `hrm`.`QRTZ_BLOB_TRIGGERS`
2026-09-14 14:06:19.843 | [✅ SUCCESS] 获取表结构成功 → table=QRTZ_BLOB_TRIGGERS, 字段数=4
2026-09-14 14:06:19.972 | [📘 INFO] 查询表数据 → database=hrm, table=QRTZ_BLOB_TRIGGERS, limit=1000
2026-09-14 14:06:19.996 | [💾 SQL] 执行查询 → table=QRTZ_BLOB_TRIGGERS 
  SQL: SELECT * FROM `hrm`.`QRTZ_BLOB_TRIGGERS`  LIMIT 1000
2026-09-14 14:06:20.043 | [✅ SUCCESS] 查询数据成功 → table=QRTZ_BLOB_TRIGGERS, 行数=0
2026-09-14 14:06:21.851 | [📘 INFO] 🚀 MySQL数据库连接工具启动 → 日志文件: E:\2fafacode\1Python\1renheutils-navigation\sql\mysql.log
2026-09-14 14:06:21.852 | [📘 INFO] 测试连接 → host=47.116.211.247, port=3306, database=(default)
2026-09-14 14:06:21.916 | [✅ SUCCESS] 连接成功 → host=47.116.211.247, database=(default)
2026-09-14 14:06:21.946 | [📘 INFO] 获取数据库列表
2026-09-14 14:06:21.947 | [✅ SUCCESS] 获取到 6 个数据库
2026-09-14 14:06:21.950 | [📘 INFO] 获取表列表 → database=hrm
2026-09-14 14:06:21.951 | [✅ SUCCESS] 获取到 220 个表 → database=hrm
2026-09-14 14:06:21.953 | [📘 INFO] 获取表结构 → database=hrm, table=QRTZ_BLOB_TRIGGERS
2026-09-14 14:06:21.954 | [💾 SQL] 执行查询 → table=QRTZ_BLOB_TRIGGERS 
  SQL: DESCRIBE `hrm`.`QRTZ_BLOB_TRIGGERS`
2026-09-14 14:06:22.062 | [✅ SUCCESS] 获取表结构成功 → table=QRTZ_BLOB_TRIGGERS, 字段数=4
2026-09-14 14:06:22.178 | [📘 INFO] 查询表数据 → database=hrm, table=QRTZ_BLOB_TRIGGERS, limit=1000
2026-09-14 14:06:22.203 | [💾 SQL] 执行查询 → table=QRTZ_BLOB_TRIGGERS 
  SQL: SELECT * FROM `hrm`.`QRTZ_BLOB_TRIGGERS`  LIMIT 1000
2026-09-14 14:06:22.263 | [✅ SUCCESS] 查询数据成功 → table=QRTZ_BLOB_TRIGGERS, 行数=0
2026-09-14 14:13:53.930 | [📘 INFO] 🚀 MySQL数据库连接工具启动 → 日志文件: E:\2fafacode\1Python\1renheutils-navigation\sql\mysql.log
2026-09-14 14:13:53.931 | [📘 INFO] 测试连接 → host=47.116.211.247, port=3306, database=(default)
2026-09-14 14:13:53.990 | [✅ SUCCESS] 连接成功 → host=47.116.211.247, database=(default)
2026-09-14 14:13:54.021 | [📘 INFO] 获取数据库列表
2026-09-14 14:13:54.111 | [✅ SUCCESS] 获取到 6 个数据库
2026-09-14 14:13:54.115 | [📘 INFO] 获取表列表 → database=hrm
2026-09-14 14:13:54.190 | [✅ SUCCESS] 获取到 220 个表 → database=hrm
2026-09-14 14:13:54.191 | [📘 INFO] 获取表结构 → database=hrm, table=QRTZ_BLOB_TRIGGERS
2026-09-14 14:13:54.192 | [💾 SQL] 执行查询 → table=QRTZ_BLOB_TRIGGERS 
  SQL: DESCRIBE `hrm`.`QRTZ_BLOB_TRIGGERS`
2026-09-14 14:13:54.259 | [✅ SUCCESS] 获取表结构成功 → table=QRTZ_BLOB_TRIGGERS, 字段数=4
2026-09-14 14:13:54.392 | [📘 INFO] 查询表数据 → database=hrm, table=QRTZ_BLOB_TRIGGERS, limit=1000
2026-09-14 14:13:54.417 | [💾 SQL] 执行查询 → table=QRTZ_BLOB_TRIGGERS 
  SQL: SELECT * FROM `hrm`.`QRTZ_BLOB_TRIGGERS`  LIMIT 1000
2026-09-14 14:13:54.460 | [✅ SUCCESS] 查询数据成功 → table=QRTZ_BLOB_TRIGGERS, 行数=0
2026-09-14 15:07:16.485 | [📘 INFO] 🚀 MySQL数据库连接工具启动 → 日志文件: E:\2fafacode\1Python\1renheutils-navigation\sql\mysql.log
2026-09-14 15:07:16.486 | [📘 INFO] 测试连接 → host=47.116.211.247, port=3306, database=(default)
2026-09-14 15:07:16.673 | [✅ SUCCESS] 连接成功 → host=47.116.211.247, database=(default)
2026-09-14 15:07:16.697 | [📘 INFO] 获取数据库列表
2026-09-14 15:07:16.768 | [✅ SUCCESS] 获取到 6 个数据库
2026-09-14 15:07:16.768 | [📘 INFO] 获取表列表 → database=hrm
2026-09-14 15:07:16.971 | [✅ SUCCESS] 获取到 220 个表 → database=hrm
2026-09-14 15:07:16.972 | [📘 INFO] 获取表结构 → database=hrm, table=QRTZ_BLOB_TRIGGERS
2026-09-14 15:07:16.972 | [💾 SQL] 执行查询 → table=QRTZ_BLOB_TRIGGERS 
  SQL: DESCRIBE `hrm`.`QRTZ_BLOB_TRIGGERS`
2026-09-14 15:07:17.046 | [✅ SUCCESS] 获取表结构成功 → table=QRTZ_BLOB_TRIGGERS, 字段数=4
2026-09-14 15:07:17.226 | [📘 INFO] 查询表数据 → database=hrm, table=QRTZ_BLOB_TRIGGERS, limit=1000
2026-09-14 15:07:17.249 | [💾 SQL] 执行查询 → table=QRTZ_BLOB_TRIGGERS 
  SQL: SELECT * FROM `hrm`.`QRTZ_BLOB_TRIGGERS`  LIMIT 1000
2026-09-14 15:07:17.304 | [✅ SUCCESS] 查询数据成功 → table=QRTZ_BLOB_TRIGGERS, 行数=0
2026-09-14 15:07:22.073 | [📘 INFO] 获取表结构 → database=hrm, table=hrm_user
2026-09-14 15:07:22.074 | [💾 SQL] 执行查询 → table=hrm_user 
  SQL: DESCRIBE `hrm`.`hrm_user`
2026-09-14 15:07:22.161 | [✅ SUCCESS] 获取表结构成功 → table=hrm_user, 字段数=42
2026-09-14 15:07:22.205 | [📘 INFO] 查询表数据 → database=hrm, table=hrm_user, limit=1000
2026-09-14 15:07:22.232 | [💾 SQL] 执行查询 → table=hrm_user 
  SQL: SELECT * FROM `hrm`.`hrm_user`  LIMIT 1000
2026-09-14 15:07:22.426 | [✅ SUCCESS] 查询数据成功 → table=hrm_user, 行数=1000
2026-09-14 15:07:31.730 | [📘 INFO] 查询表数据 → database=hrm, table=hrm_user, limit=1000
2026-09-14 15:07:31.767 | [📘 INFO] 应用筛选条件 → WHERE `username` = '18792160001'
2026-09-14 15:07:31.767 | [💾 SQL] 执行查询 → table=hrm_user 
  SQL: SELECT * FROM `hrm`.`hrm_user` WHERE `username` = '18792160001' LIMIT 1000
2026-09-14 15:07:31.833 | [✅ SUCCESS] 查询数据成功 → table=hrm_user, 行数=0
2026-09-14 15:07:46.280 | [📘 INFO] 获取表结构 → database=hrm, table=hrm_offer
2026-09-14 15:07:46.280 | [💾 SQL] 执行查询 → table=hrm_offer 
  SQL: DESCRIBE `hrm`.`hrm_offer`
2026-09-14 15:07:46.360 | [✅ SUCCESS] 获取表结构成功 → table=hrm_offer, 字段数=53
2026-09-14 15:07:46.403 | [📘 INFO] 查询表数据 → database=hrm, table=hrm_offer, limit=1000
2026-09-14 15:07:46.431 | [💾 SQL] 执行查询 → table=hrm_offer 
  SQL: SELECT * FROM `hrm`.`hrm_offer`  LIMIT 1000
2026-09-14 15:07:46.628 | [✅ SUCCESS] 查询数据成功 → table=hrm_offer, 行数=1000
2026-09-14 15:07:58.480 | [📘 INFO] 查询表数据 → database=hrm, table=hrm_offer, limit=1000
2026-09-14 15:07:58.513 | [📘 INFO] 应用筛选条件 → WHERE `mobile` = '18792160001'
2026-09-14 15:07:58.513 | [💾 SQL] 执行查询 → table=hrm_offer 
  SQL: SELECT * FROM `hrm`.`hrm_offer` WHERE `mobile` = '18792160001' LIMIT 1000
2026-09-14 15:07:58.575 | [✅ SUCCESS] 查询数据成功 → table=hrm_offer, 行数=1
2026-09-14 15:08:49.387 | [📊 DATA] 前端数据变更 → table=hrm_offer, pk=id=2087073984785862658 
  DATA: {"status": {"old": "4", "new": "3"}}
2026-09-14 15:08:49.388 | [📘 INFO] 执行表数据更新 → table=hrm_offer
2026-09-14 15:08:49.388 | [💾 SQL] 执行UPDATE语句 → table=hrm_offer 
  SQL: UPDATE `hrm`.`hrm_offer` SET `status` = :status WHERE `id` = :pk_value
2026-09-14 15:08:49.466 | [✅ SUCCESS] 更新数据成功 → table=hrm_offer, 影响行数=1
2026-09-14 15:08:49.645 | [📘 INFO] 查询表数据 → database=hrm, table=hrm_offer, limit=1000
2026-09-14 15:08:49.669 | [📘 INFO] 应用筛选条件 → WHERE `mobile` = '18792160001'
2026-09-14 15:08:49.670 | [💾 SQL] 执行查询 → table=hrm_offer 
  SQL: SELECT * FROM `hrm`.`hrm_offer` WHERE `mobile` = '18792160001' LIMIT 1000
2026-09-14 15:08:49.732 | [✅ SUCCESS] 查询数据成功 → table=hrm_offer, 行数=1
2026-09-14 15:09:52.682 | [📊 DATA] 前端数据变更 → table=hrm_offer, pk=id=2087073984785862658 
  DATA: {"status": {"old": "3", "new": "4"}}
2026-09-14 15:09:52.682 | [📘 INFO] 执行表数据更新 → table=hrm_offer
2026-09-14 15:09:52.683 | [💾 SQL] 执行UPDATE语句 → table=hrm_offer 
  SQL: UPDATE `hrm`.`hrm_offer` SET `status` = :status WHERE `id` = :pk_value
2026-09-14 15:09:52.771 | [✅ SUCCESS] 更新数据成功 → table=hrm_offer, 影响行数=1
2026-09-14 15:09:52.937 | [📘 INFO] 查询表数据 → database=hrm, table=hrm_offer, limit=1000
2026-09-14 15:09:52.975 | [📘 INFO] 应用筛选条件 → WHERE `mobile` = '18792160001'
2026-09-14 15:09:52.976 | [💾 SQL] 执行查询 → table=hrm_offer 
  SQL: SELECT * FROM `hrm`.`hrm_offer` WHERE `mobile` = '18792160001' LIMIT 1000
2026-09-14 15:09:53.036 | [✅ SUCCESS] 查询数据成功 → table=hrm_offer, 行数=1
2026-09-14 15:10:29.203 | [📘 INFO] 获取表结构 → database=hrm, table=hrm_user
2026-09-14 15:10:29.204 | [💾 SQL] 执行查询 → table=hrm_user 
  SQL: DESCRIBE `hrm`.`hrm_user`
2026-09-14 15:10:29.289 | [✅ SUCCESS] 获取表结构成功 → table=hrm_user, 字段数=42
2026-09-14 15:10:29.333 | [📘 INFO] 查询表数据 → database=hrm, table=hrm_user, limit=1000
2026-09-14 15:10:29.371 | [💾 SQL] 执行查询 → table=hrm_user 
  SQL: SELECT * FROM `hrm`.`hrm_user`  LIMIT 1000
2026-09-14 15:10:29.526 | [✅ SUCCESS] 查询数据成功 → table=hrm_user, 行数=1000
2026-09-14 15:10:31.089 | [📘 INFO] 查询表数据 → database=hrm, table=hrm_user, limit=1000
2026-09-14 15:10:31.157 | [💾 SQL] 执行查询 → table=hrm_user 
  SQL: SELECT * FROM `hrm`.`hrm_user`  LIMIT 1000
2026-09-14 15:10:31.306 | [✅ SUCCESS] 查询数据成功 → table=hrm_user, 行数=1000
2026-09-14 15:10:33.469 | [📘 INFO] 查询表数据 → database=hrm, table=hrm_user, limit=1000
2026-09-14 15:10:33.492 | [📘 INFO] 应用筛选条件 → WHERE `username` = '18792160001'
2026-09-14 15:10:33.492 | [💾 SQL] 执行查询 → table=hrm_user 
  SQL: SELECT * FROM `hrm`.`hrm_user` WHERE `username` = '18792160001' LIMIT 1000
2026-09-14 15:10:33.555 | [✅ SUCCESS] 查询数据成功 → table=hrm_user, 行数=0
2026-09-14 15:10:38.222 | [📘 INFO] 查询表数据 → database=hrm, table=hrm_user, limit=1000
2026-09-14 15:10:38.249 | [💾 SQL] 执行查询 → table=hrm_user 
  SQL: SELECT * FROM `hrm`.`hrm_user`  LIMIT 1000
2026-09-14 15:10:38.403 | [✅ SUCCESS] 查询数据成功 → table=hrm_user, 行数=1000
2026-09-14 15:10:43.143 | [📘 INFO] 查询表数据 → database=hrm, table=hrm_user, limit=1000
2026-09-14 15:10:43.177 | [📘 INFO] 应用筛选条件 → WHERE `username` = '18792160002'
2026-09-14 15:10:43.177 | [💾 SQL] 执行查询 → table=hrm_user 
  SQL: SELECT * FROM `hrm`.`hrm_user` WHERE `username` = '18792160002' LIMIT 1000
2026-09-14 15:10:43.239 | [✅ SUCCESS] 查询数据成功 → table=hrm_user, 行数=0
2026-09-14 15:10:46.041 | [📘 INFO] 查询表数据 → database=hrm, table=hrm_user, limit=1000
2026-09-14 15:10:46.077 | [📘 INFO] 应用筛选条件 → WHERE `username` = '18792160003'
2026-09-14 15:10:46.078 | [💾 SQL] 执行查询 → table=hrm_user 
  SQL: SELECT * FROM `hrm`.`hrm_user` WHERE `username` = '18792160003' LIMIT 1000
2026-09-14 15:10:46.141 | [✅ SUCCESS] 查询数据成功 → table=hrm_user, 行数=0
2026-09-14 15:10:47.918 | [📘 INFO] 查询表数据 → database=hrm, table=hrm_user, limit=1000
2026-09-14 15:10:47.946 | [📘 INFO] 应用筛选条件 → WHERE `username` = '18792160003'
2026-09-14 15:10:47.947 | [💾 SQL] 执行查询 → table=hrm_user 
  SQL: SELECT * FROM `hrm`.`hrm_user` WHERE `username` = '18792160003' LIMIT 1000
2026-09-14 15:10:48.057 | [✅ SUCCESS] 查询数据成功 → table=hrm_user, 行数=0
2026-09-14 15:10:48.885 | [📘 INFO] 查询表数据 → database=hrm, table=hrm_user, limit=1000
2026-09-14 15:10:48.911 | [📘 INFO] 应用筛选条件 → WHERE `username` = '18792160003'
2026-09-14 15:10:48.911 | [💾 SQL] 执行查询 → table=hrm_user 
  SQL: SELECT * FROM `hrm`.`hrm_user` WHERE `username` = '18792160003' LIMIT 1000
2026-09-14 15:10:48.975 | [✅ SUCCESS] 查询数据成功 → table=hrm_user, 行数=0
2026-09-14 15:11:00.490 | [📘 INFO] 获取表结构 → database=hrm, table=sys_user
2026-09-14 15:11:00.491 | [💾 SQL] 执行查询 → table=sys_user 
  SQL: DESCRIBE `hrm`.`sys_user`
2026-09-14 15:11:00.574 | [✅ SUCCESS] 获取表结构成功 → table=sys_user, 字段数=31
2026-09-14 15:11:00.630 | [📘 INFO] 查询表数据 → database=hrm, table=sys_user, limit=1000
2026-09-14 15:11:00.654 | [💾 SQL] 执行查询 → table=sys_user 
  SQL: SELECT * FROM `hrm`.`sys_user`  LIMIT 1000
2026-09-14 15:11:00.777 | [✅ SUCCESS] 查询数据成功 → table=sys_user, 行数=1000
2026-09-14 15:11:02.729 | [📘 INFO] 查询表数据 → database=hrm, table=sys_user, limit=1000
2026-09-14 15:11:02.754 | [📘 INFO] 应用筛选条件 → WHERE `username` = '18792160003'
2026-09-14 15:11:02.755 | [💾 SQL] 执行查询 → table=sys_user 
  SQL: SELECT * FROM `hrm`.`sys_user` WHERE `username` = '18792160003' LIMIT 1000
2026-09-14 15:11:02.804 | [✅ SUCCESS] 查询数据成功 → table=sys_user, 行数=0
2026-09-14 15:11:05.619 | [📘 INFO] 查询表数据 → database=hrm, table=sys_user, limit=1000
2026-09-14 15:11:05.644 | [📘 INFO] 应用筛选条件 → WHERE `username` = '18792160002'
2026-09-14 15:11:05.646 | [💾 SQL] 执行查询 → table=sys_user 
  SQL: SELECT * FROM `hrm`.`sys_user` WHERE `username` = '18792160002' LIMIT 1000
2026-09-14 15:11:05.695 | [✅ SUCCESS] 查询数据成功 → table=sys_user, 行数=0
2026-09-14 15:11:08.740 | [📘 INFO] 查询表数据 → database=hrm, table=sys_user, limit=1000
2026-09-14 15:11:08.764 | [💾 SQL] 执行查询 → table=sys_user 
  SQL: SELECT * FROM `hrm`.`sys_user`  LIMIT 1000
2026-09-14 15:11:08.887 | [✅ SUCCESS] 查询数据成功 → table=sys_user, 行数=1000
2026-09-14 15:11:11.088 | [📘 INFO] 查询表数据 → database=hrm, table=sys_user, limit=1000
2026-09-14 15:11:11.120 | [💾 SQL] 执行查询 → table=sys_user 
  SQL: SELECT * FROM `hrm`.`sys_user`  LIMIT 1000
2026-09-14 15:11:11.243 | [✅ SUCCESS] 查询数据成功 → table=sys_user, 行数=1000
2026-09-14 15:11:20.990 | [📘 INFO] 查询表数据 → database=hrm, table=sys_user, limit=1000
2026-09-14 15:11:21.026 | [📘 INFO] 应用筛选条件 → WHERE `realname` = '嘻哈1'
2026-09-14 15:11:21.027 | [💾 SQL] 执行查询 → table=sys_user 
  SQL: SELECT * FROM `hrm`.`sys_user` WHERE `realname` = '嘻哈1' LIMIT 1000
2026-09-14 15:11:21.085 | [✅ SUCCESS] 查询数据成功 → table=sys_user, 行数=1
2026-09-15 08:55:45.147 | [📘 INFO] 🚀 MySQL数据库连接工具启动 → 日志文件: E:\2fafacode\1Python\1renheutils-navigation\sql\mysql.log
2026-09-15 08:55:45.149 | [📘 INFO] 测试连接 → host=47.116.211.247, port=3306, database=(default)
2026-09-15 08:55:45.503 | [✅ SUCCESS] 连接成功 → host=47.116.211.247, database=(default)
2026-09-15 08:55:45.527 | [📘 INFO] 获取数据库列表
2026-09-15 08:55:45.603 | [✅ SUCCESS] 获取到 6 个数据库
2026-09-15 08:55:45.603 | [📘 INFO] 获取表列表 → database=hrm
2026-09-15 08:55:45.955 | [✅ SUCCESS] 获取到 220 个表 → database=hrm
2026-09-15 08:55:45.956 | [📘 INFO] 获取表结构 → database=hrm, table=QRTZ_BLOB_TRIGGERS
2026-09-15 08:55:45.956 | [💾 SQL] 执行查询 → table=QRTZ_BLOB_TRIGGERS 
  SQL: DESCRIBE `hrm`.`QRTZ_BLOB_TRIGGERS`
2026-09-15 08:55:46.058 | [✅ SUCCESS] 获取表结构成功 → table=QRTZ_BLOB_TRIGGERS, 字段数=4
2026-09-15 08:55:46.168 | [📘 INFO] 查询表数据 → database=hrm, table=QRTZ_BLOB_TRIGGERS, limit=1000
2026-09-15 08:55:46.193 | [💾 SQL] 执行查询 → table=QRTZ_BLOB_TRIGGERS 
  SQL: SELECT * FROM `hrm`.`QRTZ_BLOB_TRIGGERS`  LIMIT 1000
2026-09-15 08:55:46.243 | [✅ SUCCESS] 查询数据成功 → table=QRTZ_BLOB_TRIGGERS, 行数=0
2026-09-15 08:55:58.783 | [📘 INFO] 获取表结构 → database=hrm, table=hrm_user
2026-09-15 08:55:58.784 | [💾 SQL] 执行查询 → table=hrm_user 
  SQL: DESCRIBE `hrm`.`hrm_user`
2026-09-15 08:55:58.864 | [✅ SUCCESS] 获取表结构成功 → table=hrm_user, 字段数=42
2026-09-15 08:55:58.900 | [📘 INFO] 查询表数据 → database=hrm, table=hrm_user, limit=1000
2026-09-15 08:55:58.927 | [💾 SQL] 执行查询 → table=hrm_user 
  SQL: SELECT * FROM `hrm`.`hrm_user`  LIMIT 1000
2026-09-15 08:55:59.172 | [✅ SUCCESS] 查询数据成功 → table=hrm_user, 行数=1000
2026-09-15 08:55:59.906 | [📘 INFO] 查询表数据 → database=hrm, table=hrm_user, limit=1000
2026-09-15 08:55:59.933 | [💾 SQL] 执行查询 → table=hrm_user 
  SQL: SELECT * FROM `hrm`.`hrm_user`  LIMIT 1000
2026-09-15 08:56:00.145 | [✅ SUCCESS] 查询数据成功 → table=hrm_user, 行数=1000
2026-09-15 08:56:10.781 | [📘 INFO] 查询表数据 → database=hrm, table=hrm_user, limit=1000
2026-09-15 08:56:10.814 | [📘 INFO] 应用筛选条件 → WHERE `id` = '116246'
2026-09-15 08:56:10.815 | [💾 SQL] 执行查询 → table=hrm_user 
  SQL: SELECT * FROM `hrm`.`hrm_user` WHERE `id` = '116246' LIMIT 1000
2026-09-15 08:56:10.873 | [✅ SUCCESS] 查询数据成功 → table=hrm_user, 行数=1
2026-09-15 08:56:18.432 | [📊 DATA] 前端数据变更 → table=hrm_user, pk=id=116246 
  DATA: {"status": {"old": "-1", "new": "1"}}
2026-09-15 08:56:18.432 | [📘 INFO] 执行表数据更新 → table=hrm_user
2026-09-15 08:56:18.433 | [💾 SQL] 执行UPDATE语句 → table=hrm_user 
  SQL: UPDATE `hrm`.`hrm_user` SET `status` = :status WHERE `id` = :pk_value
2026-09-15 08:56:18.510 | [✅ SUCCESS] 更新数据成功 → table=hrm_user, 影响行数=1
2026-09-15 08:56:18.630 | [📘 INFO] 查询表数据 → database=hrm, table=hrm_user, limit=1000
2026-09-15 08:56:18.655 | [📘 INFO] 应用筛选条件 → WHERE `id` = '116246'
2026-09-15 08:56:18.655 | [💾 SQL] 执行查询 → table=hrm_user 
  SQL: SELECT * FROM `hrm`.`hrm_user` WHERE `id` = '116246' LIMIT 1000
2026-09-15 08:56:18.707 | [✅ SUCCESS] 查询数据成功 → table=hrm_user, 行数=1
2026-09-15 08:56:26.869 | [📘 INFO] 查询表数据 → database=hrm, table=hrm_user, limit=1000
2026-09-15 08:56:26.895 | [📘 INFO] 应用筛选条件 → WHERE `id` = '116246'
2026-09-15 08:56:26.895 | [💾 SQL] 执行查询 → table=hrm_user 
  SQL: SELECT * FROM `hrm`.`hrm_user` WHERE `id` = '116246' LIMIT 1000
2026-09-15 08:56:26.947 | [✅ SUCCESS] 查询数据成功 → table=hrm_user, 行数=1
2026-09-15 08:56:38.107 | [📘 INFO] 🚀 MySQL数据库连接工具启动 → 日志文件: E:\2fafacode\1Python\1renheutils-navigation\sql\mysql.log
2026-09-15 08:56:38.108 | [📘 INFO] 测试连接 → host=47.116.211.247, port=3306, database=(default)
2026-09-15 08:56:38.157 | [✅ SUCCESS] 连接成功 → host=47.116.211.247, database=(default)
2026-09-15 08:56:38.182 | [📘 INFO] 获取数据库列表
2026-09-15 08:56:38.182 | [✅ SUCCESS] 获取到 6 个数据库
2026-09-15 08:56:38.183 | [📘 INFO] 获取表列表 → database=hrm
2026-09-15 08:56:38.184 | [✅ SUCCESS] 获取到 220 个表 → database=hrm
2026-09-15 08:56:38.185 | [📘 INFO] 获取表结构 → database=hrm, table=QRTZ_BLOB_TRIGGERS
2026-09-15 08:56:38.185 | [💾 SQL] 执行查询 → table=QRTZ_BLOB_TRIGGERS 
  SQL: DESCRIBE `hrm`.`QRTZ_BLOB_TRIGGERS`
2026-09-15 08:56:38.264 | [✅ SUCCESS] 获取表结构成功 → table=QRTZ_BLOB_TRIGGERS, 字段数=4
2026-09-15 08:56:38.359 | [📘 INFO] 查询表数据 → database=hrm, table=QRTZ_BLOB_TRIGGERS, limit=1000
2026-09-15 08:56:38.386 | [💾 SQL] 执行查询 → table=QRTZ_BLOB_TRIGGERS 
  SQL: SELECT * FROM `hrm`.`QRTZ_BLOB_TRIGGERS`  LIMIT 1000
2026-09-15 08:56:38.437 | [✅ SUCCESS] 查询数据成功 → table=QRTZ_BLOB_TRIGGERS, 行数=0
2026-09-15 09:44:37.795 | [📘 INFO] 查询表数据 → database=hrm, table=hrm_user, limit=1000
2026-09-15 09:44:37.823 | [📘 INFO] 应用筛选条件 → WHERE `id` = '116246' AND `username` = '116136'
2026-09-15 09:44:37.823 | [💾 SQL] 执行查询 → table=hrm_user 
  SQL: SELECT * FROM `hrm`.`hrm_user` WHERE `id` = '116246' AND `username` = '116136' LIMIT 1000
2026-09-15 09:44:37.876 | [✅ SUCCESS] 查询数据成功 → table=hrm_user, 行数=0
2026-09-15 09:44:40.199 | [📘 INFO] 查询表数据 → database=hrm, table=hrm_user, limit=1000
2026-09-15 09:44:40.233 | [📘 INFO] 应用筛选条件 → WHERE `id` = '116136'
2026-09-15 09:44:40.234 | [💾 SQL] 执行查询 → table=hrm_user 
  SQL: SELECT * FROM `hrm`.`hrm_user` WHERE `id` = '116136' LIMIT 1000
2026-09-15 09:44:40.292 | [✅ SUCCESS] 查询数据成功 → table=hrm_user, 行数=1
2026-09-15 14:19:29.779 | [📘 INFO] 🚀 MySQL数据库连接工具启动 → 日志文件: E:\2fafacode\1Python\1renheutils-navigation\sql\mysql.log
2026-09-15 14:19:29.781 | [📘 INFO] 测试连接 → host=47.116.211.247, port=3306, database=(default)
2026-09-15 14:19:29.990 | [✅ SUCCESS] 连接成功 → host=47.116.211.247, database=(default)
2026-09-15 14:19:30.018 | [📘 INFO] 获取数据库列表
2026-09-15 14:19:30.085 | [✅ SUCCESS] 获取到 6 个数据库
2026-09-15 14:19:30.087 | [📘 INFO] 获取表列表 → database=hrm
2026-09-15 14:19:30.263 | [✅ SUCCESS] 获取到 220 个表 → database=hrm
2026-09-15 14:19:30.264 | [📘 INFO] 获取表结构 → database=hrm, table=QRTZ_BLOB_TRIGGERS
2026-09-15 14:19:30.265 | [💾 SQL] 执行查询 → table=QRTZ_BLOB_TRIGGERS 
  SQL: DESCRIBE `hrm`.`QRTZ_BLOB_TRIGGERS`
2026-09-15 14:19:30.346 | [✅ SUCCESS] 获取表结构成功 → table=QRTZ_BLOB_TRIGGERS, 字段数=4
2026-09-15 14:19:30.511 | [📘 INFO] 查询表数据 → database=hrm, table=QRTZ_BLOB_TRIGGERS, limit=1000
2026-09-15 14:19:30.532 | [💾 SQL] 执行查询 → table=QRTZ_BLOB_TRIGGERS 
  SQL: SELECT * FROM `hrm`.`QRTZ_BLOB_TRIGGERS`  LIMIT 1000
2026-09-15 14:19:30.579 | [✅ SUCCESS] 查询数据成功 → table=QRTZ_BLOB_TRIGGERS, 行数=0
2026-09-15 14:19:44.695 | [📘 INFO] 🚀 MySQL数据库连接工具启动 → 日志文件: E:\2fafacode\1Python\1renheutils-navigation\sql\mysql.log
2026-09-15 14:19:44.696 | [📘 INFO] 测试连接 → host=47.116.211.247, port=3306, database=(default)
2026-09-15 14:19:44.745 | [✅ SUCCESS] 连接成功 → host=47.116.211.247, database=(default)
2026-09-15 14:19:44.768 | [📘 INFO] 获取数据库列表
2026-09-15 14:19:44.768 | [✅ SUCCESS] 获取到 6 个数据库
2026-09-15 14:19:44.769 | [📘 INFO] 获取表列表 → database=hrm
2026-09-15 14:19:44.770 | [✅ SUCCESS] 获取到 220 个表 → database=hrm
2026-09-15 14:19:44.771 | [📘 INFO] 获取表结构 → database=hrm, table=QRTZ_BLOB_TRIGGERS
2026-09-15 14:19:44.772 | [💾 SQL] 执行查询 → table=QRTZ_BLOB_TRIGGERS 
  SQL: DESCRIBE `hrm`.`QRTZ_BLOB_TRIGGERS`
2026-09-15 14:19:44.838 | [✅ SUCCESS] 获取表结构成功 → table=QRTZ_BLOB_TRIGGERS, 字段数=4
2026-09-15 14:19:44.942 | [📘 INFO] 查询表数据 → database=hrm, table=QRTZ_BLOB_TRIGGERS, limit=1000
2026-09-15 14:19:44.964 | [💾 SQL] 执行查询 → table=QRTZ_BLOB_TRIGGERS 
  SQL: SELECT * FROM `hrm`.`QRTZ_BLOB_TRIGGERS`  LIMIT 1000
2026-09-15 14:19:45.008 | [✅ SUCCESS] 查询数据成功 → table=QRTZ_BLOB_TRIGGERS, 行数=0
2026-09-15 16:18:46.524 | [📘 INFO] 🚀 MySQL数据库连接工具启动 → 日志文件: E:\2fafacode\1Python\1renheutils-navigation\sql\mysql.log
2026-09-15 16:18:46.524 | [📘 INFO] 测试连接 → host=47.116.211.247, port=3306, database=(default)
2026-09-15 16:18:46.898 | [✅ SUCCESS] 连接成功 → host=47.116.211.247, database=(default)
2026-09-15 16:18:46.920 | [📘 INFO] 获取数据库列表
2026-09-15 16:18:46.989 | [✅ SUCCESS] 获取到 6 个数据库
2026-09-15 16:18:46.990 | [📘 INFO] 获取表列表 → database=hrm
2026-09-15 16:18:47.310 | [✅ SUCCESS] 获取到 220 个表 → database=hrm
2026-09-15 16:18:47.310 | [📘 INFO] 获取表结构 → database=hrm, table=QRTZ_BLOB_TRIGGERS
2026-09-15 16:18:47.311 | [💾 SQL] 执行查询 → table=QRTZ_BLOB_TRIGGERS 
  SQL: DESCRIBE `hrm`.`QRTZ_BLOB_TRIGGERS`
2026-09-15 16:18:47.381 | [✅ SUCCESS] 获取表结构成功 → table=QRTZ_BLOB_TRIGGERS, 字段数=4
2026-09-15 16:18:47.472 | [📘 INFO] 查询表数据 → database=hrm, table=QRTZ_BLOB_TRIGGERS, limit=1000
2026-09-15 16:18:47.499 | [💾 SQL] 执行查询 → table=QRTZ_BLOB_TRIGGERS 
  SQL: SELECT * FROM `hrm`.`QRTZ_BLOB_TRIGGERS`  LIMIT 1000
2026-09-15 16:18:47.544 | [✅ SUCCESS] 查询数据成功 → table=QRTZ_BLOB_TRIGGERS, 行数=0
2026-09-15 16:21:10.962 | [📘 INFO] 🚀 MySQL数据库连接工具启动 → 日志文件: E:\2fafacode\1Python\1renheutils-navigation\sql\mysql.log
2026-09-15 16:21:10.964 | [📘 INFO] 测试连接 → host=47.116.211.247, port=3306, database=(default)
2026-09-15 16:21:11.012 | [✅ SUCCESS] 连接成功 → host=47.116.211.247, database=(default)
2026-09-15 16:21:11.033 | [📘 INFO] 获取数据库列表
2026-09-15 16:21:11.111 | [✅ SUCCESS] 获取到 6 个数据库
2026-09-15 16:21:11.111 | [📘 INFO] 获取表列表 → database=hrm
2026-09-15 16:21:11.182 | [✅ SUCCESS] 获取到 220 个表 → database=hrm
2026-09-15 16:21:11.183 | [📘 INFO] 获取表结构 → database=hrm, table=QRTZ_BLOB_TRIGGERS
2026-09-15 16:21:11.183 | [💾 SQL] 执行查询 → table=QRTZ_BLOB_TRIGGERS 
  SQL: DESCRIBE `hrm`.`QRTZ_BLOB_TRIGGERS`
2026-09-15 16:21:11.249 | [✅ SUCCESS] 获取表结构成功 → table=QRTZ_BLOB_TRIGGERS, 字段数=4
2026-09-15 16:21:11.373 | [📘 INFO] 查询表数据 → database=hrm, table=QRTZ_BLOB_TRIGGERS, limit=1000
2026-09-15 16:21:11.394 | [💾 SQL] 执行查询 → table=QRTZ_BLOB_TRIGGERS 
  SQL: SELECT * FROM `hrm`.`QRTZ_BLOB_TRIGGERS`  LIMIT 1000
2026-09-15 16:21:11.438 | [✅ SUCCESS] 查询数据成功 → table=QRTZ_BLOB_TRIGGERS, 行数=0
2026-09-15 16:22:45.302 | [📘 INFO] 获取表结构 → database=hrm, table=sys_position
2026-09-15 16:22:45.303 | [💾 SQL] 执行查询 → table=sys_position 
  SQL: DESCRIBE `hrm`.`sys_position`
2026-09-15 16:22:45.377 | [✅ SUCCESS] 获取表结构成功 → table=sys_position, 字段数=17
2026-09-15 16:22:45.420 | [📘 INFO] 查询表数据 → database=hrm, table=sys_position, limit=1000
2026-09-15 16:22:45.442 | [💾 SQL] 执行查询 → table=sys_position 
  SQL: SELECT * FROM `hrm`.`sys_position`  LIMIT 1000
2026-09-15 16:22:45.543 | [✅ SUCCESS] 查询数据成功 → table=sys_position, 行数=660
2026-09-15 16:27:36.995 | [📘 INFO] 🚀 MySQL数据库连接工具启动 → 日志文件: E:\2fafacode\1Python\1renheutils-navigation\sql\mysql.log
2026-09-15 16:27:36.996 | [📘 INFO] 测试连接 → host=47.116.211.247, port=3306, database=(default)
2026-09-15 16:27:37.045 | [✅ SUCCESS] 连接成功 → host=47.116.211.247, database=(default)
2026-09-15 16:27:37.069 | [📘 INFO] 获取数据库列表
2026-09-15 16:27:37.138 | [✅ SUCCESS] 获取到 6 个数据库
2026-09-15 16:27:37.139 | [📘 INFO] 获取表列表 → database=hrm
2026-09-15 16:27:37.213 | [✅ SUCCESS] 获取到 220 个表 → database=hrm
2026-09-15 16:27:37.214 | [📘 INFO] 获取表结构 → database=hrm, table=QRTZ_BLOB_TRIGGERS
2026-09-15 16:27:37.214 | [💾 SQL] 执行查询 → table=QRTZ_BLOB_TRIGGERS 
  SQL: DESCRIBE `hrm`.`QRTZ_BLOB_TRIGGERS`
2026-09-15 16:27:37.289 | [✅ SUCCESS] 获取表结构成功 → table=QRTZ_BLOB_TRIGGERS, 字段数=4
2026-09-15 16:27:37.422 | [📘 INFO] 查询表数据 → database=hrm, table=QRTZ_BLOB_TRIGGERS, limit=1000
2026-09-15 16:27:37.442 | [💾 SQL] 执行查询 → table=QRTZ_BLOB_TRIGGERS 
  SQL: SELECT * FROM `hrm`.`QRTZ_BLOB_TRIGGERS`  LIMIT 1000
2026-09-15 16:27:37.489 | [✅ SUCCESS] 查询数据成功 → table=QRTZ_BLOB_TRIGGERS, 行数=0
2026-09-15 17:04:09.673 | [📘 INFO] 获取表结构 → database=hrm, table=hrm_user
2026-09-15 17:04:09.675 | [💾 SQL] 执行查询 → table=hrm_user 
  SQL: DESCRIBE `hrm`.`hrm_user`
2026-09-15 17:04:09.887 | [✅ SUCCESS] 获取表结构成功 → table=hrm_user, 字段数=42
2026-09-15 17:04:09.931 | [📘 INFO] 查询表数据 → database=hrm, table=hrm_user, limit=1000
2026-09-15 17:04:09.953 | [💾 SQL] 执行查询 → table=hrm_user 
  SQL: SELECT * FROM `hrm`.`hrm_user`  LIMIT 1000
2026-09-15 17:04:10.192 | [✅ SUCCESS] 查询数据成功 → table=hrm_user, 行数=1000
2026-09-15 17:04:10.576 | [📘 INFO] 查询表数据 → database=hrm, table=hrm_user, limit=1000
2026-09-15 17:04:10.601 | [💾 SQL] 执行查询 → table=hrm_user 
  SQL: SELECT * FROM `hrm`.`hrm_user`  LIMIT 1000
2026-09-15 17:04:10.808 | [✅ SUCCESS] 查询数据成功 → table=hrm_user, 行数=1000
2026-09-15 17:04:22.730 | [📘 INFO] 查询表数据 → database=hrm, table=hrm_user, limit=1000
2026-09-15 17:04:22.764 | [📘 INFO] 应用筛选条件 → WHERE `realname` = '嘻哈30'
2026-09-15 17:04:22.764 | [💾 SQL] 执行查询 → table=hrm_user 
  SQL: SELECT * FROM `hrm`.`hrm_user` WHERE `realname` = '嘻哈30' LIMIT 1000
2026-09-15 17:04:22.827 | [✅ SUCCESS] 查询数据成功 → table=hrm_user, 行数=1
2026-09-15 17:04:32.379 | [📊 DATA] 前端数据变更 → table=hrm_user, pk=id=116280 
  DATA: {"probation_start_date": {"old": "2026-09-15", "new": "2026-09-10"}}
2026-09-15 17:04:32.380 | [📘 INFO] 执行表数据更新 → table=hrm_user
2026-09-15 17:04:32.380 | [💾 SQL] 执行UPDATE语句 → table=hrm_user 
  SQL: UPDATE `hrm`.`hrm_user` SET `probation_start_date` = :probation_start_date WHERE `id` = :pk_value
2026-09-15 17:04:32.448 | [✅ SUCCESS] 更新数据成功 → table=hrm_user, 影响行数=1
2026-09-15 17:04:32.596 | [📘 INFO] 查询表数据 → database=hrm, table=hrm_user, limit=1000
2026-09-15 17:04:32.632 | [📘 INFO] 应用筛选条件 → WHERE `realname` = '嘻哈30'
2026-09-15 17:04:32.632 | [💾 SQL] 执行查询 → table=hrm_user 
  SQL: SELECT * FROM `hrm`.`hrm_user` WHERE `realname` = '嘻哈30' LIMIT 1000
2026-09-15 17:04:32.708 | [✅ SUCCESS] 查询数据成功 → table=hrm_user, 行数=1
2026-09-15 17:04:43.151 | [📊 DATA] 前端数据变更 → table=hrm_user, pk=id=116280 
  DATA: {"probation_end_date": {"old": "2027-03-15", "new": "2027-03-10"}}
2026-09-15 17:04:43.152 | [📘 INFO] 执行表数据更新 → table=hrm_user
2026-09-15 17:04:43.153 | [💾 SQL] 执行UPDATE语句 → table=hrm_user 
  SQL: UPDATE `hrm`.`hrm_user` SET `probation_end_date` = :probation_end_date WHERE `id` = :pk_value
2026-09-15 17:04:43.230 | [✅ SUCCESS] 更新数据成功 → table=hrm_user, 影响行数=1
2026-09-15 17:04:43.380 | [📘 INFO] 查询表数据 → database=hrm, table=hrm_user, limit=1000
2026-09-15 17:04:43.404 | [📘 INFO] 应用筛选条件 → WHERE `realname` = '嘻哈30'
2026-09-15 17:04:43.404 | [💾 SQL] 执行查询 → table=hrm_user 
  SQL: SELECT * FROM `hrm`.`hrm_user` WHERE `realname` = '嘻哈30' LIMIT 1000
2026-09-15 17:04:43.468 | [✅ SUCCESS] 查询数据成功 → table=hrm_user, 行数=1
2026-09-15 17:04:48.167 | [📘 INFO] 查询表数据 → database=hrm, table=hrm_user, limit=1000
2026-09-15 17:04:48.190 | [📘 INFO] 应用筛选条件 → WHERE `realname` = '嘻哈31'
2026-09-15 17:04:48.191 | [💾 SQL] 执行查询 → table=hrm_user 
  SQL: SELECT * FROM `hrm`.`hrm_user` WHERE `realname` = '嘻哈31' LIMIT 1000
2026-09-15 17:04:48.254 | [✅ SUCCESS] 查询数据成功 → table=hrm_user, 行数=1
2026-09-15 17:04:59.336 | [📊 DATA] 前端数据变更 → table=hrm_user, pk=id=116281 
  DATA: {"probation_start_date": {"old": "2026-09-15", "new": "2026-09-10"}}
2026-09-15 17:04:59.337 | [📘 INFO] 执行表数据更新 → table=hrm_user
2026-09-15 17:04:59.338 | [💾 SQL] 执行UPDATE语句 → table=hrm_user 
  SQL: UPDATE `hrm`.`hrm_user` SET `probation_start_date` = :probation_start_date WHERE `id` = :pk_value
2026-09-15 17:04:59.418 | [✅ SUCCESS] 更新数据成功 → table=hrm_user, 影响行数=1
2026-09-15 17:04:59.584 | [📘 INFO] 查询表数据 → database=hrm, table=hrm_user, limit=1000
2026-09-15 17:04:59.606 | [📘 INFO] 应用筛选条件 → WHERE `realname` = '嘻哈31'
2026-09-15 17:04:59.607 | [💾 SQL] 执行查询 → table=hrm_user 
  SQL: SELECT * FROM `hrm`.`hrm_user` WHERE `realname` = '嘻哈31' LIMIT 1000
2026-09-15 17:05:00.738 | [✅ SUCCESS] 查询数据成功 → table=hrm_user, 行数=1
2026-09-15 17:05:13.398 | [📊 DATA] 前端数据变更 → table=hrm_user, pk=id=116281 
  DATA: {"probation_end_date": {"old": "2027-03-15", "new": "2027-03-10"}}
2026-09-15 17:05:13.399 | [📘 INFO] 执行表数据更新 → table=hrm_user
2026-09-15 17:05:13.399 | [💾 SQL] 执行UPDATE语句 → table=hrm_user 
  SQL: UPDATE `hrm`.`hrm_user` SET `probation_end_date` = :probation_end_date WHERE `id` = :pk_value
2026-09-15 17:05:13.472 | [✅ SUCCESS] 更新数据成功 → table=hrm_user, 影响行数=1
2026-09-15 17:05:13.622 | [📘 INFO] 查询表数据 → database=hrm, table=hrm_user, limit=1000
2026-09-15 17:05:13.645 | [📘 INFO] 应用筛选条件 → WHERE `realname` = '嘻哈31'
2026-09-15 17:05:13.646 | [💾 SQL] 执行查询 → table=hrm_user 
  SQL: SELECT * FROM `hrm`.`hrm_user` WHERE `realname` = '嘻哈31' LIMIT 1000
2026-09-15 17:05:13.711 | [✅ SUCCESS] 查询数据成功 → table=hrm_user, 行数=1
2026-09-15 17:09:38.055 | [📘 INFO] 🚀 MySQL数据库连接工具启动 → 日志文件: E:\2fafacode\1Python\1renheutils-navigation\sql\mysql.log
2026-09-15 17:09:38.056 | [📘 INFO] 测试连接 → host=47.116.211.247, port=3306, database=(default)
2026-09-15 17:09:38.231 | [✅ SUCCESS] 连接成功 → host=47.116.211.247, database=(default)
2026-09-15 17:09:38.252 | [📘 INFO] 获取数据库列表
2026-09-15 17:09:38.317 | [✅ SUCCESS] 获取到 6 个数据库
2026-09-15 17:09:38.317 | [📘 INFO] 获取表列表 → database=hrm
2026-09-15 17:09:38.413 | [✅ SUCCESS] 获取到 220 个表 → database=hrm
2026-09-15 17:09:38.413 | [📘 INFO] 获取表结构 → database=hrm, table=QRTZ_BLOB_TRIGGERS
2026-09-15 17:09:38.413 | [💾 SQL] 执行查询 → table=QRTZ_BLOB_TRIGGERS 
  SQL: DESCRIBE `hrm`.`QRTZ_BLOB_TRIGGERS`
2026-09-15 17:09:38.490 | [✅ SUCCESS] 获取表结构成功 → table=QRTZ_BLOB_TRIGGERS, 字段数=4
2026-09-15 17:09:38.608 | [📘 INFO] 查询表数据 → database=hrm, table=QRTZ_BLOB_TRIGGERS, limit=1000
2026-09-15 17:09:38.630 | [💾 SQL] 执行查询 → table=QRTZ_BLOB_TRIGGERS 
  SQL: SELECT * FROM `hrm`.`QRTZ_BLOB_TRIGGERS`  LIMIT 1000
2026-09-15 17:09:38.700 | [✅ SUCCESS] 查询数据成功 → table=QRTZ_BLOB_TRIGGERS, 行数=0
2026-09-15 17:09:53.250 | [📘 INFO] 获取表结构 → database=hrm, table=sys_position
2026-09-15 17:09:53.251 | [💾 SQL] 执行查询 → table=sys_position 
  SQL: DESCRIBE `hrm`.`sys_position`
2026-09-15 17:09:53.322 | [✅ SUCCESS] 获取表结构成功 → table=sys_position, 字段数=17
2026-09-15 17:09:53.361 | [📘 INFO] 查询表数据 → database=hrm, table=sys_position, limit=1000
2026-09-15 17:09:53.386 | [💾 SQL] 执行查询 → table=sys_position 
  SQL: SELECT * FROM `hrm`.`sys_position`  LIMIT 1000
2026-09-15 17:09:53.448 | [✅ SUCCESS] 查询数据成功 → table=sys_position, 行数=660
2026-09-15 17:10:44.762 | [📘 INFO] 执行删除操作 → table=sys_position, 待删除行数=13
2026-09-15 17:10:44.763 | [💾 SQL] 执行DELETE语句 → table=sys_position 
  SQL: DELETE FROM `hrm`.`sys_position` WHERE `id` IN (:pk_0, :pk_1, :pk_2, :pk_3, :pk_4, :pk_5, :pk_6, :pk_7, :pk_8, :pk_9, :pk_10, :pk_11, :pk_12)
2026-09-15 17:10:44.835 | [✅ SUCCESS] 删除数据成功 → table=sys_position, 实际删除行数=13
2026-09-15 17:10:44.981 | [📘 INFO] 查询表数据 → database=hrm, table=sys_position, limit=1000
2026-09-15 17:10:45.005 | [💾 SQL] 执行查询 → table=sys_position 
  SQL: SELECT * FROM `hrm`.`sys_position`  LIMIT 1000
2026-09-15 17:10:45.065 | [✅ SUCCESS] 查询数据成功 → table=sys_position, 行数=647
2026-09-16 09:33:30.059 | [📘 INFO] 🚀 MySQL数据库连接工具启动 → 日志文件: E:\2fafacode\1Python\1renheutils-navigation\sql\mysql.log
2026-09-16 09:33:30.060 | [📘 INFO] 测试连接 → host=47.116.211.247, port=3306, database=(default)
2026-09-16 09:33:30.444 | [✅ SUCCESS] 连接成功 → host=47.116.211.247, database=(default)
2026-09-16 09:33:30.469 | [📘 INFO] 获取数据库列表
2026-09-16 09:33:30.558 | [✅ SUCCESS] 获取到 6 个数据库
2026-09-16 09:33:30.560 | [📘 INFO] 获取表列表 → database=hrm
2026-09-16 09:33:30.984 | [✅ SUCCESS] 获取到 220 个表 → database=hrm
2026-09-16 09:33:30.984 | [📘 INFO] 获取表结构 → database=hrm, table=QRTZ_BLOB_TRIGGERS
2026-09-16 09:33:30.984 | [💾 SQL] 执行查询 → table=QRTZ_BLOB_TRIGGERS 
  SQL: DESCRIBE `hrm`.`QRTZ_BLOB_TRIGGERS`
2026-09-16 09:33:31.135 | [✅ SUCCESS] 获取表结构成功 → table=QRTZ_BLOB_TRIGGERS, 字段数=4
2026-09-16 09:33:31.225 | [📘 INFO] 查询表数据 → database=hrm, table=QRTZ_BLOB_TRIGGERS, limit=1000
2026-09-16 09:33:31.257 | [💾 SQL] 执行查询 → table=QRTZ_BLOB_TRIGGERS 
  SQL: SELECT * FROM `hrm`.`QRTZ_BLOB_TRIGGERS`  LIMIT 1000
2026-09-16 09:33:31.315 | [✅ SUCCESS] 查询数据成功 → table=QRTZ_BLOB_TRIGGERS, 行数=0
2026-09-16 09:59:59.590 | [📘 INFO] 🚀 MySQL数据库连接工具启动 → 日志文件: E:\2fafacode\1Python\1renheutils-navigation\sql\mysql.log
2026-09-16 09:59:59.591 | [📘 INFO] 测试连接 → host=47.116.211.247, port=3306, database=(default)
2026-09-16 09:59:59.652 | [✅ SUCCESS] 连接成功 → host=47.116.211.247, database=(default)
2026-09-16 09:59:59.694 | [📘 INFO] 获取数据库列表
2026-09-16 09:59:59.777 | [✅ SUCCESS] 获取到 6 个数据库
2026-09-16 09:59:59.778 | [📘 INFO] 获取表列表 → database=hrm
2026-09-16 09:59:59.875 | [✅ SUCCESS] 获取到 220 个表 → database=hrm
2026-09-16 09:59:59.876 | [📘 INFO] 获取表结构 → database=hrm, table=QRTZ_BLOB_TRIGGERS
2026-09-16 09:59:59.876 | [💾 SQL] 执行查询 → table=QRTZ_BLOB_TRIGGERS 
  SQL: DESCRIBE `hrm`.`QRTZ_BLOB_TRIGGERS`
2026-09-16 09:59:59.969 | [✅ SUCCESS] 获取表结构成功 → table=QRTZ_BLOB_TRIGGERS, 字段数=4
2026-09-16 10:00:00.063 | [📘 INFO] 查询表数据 → database=hrm, table=QRTZ_BLOB_TRIGGERS, limit=1000
2026-09-16 10:00:00.095 | [💾 SQL] 执行查询 → table=QRTZ_BLOB_TRIGGERS 
  SQL: SELECT * FROM `hrm`.`QRTZ_BLOB_TRIGGERS`  LIMIT 1000
2026-09-16 10:00:00.152 | [✅ SUCCESS] 查询数据成功 → table=QRTZ_BLOB_TRIGGERS, 行数=0
2026-09-16 10:26:11.688 | [📘 INFO] 🚀 MySQL数据库连接工具启动 → 日志文件: E:\2fafacode\1Python\1renheutils-navigation\sql\mysql.log
2026-09-16 10:26:11.689 | [📘 INFO] 测试连接 → host=47.116.211.247, port=3306, database=(default)
2026-09-16 10:26:11.746 | [✅ SUCCESS] 连接成功 → host=47.116.211.247, database=(default)
2026-09-16 10:26:11.778 | [📘 INFO] 获取数据库列表
2026-09-16 10:26:11.868 | [✅ SUCCESS] 获取到 6 个数据库
2026-09-16 10:26:11.870 | [📘 INFO] 获取表列表 → database=hrm
2026-09-16 10:26:11.960 | [✅ SUCCESS] 获取到 220 个表 → database=hrm
2026-09-16 10:26:11.960 | [📘 INFO] 获取表结构 → database=hrm, table=QRTZ_BLOB_TRIGGERS
2026-09-16 10:26:11.960 | [💾 SQL] 执行查询 → table=QRTZ_BLOB_TRIGGERS 
  SQL: DESCRIBE `hrm`.`QRTZ_BLOB_TRIGGERS`
2026-09-16 10:26:12.050 | [✅ SUCCESS] 获取表结构成功 → table=QRTZ_BLOB_TRIGGERS, 字段数=4
2026-09-16 10:26:12.139 | [📘 INFO] 查询表数据 → database=hrm, table=QRTZ_BLOB_TRIGGERS, limit=1000
2026-09-16 10:26:12.168 | [💾 SQL] 执行查询 → table=QRTZ_BLOB_TRIGGERS 
  SQL: SELECT * FROM `hrm`.`QRTZ_BLOB_TRIGGERS`  LIMIT 1000
2026-09-16 10:26:12.228 | [✅ SUCCESS] 查询数据成功 → table=QRTZ_BLOB_TRIGGERS, 行数=0
2026-09-16 10:39:20.621 | [📘 INFO] 🚀 MySQL数据库连接工具启动 → 日志文件: E:\2fafacode\1Python\1renheutils-navigation\sql\mysql.log
2026-09-16 10:39:20.623 | [📘 INFO] 测试连接 → host=47.116.211.247, port=3306, database=(default)
2026-09-16 10:39:20.778 | [✅ SUCCESS] 连接成功 → host=47.116.211.247, database=(default)
2026-09-16 10:39:20.801 | [📘 INFO] 获取数据库列表
2026-09-16 10:39:20.869 | [✅ SUCCESS] 获取到 6 个数据库
2026-09-16 10:39:20.870 | [📘 INFO] 获取表列表 → database=hrm
2026-09-16 10:39:21.066 | [✅ SUCCESS] 获取到 220 个表 → database=hrm
2026-09-16 10:39:21.067 | [📘 INFO] 获取表结构 → database=hrm, table=QRTZ_BLOB_TRIGGERS
2026-09-16 10:39:21.067 | [💾 SQL] 执行查询 → table=QRTZ_BLOB_TRIGGERS 
  SQL: DESCRIBE `hrm`.`QRTZ_BLOB_TRIGGERS`
2026-09-16 10:39:21.153 | [✅ SUCCESS] 获取表结构成功 → table=QRTZ_BLOB_TRIGGERS, 字段数=4
2026-09-16 10:39:21.253 | [📘 INFO] 查询表数据 → database=hrm, table=QRTZ_BLOB_TRIGGERS, limit=1000
2026-09-16 10:39:21.278 | [💾 SQL] 执行查询 → table=QRTZ_BLOB_TRIGGERS 
  SQL: SELECT * FROM `hrm`.`QRTZ_BLOB_TRIGGERS`  LIMIT 1000
2026-09-16 10:39:21.328 | [✅ SUCCESS] 查询数据成功 → table=QRTZ_BLOB_TRIGGERS, 行数=0
2026-09-16 10:39:26.257 | [📘 INFO] 获取表结构 → database=hrm, table=hrm_user
2026-09-16 10:39:26.258 | [💾 SQL] 执行查询 → table=hrm_user 
  SQL: DESCRIBE `hrm`.`hrm_user`
2026-09-16 10:39:26.338 | [✅ SUCCESS] 获取表结构成功 → table=hrm_user, 字段数=42
2026-09-16 10:39:26.388 | [📘 INFO] 查询表数据 → database=hrm, table=hrm_user, limit=1000
2026-09-16 10:39:26.414 | [💾 SQL] 执行查询 → table=hrm_user 
  SQL: SELECT * FROM `hrm`.`hrm_user`  LIMIT 1000
2026-09-16 10:39:26.594 | [✅ SUCCESS] 查询数据成功 → table=hrm_user, 行数=1000
2026-09-16 10:39:32.264 | [📘 INFO] 查询表数据 → database=hrm, table=hrm_user, limit=1000
2026-09-16 10:39:32.290 | [📘 INFO] 应用筛选条件 → WHERE `id` = '100001'
2026-09-16 10:39:32.290 | [💾 SQL] 执行查询 → table=hrm_user 
  SQL: SELECT * FROM `hrm`.`hrm_user` WHERE `id` = '100001' LIMIT 1000
2026-09-16 10:39:32.342 | [✅ SUCCESS] 查询数据成功 → table=hrm_user, 行数=1
2026-09-16 16:51:33.674 | [📘 INFO] 🚀 MySQL数据库连接工具启动 → 日志文件: E:\2fafacode\1Python\1renheutils-navigation\sql\mysql.log
2026-09-16 16:51:33.676 | [📘 INFO] 测试连接 → host=47.116.211.247, port=3306, database=(default)
2026-09-16 16:51:34.002 | [📘 INFO] 🚀 MySQL数据库连接工具启动 → 日志文件: E:\2fafacode\1Python\1renheutils-navigation\sql\mysql.log
2026-09-16 16:51:34.002 | [📘 INFO] 测试连接 → host=47.116.211.247, port=3306, database=(default)
2026-09-16 16:51:34.032 | [✅ SUCCESS] 连接成功 → host=47.116.211.247, database=(default)
2026-09-16 16:51:34.058 | [📘 INFO] 获取数据库列表
2026-09-16 16:51:34.134 | [✅ SUCCESS] 获取到 6 个数据库
2026-09-16 16:51:34.135 | [📘 INFO] 获取表列表 → database=hrm
2026-09-16 16:51:34.185 | [✅ SUCCESS] 连接成功 → host=47.116.211.247, database=(default)
2026-09-16 16:51:34.212 | [📘 INFO] 获取数据库列表
2026-09-16 16:51:34.212 | [✅ SUCCESS] 获取到 6 个数据库
2026-09-16 16:51:34.212 | [📘 INFO] 获取表列表 → database=hrm
2026-09-16 16:51:34.510 | [✅ SUCCESS] 获取到 220 个表 → database=hrm
2026-09-16 16:51:34.511 | [📘 INFO] 获取表结构 → database=hrm, table=QRTZ_BLOB_TRIGGERS
2026-09-16 16:51:34.511 | [💾 SQL] 执行查询 → table=QRTZ_BLOB_TRIGGERS 
  SQL: DESCRIBE `hrm`.`QRTZ_BLOB_TRIGGERS`
2026-09-16 16:51:34.511 | [✅ SUCCESS] 获取到 220 个表 → database=hrm
2026-09-16 16:51:34.512 | [📘 INFO] 获取表结构 → database=hrm, table=QRTZ_BLOB_TRIGGERS
2026-09-16 16:51:34.512 | [💾 SQL] 执行查询 → table=QRTZ_BLOB_TRIGGERS 
  SQL: DESCRIBE `hrm`.`QRTZ_BLOB_TRIGGERS`
2026-09-16 16:51:34.602 | [✅ SUCCESS] 获取表结构成功 → table=QRTZ_BLOB_TRIGGERS, 字段数=4
2026-09-16 16:51:34.704 | [📘 INFO] 查询表数据 → database=hrm, table=QRTZ_BLOB_TRIGGERS, limit=1000
2026-09-16 16:51:34.725 | [💾 SQL] 执行查询 → table=QRTZ_BLOB_TRIGGERS 
  SQL: SELECT * FROM `hrm`.`QRTZ_BLOB_TRIGGERS`  LIMIT 1000
2026-09-16 16:51:34.737 | [✅ SUCCESS] 获取表结构成功 → table=QRTZ_BLOB_TRIGGERS, 字段数=4
2026-09-16 16:51:34.798 | [✅ SUCCESS] 查询数据成功 → table=QRTZ_BLOB_TRIGGERS, 行数=0
2026-09-16 16:51:34.804 | [📘 INFO] 查询表数据 → database=hrm, table=QRTZ_BLOB_TRIGGERS, limit=1000
2026-09-16 16:51:34.826 | [💾 SQL] 执行查询 → table=QRTZ_BLOB_TRIGGERS 
  SQL: SELECT * FROM `hrm`.`QRTZ_BLOB_TRIGGERS`  LIMIT 1000
2026-09-16 16:51:34.870 | [✅ SUCCESS] 查询数据成功 → table=QRTZ_BLOB_TRIGGERS, 行数=0
2026-09-16 16:58:31.384 | [📘 INFO] 🚀 MySQL数据库连接工具启动 → 日志文件: E:\2fafacode\1Python\1renheutils-navigation\sql\mysql.log
2026-09-16 16:58:31.386 | [📘 INFO] 测试连接 → host=47.116.211.247, port=3306, database=(default)
2026-09-16 16:58:31.435 | [✅ SUCCESS] 连接成功 → host=47.116.211.247, database=(default)
2026-09-16 16:58:31.459 | [📘 INFO] 获取数据库列表
2026-09-16 16:58:31.536 | [✅ SUCCESS] 获取到 6 个数据库
2026-09-16 16:58:31.537 | [📘 INFO] 获取表列表 → database=hrm
2026-09-16 16:58:31.609 | [✅ SUCCESS] 获取到 220 个表 → database=hrm
2026-09-16 16:58:31.610 | [📘 INFO] 获取表结构 → database=hrm, table=QRTZ_BLOB_TRIGGERS
2026-09-16 16:58:31.611 | [💾 SQL] 执行查询 → table=QRTZ_BLOB_TRIGGERS 
  SQL: DESCRIBE `hrm`.`QRTZ_BLOB_TRIGGERS`
2026-09-16 16:58:31.674 | [✅ SUCCESS] 获取表结构成功 → table=QRTZ_BLOB_TRIGGERS, 字段数=4
2026-09-16 16:58:31.783 | [📘 INFO] 查询表数据 → database=hrm, table=QRTZ_BLOB_TRIGGERS, limit=1000
2026-09-16 16:58:31.805 | [💾 SQL] 执行查询 → table=QRTZ_BLOB_TRIGGERS 
  SQL: SELECT * FROM `hrm`.`QRTZ_BLOB_TRIGGERS`  LIMIT 1000
2026-09-16 16:58:31.850 | [✅ SUCCESS] 查询数据成功 → table=QRTZ_BLOB_TRIGGERS, 行数=0
2026-09-16 16:58:37.694 | [📘 INFO] 🚀 MySQL数据库连接工具启动 → 日志文件: E:\2fafacode\1Python\1renheutils-navigation\sql\mysql.log
2026-09-16 16:58:37.696 | [📘 INFO] 测试连接 → host=47.116.211.247, port=3306, database=(default)
2026-09-16 16:58:37.760 | [✅ SUCCESS] 连接成功 → host=47.116.211.247, database=(default)
2026-09-16 16:58:37.784 | [📘 INFO] 获取数据库列表
2026-09-16 16:58:37.785 | [✅ SUCCESS] 获取到 6 个数据库
2026-09-16 16:58:37.787 | [📘 INFO] 获取表列表 → database=hrm
2026-09-16 16:58:37.788 | [✅ SUCCESS] 获取到 220 个表 → database=hrm
2026-09-16 16:58:37.789 | [📘 INFO] 获取表结构 → database=hrm, table=QRTZ_BLOB_TRIGGERS
2026-09-16 16:58:37.790 | [💾 SQL] 执行查询 → table=QRTZ_BLOB_TRIGGERS 
  SQL: DESCRIBE `hrm`.`QRTZ_BLOB_TRIGGERS`
2026-09-16 16:58:37.870 | [✅ SUCCESS] 获取表结构成功 → table=QRTZ_BLOB_TRIGGERS, 字段数=4
2026-09-16 16:58:37.975 | [📘 INFO] 查询表数据 → database=hrm, table=QRTZ_BLOB_TRIGGERS, limit=1000
2026-09-16 16:58:37.996 | [💾 SQL] 执行查询 → table=QRTZ_BLOB_TRIGGERS 
  SQL: SELECT * FROM `hrm`.`QRTZ_BLOB_TRIGGERS`  LIMIT 1000
2026-09-16 16:58:38.039 | [✅ SUCCESS] 查询数据成功 → table=QRTZ_BLOB_TRIGGERS, 行数=0
2026-09-17 08:59:13.455 | [📘 INFO] 🚀 MySQL数据库连接工具启动 → 日志文件: E:\2fafacode\1Python\1renheutils-navigation\sql\mysql.log
2026-09-17 08:59:13.456 | [📘 INFO] 测试连接 → host=47.116.211.247, port=3306, database=(default)
2026-09-17 08:59:13.850 | [✅ SUCCESS] 连接成功 → host=47.116.211.247, database=(default)
2026-09-17 08:59:13.876 | [📘 INFO] 获取数据库列表
2026-09-17 08:59:13.956 | [✅ SUCCESS] 获取到 6 个数据库
2026-09-17 08:59:13.956 | [📘 INFO] 获取表列表 → database=hrm
2026-09-17 08:59:14.319 | [✅ SUCCESS] 获取到 220 个表 → database=hrm
2026-09-17 08:59:14.319 | [📘 INFO] 获取表结构 → database=hrm, table=QRTZ_BLOB_TRIGGERS
2026-09-17 08:59:14.319 | [💾 SQL] 执行查询 → table=QRTZ_BLOB_TRIGGERS 
  SQL: DESCRIBE `hrm`.`QRTZ_BLOB_TRIGGERS`
2026-09-17 08:59:14.419 | [✅ SUCCESS] 获取表结构成功 → table=QRTZ_BLOB_TRIGGERS, 字段数=4
2026-09-17 08:59:14.520 | [📘 INFO] 查询表数据 → database=hrm, table=QRTZ_BLOB_TRIGGERS, limit=1000
2026-09-17 08:59:14.546 | [💾 SQL] 执行查询 → table=QRTZ_BLOB_TRIGGERS 
  SQL: SELECT * FROM `hrm`.`QRTZ_BLOB_TRIGGERS`  LIMIT 1000
2026-09-17 08:59:14.598 | [✅ SUCCESS] 查询数据成功 → table=QRTZ_BLOB_TRIGGERS, 行数=0
2026-09-17 08:59:25.858 | [📘 INFO] 获取表结构 → database=hrm, table=hrm_user
2026-09-17 08:59:25.859 | [💾 SQL] 执行查询 → table=hrm_user 
  SQL: DESCRIBE `hrm`.`hrm_user`
2026-09-17 08:59:25.939 | [✅ SUCCESS] 获取表结构成功 → table=hrm_user, 字段数=42
2026-09-17 08:59:25.981 | [📘 INFO] 查询表数据 → database=hrm, table=hrm_user, limit=1000
2026-09-17 08:59:26.006 | [💾 SQL] 执行查询 → table=hrm_user 
  SQL: SELECT * FROM `hrm`.`hrm_user`  LIMIT 1000
2026-09-17 08:59:26.234 | [✅ SUCCESS] 查询数据成功 → table=hrm_user, 行数=1000
2026-09-17 08:59:26.897 | [📘 INFO] 查询表数据 → database=hrm, table=hrm_user, limit=1000
2026-09-17 08:59:26.938 | [💾 SQL] 执行查询 → table=hrm_user 
  SQL: SELECT * FROM `hrm`.`hrm_user`  LIMIT 1000
2026-09-17 08:59:27.119 | [✅ SUCCESS] 查询数据成功 → table=hrm_user, 行数=1000
2026-09-17 08:59:30.274 | [📘 INFO] 查询表数据 → database=hrm, table=hrm_user, limit=1000
2026-09-17 08:59:30.301 | [📘 INFO] 应用筛选条件 → WHERE `id` = '100453'
2026-09-17 08:59:30.301 | [💾 SQL] 执行查询 → table=hrm_user 
  SQL: SELECT * FROM `hrm`.`hrm_user` WHERE `id` = '100453' LIMIT 1000
2026-09-17 08:59:30.360 | [✅ SUCCESS] 查询数据成功 → table=hrm_user, 行数=1
2026-09-17 09:00:00.295 | [📊 DATA] 前端数据变更 → table=hrm_user, pk=id=100453 
  DATA: {"status": {"old": "-1", "new": "1"}}
2026-09-17 09:00:00.296 | [📘 INFO] 执行表数据更新 → table=hrm_user
2026-09-17 09:00:00.297 | [💾 SQL] 执行UPDATE语句 → table=hrm_user 
  SQL: UPDATE `hrm`.`hrm_user` SET `status` = :status WHERE `id` = :pk_value
2026-09-17 09:00:00.377 | [✅ SUCCESS] 更新数据成功 → table=hrm_user, 影响行数=1
2026-09-17 09:00:00.502 | [📘 INFO] 查询表数据 → database=hrm, table=hrm_user, limit=1000
2026-09-17 09:00:00.531 | [📘 INFO] 应用筛选条件 → WHERE `id` = '100453'
2026-09-17 09:00:00.531 | [💾 SQL] 执行查询 → table=hrm_user 
  SQL: SELECT * FROM `hrm`.`hrm_user` WHERE `id` = '100453' LIMIT 1000
2026-09-17 09:00:00.593 | [✅ SUCCESS] 查询数据成功 → table=hrm_user, 行数=1
2026-09-17 09:08:31.217 | [📘 INFO] 查询表数据 → database=hrm, table=hrm_user, limit=1000
2026-09-17 09:08:31.243 | [📘 INFO] 应用筛选条件 → WHERE `id` = '100783'
2026-09-17 09:08:31.244 | [💾 SQL] 执行查询 → table=hrm_user 
  SQL: SELECT * FROM `hrm`.`hrm_user` WHERE `id` = '100783' LIMIT 1000
2026-09-17 09:08:31.299 | [✅ SUCCESS] 查询数据成功 → table=hrm_user, 行数=1
2026-09-17 09:08:37.101 | [📊 DATA] 前端数据变更 → table=hrm_user, pk=id=100783 
  DATA: {"status": {"old": "-1", "new": "1"}}
2026-09-17 09:08:37.102 | [📘 INFO] 执行表数据更新 → table=hrm_user
2026-09-17 09:08:37.102 | [💾 SQL] 执行UPDATE语句 → table=hrm_user 
  SQL: UPDATE `hrm`.`hrm_user` SET `status` = :status WHERE `id` = :pk_value
2026-09-17 09:08:37.183 | [✅ SUCCESS] 更新数据成功 → table=hrm_user, 影响行数=1
2026-09-17 09:08:37.318 | [📘 INFO] 查询表数据 → database=hrm, table=hrm_user, limit=1000
2026-09-17 09:08:37.348 | [📘 INFO] 应用筛选条件 → WHERE `id` = '100783'
2026-09-17 09:08:37.348 | [💾 SQL] 执行查询 → table=hrm_user 
  SQL: SELECT * FROM `hrm`.`hrm_user` WHERE `id` = '100783' LIMIT 1000
2026-09-17 09:08:37.404 | [✅ SUCCESS] 查询数据成功 → table=hrm_user, 行数=1
2026-09-17 11:27:10.160 | [📘 INFO] 🚀 MySQL数据库连接工具启动 → 日志文件: E:\2fafacode\1Python\1renheutils-navigation\sql\mysql.log
2026-09-17 11:27:10.161 | [📘 INFO] 测试连接 → host=47.116.211.247, port=3306, database=(default)
2026-09-17 11:27:10.328 | [✅ SUCCESS] 连接成功 → host=47.116.211.247, database=(default)
2026-09-17 11:27:10.353 | [📘 INFO] 获取数据库列表
2026-09-17 11:27:10.423 | [✅ SUCCESS] 获取到 6 个数据库
2026-09-17 11:27:10.424 | [📘 INFO] 获取表列表 → database=hrm
2026-09-17 11:27:10.612 | [✅ SUCCESS] 获取到 220 个表 → database=hrm
2026-09-17 11:27:10.612 | [📘 INFO] 获取表结构 → database=hrm, table=QRTZ_BLOB_TRIGGERS
2026-09-17 11:27:10.612 | [💾 SQL] 执行查询 → table=QRTZ_BLOB_TRIGGERS 
  SQL: DESCRIBE `hrm`.`QRTZ_BLOB_TRIGGERS`
2026-09-17 11:27:10.685 | [✅ SUCCESS] 获取表结构成功 → table=QRTZ_BLOB_TRIGGERS, 字段数=4
2026-09-17 11:27:10.807 | [📘 INFO] 查询表数据 → database=hrm, table=QRTZ_BLOB_TRIGGERS, limit=1000
2026-09-17 11:27:10.832 | [💾 SQL] 执行查询 → table=QRTZ_BLOB_TRIGGERS 
  SQL: SELECT * FROM `hrm`.`QRTZ_BLOB_TRIGGERS`  LIMIT 1000
2026-09-17 11:27:10.878 | [✅ SUCCESS] 查询数据成功 → table=QRTZ_BLOB_TRIGGERS, 行数=0
2026-09-17 11:27:18.829 | [📘 INFO] 获取表结构 → database=hrm, table=hrm_user
2026-09-17 11:27:18.830 | [💾 SQL] 执行查询 → table=hrm_user 
  SQL: DESCRIBE `hrm`.`hrm_user`
2026-09-17 11:27:18.905 | [✅ SUCCESS] 获取表结构成功 → table=hrm_user, 字段数=42
2026-09-17 11:27:18.949 | [📘 INFO] 查询表数据 → database=hrm, table=hrm_user, limit=1000
2026-09-17 11:27:18.972 | [💾 SQL] 执行查询 → table=hrm_user 
  SQL: SELECT * FROM `hrm`.`hrm_user`  LIMIT 1000
2026-09-17 11:27:19.193 | [✅ SUCCESS] 查询数据成功 → table=hrm_user, 行数=1000
2026-09-17 11:27:19.582 | [📘 INFO] 查询表数据 → database=hrm, table=hrm_user, limit=1000
2026-09-17 11:27:19.609 | [💾 SQL] 执行查询 → table=hrm_user 
  SQL: SELECT * FROM `hrm`.`hrm_user`  LIMIT 1000
2026-09-17 11:27:19.776 | [✅ SUCCESS] 查询数据成功 → table=hrm_user, 行数=1000
2026-09-17 11:27:21.225 | [📘 INFO] 查询表数据 → database=hrm, table=hrm_user, limit=1000
2026-09-17 11:27:21.249 | [📘 INFO] 应用筛选条件 → WHERE `id` = '100771'
2026-09-17 11:27:21.249 | [💾 SQL] 执行查询 → table=hrm_user 
  SQL: SELECT * FROM `hrm`.`hrm_user` WHERE `id` = '100771' LIMIT 1000
2026-09-17 11:27:21.301 | [✅ SUCCESS] 查询数据成功 → table=hrm_user, 行数=1
2026-09-17 11:27:28.642 | [📊 DATA] 前端数据变更 → table=hrm_user, pk=id=100771 
  DATA: {"status": {"old": "-1", "new": "1"}}
2026-09-17 11:27:28.645 | [📘 INFO] 执行表数据更新 → table=hrm_user
2026-09-17 11:27:28.646 | [💾 SQL] 执行UPDATE语句 → table=hrm_user 
  SQL: UPDATE `hrm`.`hrm_user` SET `status` = :status WHERE `id` = :pk_value
2026-09-17 11:27:28.715 | [✅ SUCCESS] 更新数据成功 → table=hrm_user, 影响行数=1
2026-09-17 11:27:28.884 | [📘 INFO] 查询表数据 → database=hrm, table=hrm_user, limit=1000
2026-09-17 11:27:28.908 | [📘 INFO] 应用筛选条件 → WHERE `id` = '100771'
2026-09-17 11:27:28.909 | [💾 SQL] 执行查询 → table=hrm_user 
  SQL: SELECT * FROM `hrm`.`hrm_user` WHERE `id` = '100771' LIMIT 1000
2026-09-17 11:27:28.966 | [✅ SUCCESS] 查询数据成功 → table=hrm_user, 行数=1
2026-09-17 13:47:11.327 | [📘 INFO] 🚀 MySQL数据库连接工具启动 → 日志文件: E:\2fafacode\1Python\1renheutils-navigation\sql\mysql.log
2026-09-17 13:47:11.328 | [📘 INFO] 测试连接 → host=47.116.211.247, port=3306, database=(default)
2026-09-17 13:47:11.482 | [✅ SUCCESS] 连接成功 → host=47.116.211.247, database=(default)
2026-09-17 13:47:11.513 | [📘 INFO] 获取数据库列表
2026-09-17 13:47:11.585 | [✅ SUCCESS] 获取到 6 个数据库
2026-09-17 13:47:11.586 | [📘 INFO] 获取表列表 → database=hrm
2026-09-17 13:47:11.777 | [✅ SUCCESS] 获取到 221 个表 → database=hrm
2026-09-17 13:47:11.778 | [📘 INFO] 获取表结构 → database=hrm, table=QRTZ_BLOB_TRIGGERS
2026-09-17 13:47:11.778 | [💾 SQL] 执行查询 → table=QRTZ_BLOB_TRIGGERS 
  SQL: DESCRIBE `hrm`.`QRTZ_BLOB_TRIGGERS`
2026-09-17 13:47:11.850 | [✅ SUCCESS] 获取表结构成功 → table=QRTZ_BLOB_TRIGGERS, 字段数=4
2026-09-17 13:47:11.978 | [📘 INFO] 查询表数据 → database=hrm, table=QRTZ_BLOB_TRIGGERS, limit=1000
2026-09-17 13:47:12.003 | [💾 SQL] 执行查询 → table=QRTZ_BLOB_TRIGGERS 
  SQL: SELECT * FROM `hrm`.`QRTZ_BLOB_TRIGGERS`  LIMIT 1000
2026-09-17 13:47:12.051 | [✅ SUCCESS] 查询数据成功 → table=QRTZ_BLOB_TRIGGERS, 行数=0
2026-09-17 13:47:20.980 | [📘 INFO] 🚀 MySQL数据库连接工具启动 → 日志文件: E:\2fafacode\1Python\1renheutils-navigation\sql\mysql.log
2026-09-17 13:47:20.981 | [📘 INFO] 测试连接 → host=47.116.211.247, port=3306, database=(default)
2026-09-17 13:47:21.028 | [✅ SUCCESS] 连接成功 → host=47.116.211.247, database=(default)
2026-09-17 13:47:21.050 | [📘 INFO] 获取数据库列表
2026-09-17 13:47:21.050 | [✅ SUCCESS] 获取到 6 个数据库
2026-09-17 13:47:21.051 | [📘 INFO] 获取表列表 → database=hrm
2026-09-17 13:47:21.052 | [✅ SUCCESS] 获取到 221 个表 → database=hrm
2026-09-17 13:47:21.053 | [📘 INFO] 获取表结构 → database=hrm, table=QRTZ_BLOB_TRIGGERS
2026-09-17 13:47:21.054 | [💾 SQL] 执行查询 → table=QRTZ_BLOB_TRIGGERS 
  SQL: DESCRIBE `hrm`.`QRTZ_BLOB_TRIGGERS`
2026-09-17 13:47:21.141 | [✅ SUCCESS] 获取表结构成功 → table=QRTZ_BLOB_TRIGGERS, 字段数=4
2026-09-17 13:47:21.249 | [📘 INFO] 查询表数据 → database=hrm, table=QRTZ_BLOB_TRIGGERS, limit=1000
2026-09-17 13:47:21.273 | [💾 SQL] 执行查询 → table=QRTZ_BLOB_TRIGGERS 
  SQL: SELECT * FROM `hrm`.`QRTZ_BLOB_TRIGGERS`  LIMIT 1000
2026-09-17 13:47:21.323 | [✅ SUCCESS] 查询数据成功 → table=QRTZ_BLOB_TRIGGERS, 行数=0
2026-09-17 13:47:31.957 | [📘 INFO] 获取表结构 → database=hrm, table=hrm_user
2026-09-17 13:47:31.958 | [💾 SQL] 执行查询 → table=hrm_user 
  SQL: DESCRIBE `hrm`.`hrm_user`
2026-09-17 13:47:32.034 | [✅ SUCCESS] 获取表结构成功 → table=hrm_user, 字段数=42
2026-09-17 13:47:32.072 | [📘 INFO] 查询表数据 → database=hrm, table=hrm_user, limit=1000
2026-09-17 13:47:32.096 | [💾 SQL] 执行查询 → table=hrm_user 
  SQL: SELECT * FROM `hrm`.`hrm_user`  LIMIT 1000
2026-09-17 13:47:32.268 | [✅ SUCCESS] 查询数据成功 → table=hrm_user, 行数=1000
2026-09-17 13:47:35.882 | [📘 INFO] 查询表数据 → database=hrm, table=hrm_user, limit=1000
2026-09-17 13:47:35.907 | [📘 INFO] 应用筛选条件 → WHERE `id` = '100890'
2026-09-17 13:47:35.907 | [💾 SQL] 执行查询 → table=hrm_user 
  SQL: SELECT * FROM `hrm`.`hrm_user` WHERE `id` = '100890' LIMIT 1000
2026-09-17 13:47:35.960 | [✅ SUCCESS] 查询数据成功 → table=hrm_user, 行数=1
2026-09-17 13:47:52.329 | [📊 DATA] 前端数据变更 → table=hrm_user, pk=id=100890 
  DATA: {"status": {"old": "-1", "new": "1"}}
2026-09-17 13:47:52.329 | [📘 INFO] 执行表数据更新 → table=hrm_user
2026-09-17 13:47:52.330 | [💾 SQL] 执行UPDATE语句 → table=hrm_user 
  SQL: UPDATE `hrm`.`hrm_user` SET `status` = :status WHERE `id` = :pk_value
2026-09-17 13:47:52.400 | [✅ SUCCESS] 更新数据成功 → table=hrm_user, 影响行数=1
2026-09-17 13:47:52.574 | [📘 INFO] 查询表数据 → database=hrm, table=hrm_user, limit=1000
2026-09-17 13:47:52.599 | [📘 INFO] 应用筛选条件 → WHERE `id` = '100890'
2026-09-17 13:47:52.600 | [💾 SQL] 执行查询 → table=hrm_user 
  SQL: SELECT * FROM `hrm`.`hrm_user` WHERE `id` = '100890' LIMIT 1000
2026-09-17 13:47:52.650 | [✅ SUCCESS] 查询数据成功 → table=hrm_user, 行数=1
2026-09-17 14:24:47.609 | [📘 INFO] 🚀 MySQL数据库连接工具启动 → 日志文件: E:\2fafacode\1Python\1renheutils-navigation\sql\mysql.log
2026-09-17 14:24:47.610 | [📘 INFO] 测试连接 → host=47.116.211.247, port=3306, database=(default)
2026-09-17 14:24:47.656 | [✅ SUCCESS] 连接成功 → host=47.116.211.247, database=(default)
2026-09-17 14:24:47.677 | [📘 INFO] 获取数据库列表
2026-09-17 14:24:47.742 | [✅ SUCCESS] 获取到 6 个数据库
2026-09-17 14:24:47.743 | [📘 INFO] 获取表列表 → database=hrm
2026-09-17 14:24:47.816 | [✅ SUCCESS] 获取到 221 个表 → database=hrm
2026-09-17 14:24:47.817 | [📘 INFO] 获取表结构 → database=hrm, table=QRTZ_BLOB_TRIGGERS
2026-09-17 14:24:47.818 | [💾 SQL] 执行查询 → table=QRTZ_BLOB_TRIGGERS 
  SQL: DESCRIBE `hrm`.`QRTZ_BLOB_TRIGGERS`
2026-09-17 14:24:47.892 | [✅ SUCCESS] 获取表结构成功 → table=QRTZ_BLOB_TRIGGERS, 字段数=4
2026-09-17 14:24:48.029 | [📘 INFO] 查询表数据 → database=hrm, table=QRTZ_BLOB_TRIGGERS, limit=1000
2026-09-17 14:24:48.053 | [💾 SQL] 执行查询 → table=QRTZ_BLOB_TRIGGERS 
  SQL: SELECT * FROM `hrm`.`QRTZ_BLOB_TRIGGERS`  LIMIT 1000
2026-09-17 14:24:48.104 | [✅ SUCCESS] 查询数据成功 → table=QRTZ_BLOB_TRIGGERS, 行数=0
2026-09-17 14:26:41.700 | [📘 INFO] 🚀 MySQL数据库连接工具启动 → 日志文件: E:\2fafacode\1Python\1renheutils-navigation\sql\mysql.log
2026-09-17 14:26:41.701 | [📘 INFO] 测试连接 → host=47.116.211.247, port=3306, database=(default)
2026-09-17 14:26:41.744 | [✅ SUCCESS] 连接成功 → host=47.116.211.247, database=(default)
2026-09-17 14:26:41.766 | [📘 INFO] 获取数据库列表
2026-09-17 14:26:41.833 | [✅ SUCCESS] 获取到 6 个数据库
2026-09-17 14:26:41.834 | [📘 INFO] 获取表列表 → database=hrm
2026-09-17 14:26:41.908 | [✅ SUCCESS] 获取到 221 个表 → database=hrm
2026-09-17 14:26:41.909 | [📘 INFO] 获取表结构 → database=hrm, table=QRTZ_BLOB_TRIGGERS
2026-09-17 14:26:41.910 | [💾 SQL] 执行查询 → table=QRTZ_BLOB_TRIGGERS 
  SQL: DESCRIBE `hrm`.`QRTZ_BLOB_TRIGGERS`
2026-09-17 14:26:41.985 | [✅ SUCCESS] 获取表结构成功 → table=QRTZ_BLOB_TRIGGERS, 字段数=4
2026-09-17 14:26:42.097 | [📘 INFO] 查询表数据 → database=hrm, table=QRTZ_BLOB_TRIGGERS, limit=1000
2026-09-17 14:26:42.123 | [💾 SQL] 执行查询 → table=QRTZ_BLOB_TRIGGERS 
  SQL: SELECT * FROM `hrm`.`QRTZ_BLOB_TRIGGERS`  LIMIT 1000
2026-09-17 14:26:42.169 | [✅ SUCCESS] 查询数据成功 → table=QRTZ_BLOB_TRIGGERS, 行数=0
2026-09-17 14:41:58.477 | [📘 INFO] 🚀 MySQL数据库连接工具启动 → 日志文件: E:\2fafacode\1Python\1renheutils-navigation\sql\mysql.log
2026-09-17 14:41:58.479 | [📘 INFO] 测试连接 → host=47.116.211.247, port=3306, database=(default)
2026-09-17 14:41:58.530 | [✅ SUCCESS] 连接成功 → host=47.116.211.247, database=(default)
2026-09-17 14:41:58.551 | [📘 INFO] 获取数据库列表
2026-09-17 14:41:58.616 | [✅ SUCCESS] 获取到 6 个数据库
2026-09-17 14:41:58.617 | [📘 INFO] 获取表列表 → database=hrm
2026-09-17 14:41:58.691 | [✅ SUCCESS] 获取到 221 个表 → database=hrm
2026-09-17 14:41:58.692 | [📘 INFO] 获取表结构 → database=hrm, table=QRTZ_BLOB_TRIGGERS
2026-09-17 14:41:58.692 | [💾 SQL] 执行查询 → table=QRTZ_BLOB_TRIGGERS 
  SQL: DESCRIBE `hrm`.`QRTZ_BLOB_TRIGGERS`
2026-09-17 14:41:58.767 | [✅ SUCCESS] 获取表结构成功 → table=QRTZ_BLOB_TRIGGERS, 字段数=4
2026-09-17 14:41:58.877 | [📘 INFO] 查询表数据 → database=hrm, table=QRTZ_BLOB_TRIGGERS, limit=1000
2026-09-17 14:41:58.901 | [💾 SQL] 执行查询 → table=QRTZ_BLOB_TRIGGERS 
  SQL: SELECT * FROM `hrm`.`QRTZ_BLOB_TRIGGERS`  LIMIT 1000
2026-09-17 14:41:58.947 | [✅ SUCCESS] 查询数据成功 → table=QRTZ_BLOB_TRIGGERS, 行数=0
2026-09-17 14:42:01.490 | [📘 INFO] 🚀 MySQL数据库连接工具启动 → 日志文件: E:\2fafacode\1Python\1renheutils-navigation\sql\mysql.log
2026-09-17 14:42:01.491 | [📘 INFO] 测试连接 → host=47.116.211.247, port=3306, database=(default)
2026-09-17 14:42:01.536 | [✅ SUCCESS] 连接成功 → host=47.116.211.247, database=(default)
2026-09-17 14:42:01.557 | [📘 INFO] 获取数据库列表
2026-09-17 14:42:01.558 | [✅ SUCCESS] 获取到 6 个数据库
2026-09-17 14:42:01.559 | [📘 INFO] 获取表列表 → database=hrm
2026-09-17 14:42:01.560 | [✅ SUCCESS] 获取到 221 个表 → database=hrm
2026-09-17 14:42:01.561 | [📘 INFO] 获取表结构 → database=hrm, table=QRTZ_BLOB_TRIGGERS
2026-09-17 14:42:01.562 | [💾 SQL] 执行查询 → table=QRTZ_BLOB_TRIGGERS 
  SQL: DESCRIBE `hrm`.`QRTZ_BLOB_TRIGGERS`
2026-09-17 14:42:01.635 | [✅ SUCCESS] 获取表结构成功 → table=QRTZ_BLOB_TRIGGERS, 字段数=4
2026-09-17 14:42:01.749 | [📘 INFO] 查询表数据 → database=hrm, table=QRTZ_BLOB_TRIGGERS, limit=1000
2026-09-17 14:42:01.773 | [💾 SQL] 执行查询 → table=QRTZ_BLOB_TRIGGERS 
  SQL: SELECT * FROM `hrm`.`QRTZ_BLOB_TRIGGERS`  LIMIT 1000
2026-09-17 14:42:01.820 | [✅ SUCCESS] 查询数据成功 → table=QRTZ_BLOB_TRIGGERS, 行数=0
2026-09-17 14:42:15.743 | [📘 INFO] 获取表结构 → database=hrm, table=hrm_user
2026-09-17 14:42:15.745 | [💾 SQL] 执行查询 → table=hrm_user 
  SQL: DESCRIBE `hrm`.`hrm_user`
2026-09-17 14:42:15.818 | [✅ SUCCESS] 获取表结构成功 → table=hrm_user, 字段数=42
2026-09-17 14:42:15.860 | [📘 INFO] 查询表数据 → database=hrm, table=hrm_user, limit=1000
2026-09-17 14:42:15.884 | [💾 SQL] 执行查询 → table=hrm_user 
  SQL: SELECT * FROM `hrm`.`hrm_user`  LIMIT 1000
2026-09-17 14:42:15.986 | [✅ SUCCESS] 查询数据成功 → table=hrm_user, 行数=1000
2026-09-17 14:42:18.021 | [📘 INFO] 查询表数据 → database=hrm, table=hrm_user, limit=1000
2026-09-17 14:42:18.045 | [📘 INFO] 应用筛选条件 → WHERE `id` = '113049'
2026-09-17 14:42:18.045 | [💾 SQL] 执行查询 → table=hrm_user 
  SQL: SELECT * FROM `hrm`.`hrm_user` WHERE `id` = '113049' LIMIT 1000
2026-09-17 14:42:18.101 | [✅ SUCCESS] 查询数据成功 → table=hrm_user, 行数=1
2026-09-17 14:42:21.965 | [📊 DATA] 前端数据变更 → table=hrm_user, pk=id=113049 
  DATA: {"status": {"old": "-1", "new": "1"}}
2026-09-17 14:42:21.966 | [📘 INFO] 执行表数据更新 → table=hrm_user
2026-09-17 14:42:21.967 | [💾 SQL] 执行UPDATE语句 → table=hrm_user 
  SQL: UPDATE `hrm`.`hrm_user` SET `status` = :status WHERE `id` = :pk_value
2026-09-17 14:42:22.042 | [✅ SUCCESS] 更新数据成功 → table=hrm_user, 影响行数=1
2026-09-17 14:42:22.193 | [📘 INFO] 查询表数据 → database=hrm, table=hrm_user, limit=1000
2026-09-17 14:42:22.218 | [📘 INFO] 应用筛选条件 → WHERE `id` = '113049'
2026-09-17 14:42:22.219 | [💾 SQL] 执行查询 → table=hrm_user 
  SQL: SELECT * FROM `hrm`.`hrm_user` WHERE `id` = '113049' LIMIT 1000
2026-09-17 14:42:22.273 | [✅ SUCCESS] 查询数据成功 → table=hrm_user, 行数=1
2026-09-23 09:10:47.527 | [📘 INFO] 🚀 MySQL数据库连接工具启动 → 日志文件: E:\2fafacode\1Python\1renheutils-navigation\sql\mysql.log
2026-09-23 09:10:47.529 | [📘 INFO] 测试连接 → host=47.116.211.247, port=3306, database=(default)
2026-09-23 09:10:47.884 | [✅ SUCCESS] 连接成功 → host=47.116.211.247, database=(default)
2026-09-23 09:10:47.902 | [📘 INFO] 获取数据库列表
2026-09-23 09:10:47.961 | [✅ SUCCESS] 获取到 6 个数据库
2026-09-23 09:10:47.961 | [📘 INFO] 获取表列表 → database=hrm
2026-09-23 09:10:48.313 | [✅ SUCCESS] 获取到 222 个表 → database=hrm
2026-09-23 09:10:48.314 | [📘 INFO] 获取表结构 → database=hrm, table=QRTZ_BLOB_TRIGGERS
2026-09-23 09:10:48.314 | [💾 SQL] 执行查询 → table=QRTZ_BLOB_TRIGGERS 
  SQL: DESCRIBE `hrm`.`QRTZ_BLOB_TRIGGERS`
2026-09-23 09:10:48.408 | [✅ SUCCESS] 获取表结构成功 → table=QRTZ_BLOB_TRIGGERS, 字段数=4
2026-09-23 09:10:48.514 | [📘 INFO] 查询表数据 → database=hrm, table=QRTZ_BLOB_TRIGGERS, limit=1000
2026-09-23 09:10:48.540 | [💾 SQL] 执行查询 → table=QRTZ_BLOB_TRIGGERS 
  SQL: SELECT * FROM `hrm`.`QRTZ_BLOB_TRIGGERS`  LIMIT 1000
2026-09-23 09:10:48.600 | [✅ SUCCESS] 查询数据成功 → table=QRTZ_BLOB_TRIGGERS, 行数=0
2026-09-23 16:22:28.581 | [📘 INFO] 🚀 MySQL数据库连接工具启动 → 日志文件: E:\2fafacode\1Python\1renheutils-navigation\sql\mysql.log
2026-09-23 16:22:28.582 | [📘 INFO] 测试连接 → host=47.116.211.247, port=3306, database=(default)
2026-09-23 16:22:28.946 | [✅ SUCCESS] 连接成功 → host=47.116.211.247, database=(default)
2026-09-23 16:22:28.966 | [📘 INFO] 获取数据库列表
2026-09-23 16:22:29.033 | [✅ SUCCESS] 获取到 6 个数据库
2026-09-23 16:22:29.033 | [📘 INFO] 获取表列表 → database=hrm
2026-09-23 16:22:29.338 | [✅ SUCCESS] 获取到 222 个表 → database=hrm
2026-09-23 16:22:29.339 | [📘 INFO] 获取表结构 → database=hrm, table=QRTZ_BLOB_TRIGGERS
2026-09-23 16:22:29.339 | [💾 SQL] 执行查询 → table=QRTZ_BLOB_TRIGGERS 
  SQL: DESCRIBE `hrm`.`QRTZ_BLOB_TRIGGERS`
2026-09-23 16:22:29.434 | [✅ SUCCESS] 获取表结构成功 → table=QRTZ_BLOB_TRIGGERS, 字段数=4
2026-09-23 16:22:29.537 | [📘 INFO] 查询表数据 → database=hrm, table=QRTZ_BLOB_TRIGGERS, limit=1000
2026-09-23 16:22:29.563 | [💾 SQL] 执行查询 → table=QRTZ_BLOB_TRIGGERS 
  SQL: SELECT * FROM `hrm`.`QRTZ_BLOB_TRIGGERS`  LIMIT 1000
2026-09-23 16:22:29.644 | [✅ SUCCESS] 查询数据成功 → table=QRTZ_BLOB_TRIGGERS, 行数=0
2026-09-24 10:00:04.672 | [📘 INFO] 🚀 MySQL数据库连接工具启动 → 日志文件: E:\2fafacode\1Python\1renheutils-navigation\sql\mysql.log
2026-09-24 10:00:04.673 | [📘 INFO] 测试连接 → host=47.116.211.247, port=3306, database=(default)
2026-09-24 10:00:05.006 | [✅ SUCCESS] 连接成功 → host=47.116.211.247, database=(default)
2026-09-24 10:00:05.026 | [📘 INFO] 获取数据库列表
2026-09-24 10:00:05.082 | [✅ SUCCESS] 获取到 6 个数据库
2026-09-24 10:00:05.082 | [📘 INFO] 获取表列表 → database=hrm
2026-09-24 10:00:05.382 | [✅ SUCCESS] 获取到 222 个表 → database=hrm
2026-09-24 10:00:05.383 | [📘 INFO] 获取表结构 → database=hrm, table=QRTZ_BLOB_TRIGGERS
2026-09-24 10:00:05.383 | [💾 SQL] 执行查询 → table=QRTZ_BLOB_TRIGGERS 
  SQL: DESCRIBE `hrm`.`QRTZ_BLOB_TRIGGERS`
2026-09-24 10:00:05.465 | [✅ SUCCESS] 获取表结构成功 → table=QRTZ_BLOB_TRIGGERS, 字段数=4
2026-09-24 10:00:05.570 | [📘 INFO] 查询表数据 → database=hrm, table=QRTZ_BLOB_TRIGGERS, limit=1000
2026-09-24 10:00:05.592 | [💾 SQL] 执行查询 → table=QRTZ_BLOB_TRIGGERS 
  SQL: SELECT * FROM `hrm`.`QRTZ_BLOB_TRIGGERS`  LIMIT 1000
2026-09-24 10:00:05.640 | [✅ SUCCESS] 查询数据成功 → table=QRTZ_BLOB_TRIGGERS, 行数=0
2026-09-28 09:56:16.489 | [📘 INFO] 🚀 MySQL数据库连接工具启动 → 日志文件: E:\2fafacode\1Python\1renheutils-navigation\sql\mysql.log
2026-09-28 09:56:16.490 | [📘 INFO] 测试连接 → host=47.116.211.247, port=3306, database=(default)
2026-09-28 09:56:16.881 | [✅ SUCCESS] 连接成功 → host=47.116.211.247, database=(default)
2026-09-28 09:56:16.913 | [📘 INFO] 获取数据库列表
2026-09-28 09:56:16.984 | [✅ SUCCESS] 获取到 6 个数据库
2026-09-28 09:56:16.984 | [📘 INFO] 获取表列表 → database=hrm
2026-09-28 09:56:17.317 | [✅ SUCCESS] 获取到 222 个表 → database=hrm
2026-09-28 09:56:17.317 | [📘 INFO] 获取表结构 → database=hrm, table=QRTZ_BLOB_TRIGGERS
2026-09-28 09:56:17.317 | [💾 SQL] 执行查询 → table=QRTZ_BLOB_TRIGGERS 
  SQL: DESCRIBE `hrm`.`QRTZ_BLOB_TRIGGERS`
2026-09-28 09:56:17.413 | [✅ SUCCESS] 获取表结构成功 → table=QRTZ_BLOB_TRIGGERS, 字段数=4
2026-09-28 09:56:17.530 | [📘 INFO] 查询表数据 → database=hrm, table=QRTZ_BLOB_TRIGGERS, limit=1000
2026-09-28 09:56:17.552 | [💾 SQL] 执行查询 → table=QRTZ_BLOB_TRIGGERS 
  SQL: SELECT * FROM `hrm`.`QRTZ_BLOB_TRIGGERS`  LIMIT 1000
2026-09-28 09:56:17.617 | [✅ SUCCESS] 查询数据成功 → table=QRTZ_BLOB_TRIGGERS, 行数=0
2026-09-28 11:01:32.356 | [📘 INFO] 🚀 MySQL数据库连接工具启动 → 日志文件: E:\2fafacode\1Python\1renheutils-navigation\sql\mysql.log
2026-09-28 11:01:32.357 | [📘 INFO] 测试连接 → host=47.116.211.247, port=3306, database=(default)
2026-09-28 11:01:32.532 | [✅ SUCCESS] 连接成功 → host=47.116.211.247, database=(default)
2026-09-28 11:01:32.554 | [📘 INFO] 获取数据库列表
2026-09-28 11:01:32.622 | [✅ SUCCESS] 获取到 6 个数据库
2026-09-28 11:01:32.623 | [📘 INFO] 获取表列表 → database=hrm
2026-09-28 11:01:32.804 | [✅ SUCCESS] 获取到 222 个表 → database=hrm
2026-09-28 11:01:32.805 | [📘 INFO] 获取表结构 → database=hrm, table=QRTZ_BLOB_TRIGGERS
2026-09-28 11:01:32.805 | [💾 SQL] 执行查询 → table=QRTZ_BLOB_TRIGGERS 
  SQL: DESCRIBE `hrm`.`QRTZ_BLOB_TRIGGERS`
2026-09-28 11:01:32.879 | [✅ SUCCESS] 获取表结构成功 → table=QRTZ_BLOB_TRIGGERS, 字段数=4
2026-09-28 11:01:33.036 | [📘 INFO] 查询表数据 → database=hrm, table=QRTZ_BLOB_TRIGGERS, limit=1000
2026-09-28 11:01:33.059 | [💾 SQL] 执行查询 → table=QRTZ_BLOB_TRIGGERS 
  SQL: SELECT * FROM `hrm`.`QRTZ_BLOB_TRIGGERS`  LIMIT 1000
2026-09-28 11:01:33.122 | [✅ SUCCESS] 查询数据成功 → table=QRTZ_BLOB_TRIGGERS, 行数=0
2026-09-28 14:30:04.219 | [📘 INFO] 🚀 MySQL数据库连接工具启动 → 日志文件: E:\2fafacode\1Python\1renheutils-navigation\sql\mysql.log
2026-09-28 14:30:04.220 | [📘 INFO] 测试连接 → host=47.116.211.247, port=3306, database=(default)
2026-09-28 14:30:04.644 | [✅ SUCCESS] 连接成功 → host=47.116.211.247, database=(default)
2026-09-28 14:30:04.667 | [📘 INFO] 获取数据库列表
2026-09-28 14:30:04.740 | [✅ SUCCESS] 获取到 6 个数据库
2026-09-28 14:30:04.740 | [📘 INFO] 获取表列表 → database=hrm
2026-09-28 14:30:05.042 | [✅ SUCCESS] 获取到 222 个表 → database=hrm
2026-09-28 14:30:05.043 | [📘 INFO] 获取表结构 → database=hrm, table=QRTZ_BLOB_TRIGGERS
2026-09-28 14:30:05.043 | [💾 SQL] 执行查询 → table=QRTZ_BLOB_TRIGGERS 
  SQL: DESCRIBE `hrm`.`QRTZ_BLOB_TRIGGERS`
2026-09-28 14:30:05.114 | [✅ SUCCESS] 获取表结构成功 → table=QRTZ_BLOB_TRIGGERS, 字段数=4
2026-09-28 14:30:05.214 | [📘 INFO] 查询表数据 → database=hrm, table=QRTZ_BLOB_TRIGGERS, limit=1000
2026-09-28 14:30:05.237 | [💾 SQL] 执行查询 → table=QRTZ_BLOB_TRIGGERS 
  SQL: SELECT * FROM `hrm`.`QRTZ_BLOB_TRIGGERS`  LIMIT 1000
2026-09-28 14:30:05.280 | [✅ SUCCESS] 查询数据成功 → table=QRTZ_BLOB_TRIGGERS, 行数=0
2026-09-28 15:06:46.531 | [📘 INFO] 🚀 MySQL数据库连接工具启动 → 日志文件: E:\2fafacode\1Python\1renheutils-navigation\sql\mysql.log
2026-09-28 15:06:46.531 | [📘 INFO] 测试连接 → host=47.116.211.247, port=3306, database=(default)
2026-09-28 15:06:46.582 | [✅ SUCCESS] 连接成功 → host=47.116.211.247, database=(default)
2026-09-28 15:06:46.615 | [📘 INFO] 获取数据库列表
2026-09-28 15:06:46.689 | [✅ SUCCESS] 获取到 6 个数据库
2026-09-28 15:06:46.690 | [📘 INFO] 获取表列表 → database=hrm
2026-09-28 15:06:46.758 | [✅ SUCCESS] 获取到 222 个表 → database=hrm
2026-09-28 15:06:46.758 | [📘 INFO] 获取表结构 → database=hrm, table=QRTZ_BLOB_TRIGGERS
2026-09-28 15:06:46.758 | [💾 SQL] 执行查询 → table=QRTZ_BLOB_TRIGGERS 
  SQL: DESCRIBE `hrm`.`QRTZ_BLOB_TRIGGERS`
2026-09-28 15:06:46.829 | [✅ SUCCESS] 获取表结构成功 → table=QRTZ_BLOB_TRIGGERS, 字段数=4
2026-09-28 15:06:46.971 | [📘 INFO] 查询表数据 → database=hrm, table=QRTZ_BLOB_TRIGGERS, limit=1000
2026-09-28 15:06:46.993 | [💾 SQL] 执行查询 → table=QRTZ_BLOB_TRIGGERS 
  SQL: SELECT * FROM `hrm`.`QRTZ_BLOB_TRIGGERS`  LIMIT 1000
2026-09-28 15:06:47.039 | [✅ SUCCESS] 查询数据成功 → table=QRTZ_BLOB_TRIGGERS, 行数=0
2026-09-28 15:07:17.866 | [📘 INFO] 🚀 MySQL数据库连接工具启动 → 日志文件: E:\2fafacode\1Python\1renheutils-navigation\sql\mysql.log
2026-09-28 15:07:17.867 | [📘 INFO] 测试连接 → host=47.116.211.247, port=3306, database=(default)
2026-09-28 15:07:17.915 | [✅ SUCCESS] 连接成功 → host=47.116.211.247, database=(default)
2026-09-28 15:07:17.939 | [📘 INFO] 获取数据库列表
2026-09-28 15:07:17.940 | [✅ SUCCESS] 获取到 6 个数据库
2026-09-28 15:07:17.941 | [📘 INFO] 获取表列表 → database=hrm
2026-09-28 15:07:17.942 | [✅ SUCCESS] 获取到 222 个表 → database=hrm
2026-09-28 15:07:17.943 | [📘 INFO] 获取表结构 → database=hrm, table=QRTZ_BLOB_TRIGGERS
2026-09-28 15:07:17.944 | [💾 SQL] 执行查询 → table=QRTZ_BLOB_TRIGGERS 
  SQL: DESCRIBE `hrm`.`QRTZ_BLOB_TRIGGERS`
2026-09-28 15:07:18.012 | [✅ SUCCESS] 获取表结构成功 → table=QRTZ_BLOB_TRIGGERS, 字段数=4
2026-09-28 15:07:18.139 | [📘 INFO] 查询表数据 → database=hrm, table=QRTZ_BLOB_TRIGGERS, limit=1000
2026-09-28 15:07:18.161 | [💾 SQL] 执行查询 → table=QRTZ_BLOB_TRIGGERS 
  SQL: SELECT * FROM `hrm`.`QRTZ_BLOB_TRIGGERS`  LIMIT 1000
2026-09-28 15:07:18.215 | [✅ SUCCESS] 查询数据成功 → table=QRTZ_BLOB_TRIGGERS, 行数=0
2026-09-30 09:04:14.888 | [📘 INFO] 🚀 MySQL数据库连接工具启动 → 日志文件: E:\2fafacode\1Python\1renheutils-navigation\sql\mysql.log
2026-09-30 09:04:14.890 | [📘 INFO] 测试连接 → host=47.116.211.247, port=3306, database=(default)
2026-09-30 09:04:15.343 | [✅ SUCCESS] 连接成功 → host=47.116.211.247, database=(default)
2026-09-30 09:04:15.365 | [📘 INFO] 获取数据库列表
2026-09-30 09:04:15.477 | [✅ SUCCESS] 获取到 6 个数据库
2026-09-30 09:04:15.477 | [📘 INFO] 获取表列表 → database=hrm
2026-09-30 09:04:15.950 | [✅ SUCCESS] 获取到 222 个表 → database=hrm
2026-09-30 09:04:15.951 | [📘 INFO] 获取表结构 → database=hrm, table=QRTZ_BLOB_TRIGGERS
2026-09-30 09:04:15.952 | [💾 SQL] 执行查询 → table=QRTZ_BLOB_TRIGGERS 
  SQL: DESCRIBE `hrm`.`QRTZ_BLOB_TRIGGERS`
2026-09-30 09:04:16.018 | [✅ SUCCESS] 获取表结构成功 → table=QRTZ_BLOB_TRIGGERS, 字段数=4
2026-09-30 09:04:16.197 | [📘 INFO] 查询表数据 → database=hrm, table=QRTZ_BLOB_TRIGGERS, limit=1000
2026-09-30 09:04:16.219 | [💾 SQL] 执行查询 → table=QRTZ_BLOB_TRIGGERS 
  SQL: SELECT * FROM `hrm`.`QRTZ_BLOB_TRIGGERS`  LIMIT 1000
2026-09-30 09:04:16.257 | [✅ SUCCESS] 查询数据成功 → table=QRTZ_BLOB_TRIGGERS, 行数=0
2026-09-30 09:17:39.764 | [📘 INFO] 🚀 MySQL数据库连接工具启动 → 日志文件: E:\2fafacode\1Python\1renheutils-navigation\sql\mysql.log
2026-09-30 09:17:39.765 | [📘 INFO] 测试连接 → host=47.116.211.247, port=3306, database=(default)
2026-09-30 09:17:39.810 | [✅ SUCCESS] 连接成功 → host=47.116.211.247, database=(default)
2026-09-30 09:17:39.842 | [📘 INFO] 获取数据库列表
2026-09-30 09:17:39.911 | [✅ SUCCESS] 获取到 6 个数据库
2026-09-30 09:17:39.913 | [📘 INFO] 获取表列表 → database=hrm
2026-09-30 09:17:39.987 | [✅ SUCCESS] 获取到 222 个表 → database=hrm
2026-09-30 09:17:39.989 | [📘 INFO] 获取表结构 → database=hrm, table=QRTZ_BLOB_TRIGGERS
2026-09-30 09:17:39.989 | [💾 SQL] 执行查询 → table=QRTZ_BLOB_TRIGGERS 
  SQL: DESCRIBE `hrm`.`QRTZ_BLOB_TRIGGERS`
2026-09-30 09:17:40.061 | [✅ SUCCESS] 获取表结构成功 → table=QRTZ_BLOB_TRIGGERS, 字段数=4
2026-09-30 09:17:40.173 | [📘 INFO] 查询表数据 → database=hrm, table=QRTZ_BLOB_TRIGGERS, limit=1000
2026-09-30 09:17:40.199 | [💾 SQL] 执行查询 → table=QRTZ_BLOB_TRIGGERS 
  SQL: SELECT * FROM `hrm`.`QRTZ_BLOB_TRIGGERS`  LIMIT 1000
2026-09-30 09:17:40.240 | [✅ SUCCESS] 查询数据成功 → table=QRTZ_BLOB_TRIGGERS, 行数=0
2026-09-30 10:26:00.717 | [📘 INFO] 🚀 MySQL数据库连接工具启动 → 日志文件: E:\2fafacode\1Python\streamlit\sidebar3_navigation1\sql\mysql.log
2026-09-30 10:26:00.718 | [📘 INFO] 测试连接 → host=47.116.211.247, port=3306, database=(default)
2026-09-30 10:26:01.046 | [✅ SUCCESS] 连接成功 → host=47.116.211.247, database=(default)
2026-09-30 10:26:01.069 | [📘 INFO] 获取数据库列表
2026-09-30 10:26:01.140 | [✅ SUCCESS] 获取到 6 个数据库
2026-09-30 10:26:01.140 | [📘 INFO] 获取表列表 → database=hrm
2026-09-30 10:26:01.456 | [✅ SUCCESS] 获取到 222 个表 → database=hrm
2026-09-30 10:26:01.457 | [📘 INFO] 获取表结构 → database=hrm, table=QRTZ_BLOB_TRIGGERS
2026-09-30 10:26:01.457 | [💾 SQL] 执行查询 → table=QRTZ_BLOB_TRIGGERS 
  SQL: DESCRIBE `hrm`.`QRTZ_BLOB_TRIGGERS`
2026-09-30 10:26:01.526 | [✅ SUCCESS] 获取表结构成功 → table=QRTZ_BLOB_TRIGGERS, 字段数=4
2026-09-30 10:26:01.606 | [📘 INFO] 查询表数据 → database=hrm, table=QRTZ_BLOB_TRIGGERS, limit=1000
2026-09-30 10:26:01.627 | [💾 SQL] 执行查询 → table=QRTZ_BLOB_TRIGGERS 
  SQL: SELECT * FROM `hrm`.`QRTZ_BLOB_TRIGGERS`  LIMIT 1000
2026-09-30 10:26:01.671 | [✅ SUCCESS] 查询数据成功 → table=QRTZ_BLOB_TRIGGERS, 行数=0
2026-09-30 16:21:45.978 | [📘 INFO] 🚀 MySQL数据库连接工具启动 → 日志文件: E:\2fafacode\1Python\streamlit\sidebar3_navigation1\sql\mysql.log
2026-09-30 16:21:45.979 | [📘 INFO] 测试连接 → host=47.116.211.247, port=3306, database=(default)
2026-09-30 16:21:46.288 | [✅ SUCCESS] 连接成功 → host=47.116.211.247, database=(default)
2026-09-30 16:21:46.309 | [📘 INFO] 获取数据库列表
2026-09-30 16:21:46.377 | [✅ SUCCESS] 获取到 6 个数据库
2026-09-30 16:21:46.378 | [📘 INFO] 获取表列表 → database=hrm
2026-09-30 16:21:46.652 | [✅ SUCCESS] 获取到 223 个表 → database=hrm
2026-09-30 16:21:46.653 | [📘 INFO] 获取表结构 → database=hrm, table=QRTZ_BLOB_TRIGGERS
2026-09-30 16:21:46.653 | [💾 SQL] 执行查询 → table=QRTZ_BLOB_TRIGGERS 
  SQL: DESCRIBE `hrm`.`QRTZ_BLOB_TRIGGERS`
2026-09-30 16:21:46.727 | [✅ SUCCESS] 获取表结构成功 → table=QRTZ_BLOB_TRIGGERS, 字段数=4
2026-09-30 16:21:46.942 | [📘 INFO] 查询表数据 → database=hrm, table=QRTZ_BLOB_TRIGGERS, limit=1000
2026-09-30 16:21:46.969 | [💾 SQL] 执行查询 → table=QRTZ_BLOB_TRIGGERS 
  SQL: SELECT * FROM `hrm`.`QRTZ_BLOB_TRIGGERS`  LIMIT 1000
2026-09-30 16:21:47.007 | [✅ SUCCESS] 查询数据成功 → table=QRTZ_BLOB_TRIGGERS, 行数=0
2026-09-30 16:28:04.840 | [📘 INFO] 🚀 MySQL数据库连接工具启动 → 日志文件: E:\2fafacode\1Python\streamlit\sidebar3_navigation1\sql\mysql.log
2026-09-30 16:28:04.841 | [📘 INFO] 测试连接 → host=47.116.211.247, port=3306, database=(default)
2026-09-30 16:28:04.888 | [✅ SUCCESS] 连接成功 → host=47.116.211.247, database=(default)
2026-09-30 16:28:04.914 | [📘 INFO] 获取数据库列表
2026-09-30 16:28:04.979 | [✅ SUCCESS] 获取到 6 个数据库
2026-09-30 16:28:04.980 | [📘 INFO] 获取表列表 → database=hrm
2026-09-30 16:28:05.066 | [✅ SUCCESS] 获取到 223 个表 → database=hrm
2026-09-30 16:28:05.067 | [📘 INFO] 获取表结构 → database=hrm, table=QRTZ_BLOB_TRIGGERS
2026-09-30 16:28:05.067 | [💾 SQL] 执行查询 → table=QRTZ_BLOB_TRIGGERS 
  SQL: DESCRIBE `hrm`.`QRTZ_BLOB_TRIGGERS`
2026-09-30 16:28:05.181 | [✅ SUCCESS] 获取表结构成功 → table=QRTZ_BLOB_TRIGGERS, 字段数=4
2026-09-30 16:28:05.304 | [📘 INFO] 查询表数据 → database=hrm, table=QRTZ_BLOB_TRIGGERS, limit=1000
2026-09-30 16:28:05.326 | [💾 SQL] 执行查询 → table=QRTZ_BLOB_TRIGGERS 
  SQL: SELECT * FROM `hrm`.`QRTZ_BLOB_TRIGGERS`  LIMIT 1000
2026-09-30 16:28:05.371 | [✅ SUCCESS] 查询数据成功 → table=QRTZ_BLOB_TRIGGERS, 行数=0
2026-09-30 16:29:33.640 | [📘 INFO] 🚀 MySQL数据库连接工具启动 → 日志文件: E:\2fafacode\1Python\streamlit\sidebar3_navigation1\sql\mysql.log
2026-09-30 16:29:33.641 | [📘 INFO] 测试连接 → host=127.0.0.1, port=3306, database=(default)
2026-09-30 16:29:33.679 | [✅ SUCCESS] 连接成功 → host=127.0.0.1, database=(default)
2026-09-30 16:29:33.681 | [📘 INFO] 获取数据库列表
2026-09-30 16:29:33.692 | [✅ SUCCESS] 获取到 11 个数据库
2026-09-30 16:29:33.693 | [📘 INFO] 获取表列表 → database=apolloconfigdb
2026-09-30 16:29:33.705 | [✅ SUCCESS] 获取到 19 个表 → database=apolloconfigdb
2026-09-30 16:29:33.705 | [📘 INFO] 获取表结构 → database=apolloconfigdb, table=accesskey
2026-09-30 16:29:33.706 | [💾 SQL] 执行查询 → table=accesskey 
  SQL: DESCRIBE `apolloconfigdb`.`accesskey`
2026-09-30 16:29:33.715 | [✅ SUCCESS] 获取表结构成功 → table=accesskey, 字段数=11
2026-09-30 16:29:33.877 | [📘 INFO] 查询表数据 → database=apolloconfigdb, table=accesskey, limit=1000
2026-09-30 16:29:33.880 | [💾 SQL] 执行查询 → table=accesskey 
  SQL: SELECT * FROM `apolloconfigdb`.`accesskey`  LIMIT 1000
2026-09-30 16:29:33.893 | [✅ SUCCESS] 查询数据成功 → table=accesskey, 行数=0
2026-09-30 16:29:40.878 | [📘 INFO] 🚀 MySQL数据库连接工具启动 → 日志文件: E:\2fafacode\1Python\streamlit\sidebar3_navigation1\sql\mysql.log
2026-09-30 16:29:40.879 | [📘 INFO] 测试连接 → host=localhost, port=3306, database=(default)
2026-09-30 16:29:40.886 | [✅ SUCCESS] 连接成功 → host=localhost, database=(default)
2026-09-30 16:29:40.887 | [📘 INFO] 获取数据库列表
2026-09-30 16:29:40.891 | [✅ SUCCESS] 获取到 11 个数据库
2026-09-30 16:29:40.892 | [📘 INFO] 获取表列表 → database=apolloconfigdb
2026-09-30 16:29:40.899 | [✅ SUCCESS] 获取到 19 个表 → database=apolloconfigdb
2026-09-30 16:29:40.900 | [📘 INFO] 获取表结构 → database=apolloconfigdb, table=accesskey
2026-09-30 16:29:40.901 | [💾 SQL] 执行查询 → table=accesskey 
  SQL: DESCRIBE `apolloconfigdb`.`accesskey`
2026-09-30 16:29:40.907 | [✅ SUCCESS] 获取表结构成功 → table=accesskey, 字段数=11
2026-09-30 16:29:41.048 | [📘 INFO] 查询表数据 → database=apolloconfigdb, table=accesskey, limit=1000
2026-09-30 16:29:41.050 | [💾 SQL] 执行查询 → table=accesskey 
  SQL: SELECT * FROM `apolloconfigdb`.`accesskey`  LIMIT 1000
2026-09-30 16:29:41.052 | [✅ SUCCESS] 查询数据成功 → table=accesskey, 行数=0
2026-09-30 16:50:14.112 | [📘 INFO] 🚀 MySQL数据库连接工具启动 → 日志文件: E:\2fafacode\1Python\streamlit\sidebar3_navigation1\sql\mysql.log
2026-09-30 16:50:14.113 | [📘 INFO] 测试连接 → host=47.116.211.247, port=3306, database=(default)
2026-09-30 16:50:14.472 | [✅ SUCCESS] 连接成功 → host=47.116.211.247, database=(default)
2026-09-30 16:50:14.491 | [📘 INFO] 获取数据库列表
2026-09-30 16:50:14.555 | [✅ SUCCESS] 获取到 6 个数据库
2026-09-30 16:50:14.556 | [📘 INFO] 获取表列表 → database=hrm
2026-09-30 17:01:40.893 | [📘 INFO] 🚀 MySQL数据库连接工具启动 → 日志文件: E:\2fafacode\1Python\streamlit\sidebar3_navigation1\sql\mysql.log
2026-09-30 17:01:40.894 | [📘 INFO] 测试连接 → host=47.116.211.247, port=3306, database=(default)
2026-09-30 17:01:40.937 | [✅ SUCCESS] 连接成功 → host=47.116.211.247, database=(default)
2026-09-30 17:01:40.960 | [📘 INFO] 获取数据库列表
2026-09-30 17:01:41.028 | [✅ SUCCESS] 获取到 6 个数据库
2026-09-30 17:01:41.028 | [📘 INFO] 获取表列表 → database=hrm
2026-09-30 17:01:41.101 | [✅ SUCCESS] 获取到 223 个表 → database=hrm
2026-09-30 17:01:41.102 | [📘 INFO] 获取表结构 → database=hrm, table=QRTZ_BLOB_TRIGGERS
2026-09-30 17:01:41.103 | [💾 SQL] 执行查询 → table=QRTZ_BLOB_TRIGGERS 
  SQL: DESCRIBE `hrm`.`QRTZ_BLOB_TRIGGERS`
2026-09-30 17:01:41.172 | [✅ SUCCESS] 获取表结构成功 → table=QRTZ_BLOB_TRIGGERS, 字段数=4
2026-09-30 17:01:41.317 | [📘 INFO] 查询表数据 → database=hrm, table=QRTZ_BLOB_TRIGGERS, limit=1000
2026-09-30 17:01:41.338 | [💾 SQL] 执行查询 → table=QRTZ_BLOB_TRIGGERS 
  SQL: SELECT * FROM `hrm`.`QRTZ_BLOB_TRIGGERS`  LIMIT 1000
2026-09-30 17:01:41.381 | [✅ SUCCESS] 查询数据成功 → table=QRTZ_BLOB_TRIGGERS, 行数=0
2026-09-30 17:11:31.119 | [📘 INFO] 🚀 MySQL数据库连接工具启动 → 日志文件: E:\2fafacode\1Python\streamlit\sidebar3_navigation1\sql\mysql.log
2026-09-30 17:11:31.121 | [📘 INFO] 测试连接 → host=47.116.211.247, port=3306, database=(default)
2026-09-30 17:11:31.161 | [✅ SUCCESS] 连接成功 → host=47.116.211.247, database=(default)
2026-09-30 17:11:31.181 | [📘 INFO] 获取数据库列表
2026-09-30 17:11:31.241 | [✅ SUCCESS] 获取到 6 个数据库
2026-09-30 17:11:31.242 | [📘 INFO] 获取表列表 → database=hrm
2026-09-30 17:11:31.308 | [✅ SUCCESS] 获取到 223 个表 → database=hrm
2026-09-30 17:11:31.309 | [📘 INFO] 获取表结构 → database=hrm, table=QRTZ_BLOB_TRIGGERS
2026-09-30 17:11:31.310 | [💾 SQL] 执行查询 → table=QRTZ_BLOB_TRIGGERS 
  SQL: DESCRIBE `hrm`.`QRTZ_BLOB_TRIGGERS`
2026-09-30 17:11:31.372 | [✅ SUCCESS] 获取表结构成功 → table=QRTZ_BLOB_TRIGGERS, 字段数=4
2026-09-30 17:11:31.493 | [📘 INFO] 查询表数据 → database=hrm, table=QRTZ_BLOB_TRIGGERS, limit=1000
2026-09-30 17:11:31.513 | [💾 SQL] 执行查询 → table=QRTZ_BLOB_TRIGGERS 
  SQL: SELECT * FROM `hrm`.`QRTZ_BLOB_TRIGGERS`  LIMIT 1000
2026-09-30 17:11:31.553 | [✅ SUCCESS] 查询数据成功 → table=QRTZ_BLOB_TRIGGERS, 行数=0
2026-09-30 17:25:09.673 | [📘 INFO] 🚀 MySQL数据库连接工具启动 → 日志文件: E:\2fafacode\1Python\streamlit\sidebar3_navigation1\sql\mysql.log
2026-09-30 17:25:09.674 | [📘 INFO] 测试连接 → host=47.116.211.247, port=3306, database=(default)
2026-09-30 17:25:09.717 | [✅ SUCCESS] 连接成功 → host=47.116.211.247, database=(default)
2026-09-30 17:25:09.737 | [📘 INFO] 获取数据库列表
2026-09-30 17:25:09.799 | [✅ SUCCESS] 获取到 6 个数据库
2026-09-30 17:25:09.799 | [📘 INFO] 获取表列表 → database=hrm
2026-09-30 17:25:09.864 | [✅ SUCCESS] 获取到 223 个表 → database=hrm
2026-09-30 17:25:09.865 | [📘 INFO] 获取表结构 → database=hrm, table=QRTZ_BLOB_TRIGGERS
2026-09-30 17:25:09.865 | [💾 SQL] 执行查询 → table=QRTZ_BLOB_TRIGGERS 
  SQL: DESCRIBE `hrm`.`QRTZ_BLOB_TRIGGERS`
2026-09-30 17:25:09.930 | [✅ SUCCESS] 获取表结构成功 → table=QRTZ_BLOB_TRIGGERS, 字段数=4
2026-09-30 17:25:10.051 | [📘 INFO] 查询表数据 → database=hrm, table=QRTZ_BLOB_TRIGGERS, limit=1000
2026-09-30 17:25:10.074 | [💾 SQL] 执行查询 → table=QRTZ_BLOB_TRIGGERS 
  SQL: SELECT * FROM `hrm`.`QRTZ_BLOB_TRIGGERS`  LIMIT 1000
2026-09-30 17:25:10.115 | [✅ SUCCESS] 查询数据成功 → table=QRTZ_BLOB_TRIGGERS, 行数=0
2026-10-06 09:41:54.212 | [📘 INFO] 🚀 MySQL数据库连接工具启动 → 日志文件: E:\2fafacode\1Python\streamlit\sidebar3_navigation1\sql\mysql.log
2026-10-06 09:41:54.213 | [📘 INFO] 测试连接 → host=47.116.211.247, port=3306, database=(default)
2026-10-06 09:41:54.583 | [✅ SUCCESS] 连接成功 → host=47.116.211.247, database=(default)
2026-10-06 09:41:54.607 | [📘 INFO] 获取数据库列表
2026-10-06 09:41:54.673 | [✅ SUCCESS] 获取到 6 个数据库
2026-10-06 09:41:54.674 | [📘 INFO] 获取表列表 → database=hrm
2026-10-06 09:41:55.014 | [✅ SUCCESS] 获取到 223 个表 → database=hrm
2026-10-06 09:41:55.014 | [📘 INFO] 获取表结构 → database=hrm, table=QRTZ_BLOB_TRIGGERS
2026-10-06 09:41:55.014 | [💾 SQL] 执行查询 → table=QRTZ_BLOB_TRIGGERS 
  SQL: DESCRIBE `hrm`.`QRTZ_BLOB_TRIGGERS`
2026-10-06 09:41:55.111 | [✅ SUCCESS] 获取表结构成功 → table=QRTZ_BLOB_TRIGGERS, 字段数=4
2026-10-06 09:41:55.218 | [📘 INFO] 查询表数据 → database=hrm, table=QRTZ_BLOB_TRIGGERS, limit=1000
2026-10-06 09:41:55.242 | [💾 SQL] 执行查询 → table=QRTZ_BLOB_TRIGGERS 
  SQL: SELECT * FROM `hrm`.`QRTZ_BLOB_TRIGGERS`  LIMIT 1000
2026-10-06 09:41:55.290 | [✅ SUCCESS] 查询数据成功 → table=QRTZ_BLOB_TRIGGERS, 行数=0
2026-10-06 09:45:52.433 | [📘 INFO] 🚀 MySQL数据库连接工具启动 → 日志文件: E:\2fafacode\1Python\streamlit\sidebar3_navigation1\sql\mysql.log
2026-10-06 09:45:52.434 | [📘 INFO] 测试连接 → host=47.116.211.247, port=3306, database=(default)
2026-10-06 09:45:52.478 | [✅ SUCCESS] 连接成功 → host=47.116.211.247, database=(default)
2026-10-06 09:45:52.499 | [📘 INFO] 获取数据库列表
2026-10-06 09:45:52.568 | [✅ SUCCESS] 获取到 6 个数据库
2026-10-06 09:45:52.569 | [📘 INFO] 获取表列表 → database=hrm
2026-10-06 09:45:52.644 | [✅ SUCCESS] 获取到 223 个表 → database=hrm
2026-10-06 09:45:52.644 | [📘 INFO] 获取表结构 → database=hrm, table=QRTZ_BLOB_TRIGGERS
2026-10-06 09:45:52.644 | [💾 SQL] 执行查询 → table=QRTZ_BLOB_TRIGGERS 
  SQL: DESCRIBE `hrm`.`QRTZ_BLOB_TRIGGERS`
2026-10-06 09:45:52.720 | [✅ SUCCESS] 获取表结构成功 → table=QRTZ_BLOB_TRIGGERS, 字段数=4
2026-10-06 09:45:52.808 | [📘 INFO] 查询表数据 → database=hrm, table=QRTZ_BLOB_TRIGGERS, limit=1000
2026-10-06 09:45:52.835 | [💾 SQL] 执行查询 → table=QRTZ_BLOB_TRIGGERS 
  SQL: SELECT * FROM `hrm`.`QRTZ_BLOB_TRIGGERS`  LIMIT 1000
2026-10-06 09:45:52.881 | [✅ SUCCESS] 查询数据成功 → table=QRTZ_BLOB_TRIGGERS, 行数=0
2026-10-06 09:46:44.900 | [📘 INFO] 🚀 MySQL数据库连接工具启动 → 日志文件: E:\2fafacode\1Python\streamlit\sidebar3_navigation1\sql\mysql.log
2026-10-06 09:46:44.901 | [📘 INFO] 测试连接 → host=47.116.211.247, port=3306, database=(default)
2026-10-06 09:46:44.947 | [✅ SUCCESS] 连接成功 → host=47.116.211.247, database=(default)
2026-10-06 09:46:44.969 | [📘 INFO] 获取数据库列表
2026-10-06 09:46:44.969 | [✅ SUCCESS] 获取到 6 个数据库
2026-10-06 09:46:44.971 | [📘 INFO] 获取表列表 → database=hrm
2026-10-06 09:46:44.972 | [✅ SUCCESS] 获取到 223 个表 → database=hrm
2026-10-06 09:46:44.973 | [📘 INFO] 获取表结构 → database=hrm, table=QRTZ_BLOB_TRIGGERS
2026-10-06 09:46:44.974 | [💾 SQL] 执行查询 → table=QRTZ_BLOB_TRIGGERS 
  SQL: DESCRIBE `hrm`.`QRTZ_BLOB_TRIGGERS`
2026-10-06 09:46:45.057 | [✅ SUCCESS] 获取表结构成功 → table=QRTZ_BLOB_TRIGGERS, 字段数=4
2026-10-06 09:46:45.163 | [📘 INFO] 查询表数据 → database=hrm, table=QRTZ_BLOB_TRIGGERS, limit=1000
2026-10-06 09:46:45.189 | [💾 SQL] 执行查询 → table=QRTZ_BLOB_TRIGGERS 
  SQL: SELECT * FROM `hrm`.`QRTZ_BLOB_TRIGGERS`  LIMIT 1000
2026-10-06 09:46:45.240 | [✅ SUCCESS] 查询数据成功 → table=QRTZ_BLOB_TRIGGERS, 行数=0
2026-10-06 09:46:54.661 | [📘 INFO] 获取表列表 → database=camunda
2026-10-06 09:46:54.935 | [✅ SUCCESS] 获取到 61 个表 → database=camunda
2026-10-06 09:46:55.011 | [📘 INFO] 获取表结构 → database=camunda, table=ACT_GE_BYTEARRAY
2026-10-06 09:46:55.012 | [💾 SQL] 执行查询 → table=ACT_GE_BYTEARRAY 
  SQL: DESCRIBE `camunda`.`ACT_GE_BYTEARRAY`
2026-10-06 09:46:55.073 | [✅ SUCCESS] 获取表结构成功 → table=ACT_GE_BYTEARRAY, 字段数=11
2026-10-06 09:46:55.113 | [📘 INFO] 查询表数据 → database=camunda, table=ACT_GE_BYTEARRAY, limit=1000
2026-10-06 09:46:55.133 | [💾 SQL] 执行查询 → table=ACT_GE_BYTEARRAY 
  SQL: SELECT * FROM `camunda`.`ACT_GE_BYTEARRAY`  LIMIT 1000
2026-10-06 09:46:55.352 | [✅ SUCCESS] 查询数据成功 → table=ACT_GE_BYTEARRAY, 行数=1000
2026-10-06 09:47:02.146 | [📘 INFO] 🚀 MySQL数据库连接工具启动 → 日志文件: E:\2fafacode\1Python\streamlit\sidebar3_navigation1\sql\mysql.log
2026-10-06 09:47:02.147 | [📘 INFO] 测试连接 → host=47.116.211.247, port=3306, database=(default)
2026-10-06 09:47:02.189 | [✅ SUCCESS] 连接成功 → host=47.116.211.247, database=(default)
2026-10-06 09:47:02.211 | [📘 INFO] 获取数据库列表
2026-10-06 09:47:02.285 | [✅ SUCCESS] 获取到 6 个数据库
2026-10-06 09:47:02.286 | [📘 INFO] 获取表列表 → database=hrm
2026-10-06 09:47:02.360 | [✅ SUCCESS] 获取到 223 个表 → database=hrm
2026-10-06 09:47:02.360 | [📘 INFO] 获取表结构 → database=hrm, table=QRTZ_BLOB_TRIGGERS
2026-10-06 09:47:02.361 | [💾 SQL] 执行查询 → table=QRTZ_BLOB_TRIGGERS 
  SQL: DESCRIBE `hrm`.`QRTZ_BLOB_TRIGGERS`
2026-10-06 09:47:02.435 | [✅ SUCCESS] 获取表结构成功 → table=QRTZ_BLOB_TRIGGERS, 字段数=4
2026-10-06 09:47:02.567 | [📘 INFO] 查询表数据 → database=hrm, table=QRTZ_BLOB_TRIGGERS, limit=1000
2026-10-06 09:47:02.592 | [💾 SQL] 执行查询 → table=QRTZ_BLOB_TRIGGERS 
  SQL: SELECT * FROM `hrm`.`QRTZ_BLOB_TRIGGERS`  LIMIT 1000
2026-10-06 09:47:02.638 | [✅ SUCCESS] 查询数据成功 → table=QRTZ_BLOB_TRIGGERS, 行数=0
2026-10-06 09:47:05.089 | [📘 INFO] 获取表列表 → database=camunda
2026-10-06 09:47:05.090 | [✅ SUCCESS] 获取到 61 个表 → database=camunda
2026-10-06 09:47:05.168 | [📘 INFO] 获取表结构 → database=camunda, table=ACT_GE_BYTEARRAY
2026-10-06 09:47:05.169 | [💾 SQL] 执行查询 → table=ACT_GE_BYTEARRAY 
  SQL: DESCRIBE `camunda`.`ACT_GE_BYTEARRAY`
2026-10-06 09:47:05.232 | [✅ SUCCESS] 获取表结构成功 → table=ACT_GE_BYTEARRAY, 字段数=11
2026-10-06 09:47:05.275 | [📘 INFO] 查询表数据 → database=camunda, table=ACT_GE_BYTEARRAY, limit=1000
2026-10-06 09:47:05.296 | [💾 SQL] 执行查询 → table=ACT_GE_BYTEARRAY 
  SQL: SELECT * FROM `camunda`.`ACT_GE_BYTEARRAY`  LIMIT 1000
2026-10-06 09:47:05.460 | [✅ SUCCESS] 查询数据成功 → table=ACT_GE_BYTEARRAY, 行数=1000
2026-10-06 09:47:09.559 | [📘 INFO] 获取表列表 → database=form
2026-10-06 09:47:09.830 | [✅ SUCCESS] 获取到 4 个表 → database=form
2026-10-06 09:47:09.922 | [📘 INFO] 获取表结构 → database=form, table=form
2026-10-06 09:47:09.922 | [💾 SQL] 执行查询 → table=form 
  SQL: DESCRIBE `form`.`form`
2026-10-06 09:47:09.983 | [✅ SUCCESS] 获取表结构成功 → table=form, 字段数=6
2026-10-06 09:47:10.022 | [📘 INFO] 查询表数据 → database=form, table=form, limit=1000
2026-10-06 09:47:10.041 | [💾 SQL] 执行查询 → table=form 
  SQL: SELECT * FROM `form`.`form`  LIMIT 1000
2026-10-06 09:47:10.082 | [✅ SUCCESS] 查询数据成功 → table=form, 行数=0
2026-10-06 09:47:14.108 | [📘 INFO] 获取表列表 → database=hrm
2026-10-06 09:47:14.109 | [✅ SUCCESS] 获取到 223 个表 → database=hrm
2026-10-06 09:47:14.198 | [📘 INFO] 获取表结构 → database=hrm, table=QRTZ_BLOB_TRIGGERS
2026-10-06 09:47:14.199 | [💾 SQL] 执行查询 → table=QRTZ_BLOB_TRIGGERS 
  SQL: DESCRIBE `hrm`.`QRTZ_BLOB_TRIGGERS`
2026-10-06 09:47:14.325 | [✅ SUCCESS] 获取表结构成功 → table=QRTZ_BLOB_TRIGGERS, 字段数=4
2026-10-06 09:47:14.358 | [📘 INFO] 查询表数据 → database=hrm, table=QRTZ_BLOB_TRIGGERS, limit=1000
2026-10-06 09:47:14.383 | [💾 SQL] 执行查询 → table=QRTZ_BLOB_TRIGGERS 
  SQL: SELECT * FROM `hrm`.`QRTZ_BLOB_TRIGGERS`  LIMIT 1000
2026-10-06 09:47:14.431 | [✅ SUCCESS] 查询数据成功 → table=QRTZ_BLOB_TRIGGERS, 行数=0
2026-10-06 09:47:16.517 | [📘 INFO] 获取表列表 → database=hrm_20220725
2026-10-06 09:47:16.822 | [✅ SUCCESS] 获取到 178 个表 → database=hrm_20220725
2026-10-06 09:47:16.906 | [📘 INFO] 获取表结构 → database=hrm_20220725, table=ccuser_temp
2026-10-06 09:47:16.907 | [💾 SQL] 执行查询 → table=ccuser_temp 
  SQL: DESCRIBE `hrm_20220725`.`ccuser_temp`
2026-10-06 09:47:16.972 | [✅ SUCCESS] 获取表结构成功 → table=ccuser_temp, 字段数=3
2026-10-06 09:47:16.994 | [📘 INFO] 查询表数据 → database=hrm_20220725, table=ccuser_temp, limit=1000
2026-10-06 09:47:17.017 | [💾 SQL] 执行查询 → table=ccuser_temp 
  SQL: SELECT * FROM `hrm_20220725`.`ccuser_temp`  LIMIT 1000
2026-10-06 09:47:17.114 | [✅ SUCCESS] 查询数据成功 → table=ccuser_temp, 行数=1000
2026-10-06 09:47:18.777 | [📘 INFO] 获取表列表 → database=camunda
2026-10-06 09:47:18.778 | [✅ SUCCESS] 获取到 61 个表 → database=camunda
2026-10-06 09:47:18.858 | [📘 INFO] 获取表结构 → database=camunda, table=ACT_GE_BYTEARRAY
2026-10-06 09:47:18.860 | [💾 SQL] 执行查询 → table=ACT_GE_BYTEARRAY 
  SQL: DESCRIBE `camunda`.`ACT_GE_BYTEARRAY`
2026-10-06 09:47:18.922 | [✅ SUCCESS] 获取表结构成功 → table=ACT_GE_BYTEARRAY, 字段数=11
2026-10-06 09:47:18.963 | [📘 INFO] 查询表数据 → database=camunda, table=ACT_GE_BYTEARRAY, limit=1000
2026-10-06 09:47:18.982 | [💾 SQL] 执行查询 → table=ACT_GE_BYTEARRAY 
  SQL: SELECT * FROM `camunda`.`ACT_GE_BYTEARRAY`  LIMIT 1000
2026-10-06 09:47:19.146 | [✅ SUCCESS] 查询数据成功 → table=ACT_GE_BYTEARRAY, 行数=1000
2026-10-06 09:47:28.799 | [📘 INFO] 获取表列表 → database=hrm
2026-10-06 09:47:28.800 | [✅ SUCCESS] 获取到 223 个表 → database=hrm
2026-10-06 09:47:28.883 | [📘 INFO] 获取表结构 → database=hrm, table=QRTZ_BLOB_TRIGGERS
2026-10-06 09:47:28.884 | [💾 SQL] 执行查询 → table=QRTZ_BLOB_TRIGGERS 
  SQL: DESCRIBE `hrm`.`QRTZ_BLOB_TRIGGERS`
2026-10-06 09:47:28.958 | [✅ SUCCESS] 获取表结构成功 → table=QRTZ_BLOB_TRIGGERS, 字段数=4
2026-10-06 09:47:28.990 | [📘 INFO] 查询表数据 → database=hrm, table=QRTZ_BLOB_TRIGGERS, limit=1000
2026-10-06 09:47:29.015 | [💾 SQL] 执行查询 → table=QRTZ_BLOB_TRIGGERS 
  SQL: SELECT * FROM `hrm`.`QRTZ_BLOB_TRIGGERS`  LIMIT 1000
2026-10-06 09:47:29.066 | [✅ SUCCESS] 查询数据成功 → table=QRTZ_BLOB_TRIGGERS, 行数=0
2026-10-06 09:47:35.743 | [📘 INFO] 获取表结构 → database=hrm, table=hrm_offer
2026-10-06 09:47:35.744 | [💾 SQL] 执行查询 → table=hrm_offer 
  SQL: DESCRIBE `hrm`.`hrm_offer`
2026-10-06 09:47:35.823 | [✅ SUCCESS] 获取表结构成功 → table=hrm_offer, 字段数=53
2026-10-06 09:47:35.864 | [📘 INFO] 查询表数据 → database=hrm, table=hrm_offer, limit=1000
2026-10-06 09:47:35.888 | [💾 SQL] 执行查询 → table=hrm_offer 
  SQL: SELECT * FROM `hrm`.`hrm_offer`  LIMIT 1000
2026-10-06 09:47:36.097 | [✅ SUCCESS] 查询数据成功 → table=hrm_offer, 行数=1000
2026-10-06 10:16:04.652 | [📘 INFO] 🚀 MySQL数据库连接工具启动 → 日志文件: E:\2fafacode\1Python\streamlit\sidebar3_navigation1\sql\mysql.log
2026-10-06 10:16:04.653 | [📘 INFO] 测试连接 → host=47.116.211.247, port=3306, database=(default)
2026-10-06 10:16:04.696 | [✅ SUCCESS] 连接成功 → host=47.116.211.247, database=(default)
2026-10-06 10:16:04.718 | [📘 INFO] 获取数据库列表
2026-10-06 10:16:04.782 | [✅ SUCCESS] 获取到 6 个数据库
2026-10-06 10:16:04.783 | [📘 INFO] 获取表列表 → database=hrm
2026-10-06 10:16:04.858 | [✅ SUCCESS] 获取到 223 个表 → database=hrm
2026-10-06 10:16:04.859 | [📘 INFO] 获取表结构 → database=hrm, table=QRTZ_BLOB_TRIGGERS
2026-10-06 10:16:04.859 | [💾 SQL] 执行查询 → table=QRTZ_BLOB_TRIGGERS 
  SQL: DESCRIBE `hrm`.`QRTZ_BLOB_TRIGGERS`
2026-10-06 10:16:04.932 | [✅ SUCCESS] 获取表结构成功 → table=QRTZ_BLOB_TRIGGERS, 字段数=4
2026-10-06 10:16:05.040 | [📘 INFO] 查询表数据 → database=hrm, table=QRTZ_BLOB_TRIGGERS, limit=1000
2026-10-06 10:16:05.063 | [💾 SQL] 执行查询 → table=QRTZ_BLOB_TRIGGERS 
  SQL: SELECT * FROM `hrm`.`QRTZ_BLOB_TRIGGERS`  LIMIT 1000
2026-10-06 10:16:05.111 | [✅ SUCCESS] 查询数据成功 → table=QRTZ_BLOB_TRIGGERS, 行数=0
2026-10-06 10:16:14.566 | [📘 INFO] 获取表结构 → database=hrm, table=hrm_user
2026-10-06 10:16:14.567 | [💾 SQL] 执行查询 → table=hrm_user 
  SQL: DESCRIBE `hrm`.`hrm_user`
2026-10-06 10:16:14.643 | [✅ SUCCESS] 获取表结构成功 → table=hrm_user, 字段数=42
2026-10-06 10:16:14.694 | [📘 INFO] 查询表数据 → database=hrm, table=hrm_user, limit=1000
2026-10-06 10:16:14.719 | [💾 SQL] 执行查询 → table=hrm_user 
  SQL: SELECT * FROM `hrm`.`hrm_user`  LIMIT 1000
2026-10-06 10:16:14.820 | [✅ SUCCESS] 查询数据成功 → table=hrm_user, 行数=1000
2026-10-06 10:16:42.324 | [📘 INFO] 🚀 MySQL数据库连接工具启动 → 日志文件: E:\2fafacode\1Python\streamlit\sidebar3_navigation1\sql\mysql.log
2026-10-06 10:16:42.325 | [📘 INFO] 测试连接 → host=47.116.211.247, port=3306, database=(default)
2026-10-06 10:16:42.367 | [✅ SUCCESS] 连接成功 → host=47.116.211.247, database=(default)
2026-10-06 10:16:42.390 | [📘 INFO] 获取数据库列表
2026-10-06 10:16:42.391 | [✅ SUCCESS] 获取到 6 个数据库
2026-10-06 10:16:42.391 | [📘 INFO] 获取表列表 → database=hrm
2026-10-06 10:16:42.392 | [✅ SUCCESS] 获取到 223 个表 → database=hrm
2026-10-06 10:16:42.393 | [📘 INFO] 获取表结构 → database=hrm, table=QRTZ_BLOB_TRIGGERS
2026-10-06 10:16:42.394 | [💾 SQL] 执行查询 → table=QRTZ_BLOB_TRIGGERS 
  SQL: DESCRIBE `hrm`.`QRTZ_BLOB_TRIGGERS`
2026-10-06 10:16:42.466 | [✅ SUCCESS] 获取表结构成功 → table=QRTZ_BLOB_TRIGGERS, 字段数=4
2026-10-06 10:16:42.603 | [📘 INFO] 查询表数据 → database=hrm, table=QRTZ_BLOB_TRIGGERS, limit=1000
2026-10-06 10:16:42.629 | [💾 SQL] 执行查询 → table=QRTZ_BLOB_TRIGGERS 
  SQL: SELECT * FROM `hrm`.`QRTZ_BLOB_TRIGGERS`  LIMIT 1000
2026-10-06 10:16:42.680 | [✅ SUCCESS] 查询数据成功 → table=QRTZ_BLOB_TRIGGERS, 行数=0
2026-10-06 10:26:55.901 | [📘 INFO] 🚀 MySQL数据库连接工具启动 → 日志文件: E:\2fafacode\1Python\streamlit\sidebar3_navigation1\sql\mysql.log
2026-10-06 10:26:55.903 | [📘 INFO] 测试连接 → host=47.116.211.247, port=3306, database=(default)
2026-10-06 10:26:55.948 | [✅ SUCCESS] 连接成功 → host=47.116.211.247, database=(default)
2026-10-06 10:26:55.975 | [📘 INFO] 获取数据库列表
2026-10-06 10:26:56.044 | [✅ SUCCESS] 获取到 6 个数据库
2026-10-06 10:26:56.045 | [📘 INFO] 获取表列表 → database=hrm
2026-10-06 10:26:56.129 | [✅ SUCCESS] 获取到 223 个表 → database=hrm
2026-10-06 10:26:56.129 | [📘 INFO] 获取表结构 → database=hrm, table=QRTZ_BLOB_TRIGGERS
2026-10-06 10:26:56.130 | [💾 SQL] 执行查询 → table=QRTZ_BLOB_TRIGGERS 
  SQL: DESCRIBE `hrm`.`QRTZ_BLOB_TRIGGERS`
2026-10-06 10:26:56.206 | [✅ SUCCESS] 获取表结构成功 → table=QRTZ_BLOB_TRIGGERS, 字段数=4
2026-10-06 10:26:56.328 | [📘 INFO] 查询表数据 → database=hrm, table=QRTZ_BLOB_TRIGGERS, limit=1000
2026-10-06 10:26:56.352 | [💾 SQL] 执行查询 → table=QRTZ_BLOB_TRIGGERS 
  SQL: SELECT * FROM `hrm`.`QRTZ_BLOB_TRIGGERS`  LIMIT 1000
2026-10-06 10:26:56.409 | [✅ SUCCESS] 查询数据成功 → table=QRTZ_BLOB_TRIGGERS, 行数=0
2026-10-06 11:03:03.220 | [📘 INFO] 🚀 MySQL数据库连接工具启动 → 日志文件: E:\2fafacode\1Python\streamlit\sidebar3_navigation1\sql\mysql.log
2026-10-06 11:03:03.221 | [📘 INFO] 测试连接 → host=47.116.211.247, port=3306, database=(default)
2026-10-06 11:03:03.364 | [✅ SUCCESS] 连接成功 → host=47.116.211.247, database=(default)
2026-10-06 11:03:03.385 | [📘 INFO] 获取数据库列表
2026-10-06 11:03:03.446 | [✅ SUCCESS] 获取到 6 个数据库
2026-10-06 11:03:03.447 | [📘 INFO] 获取表列表 → database=hrm
2026-10-06 11:03:03.607 | [✅ SUCCESS] 获取到 223 个表 → database=hrm
2026-10-06 11:03:03.608 | [📘 INFO] 获取表结构 → database=hrm, table=QRTZ_BLOB_TRIGGERS
2026-10-06 11:03:03.608 | [💾 SQL] 执行查询 → table=QRTZ_BLOB_TRIGGERS 
  SQL: DESCRIBE `hrm`.`QRTZ_BLOB_TRIGGERS`
2026-10-06 11:03:03.671 | [✅ SUCCESS] 获取表结构成功 → table=QRTZ_BLOB_TRIGGERS, 字段数=4
2026-10-06 11:03:03.784 | [📘 INFO] 查询表数据 → database=hrm, table=QRTZ_BLOB_TRIGGERS, limit=1000
2026-10-06 11:03:03.803 | [💾 SQL] 执行查询 → table=QRTZ_BLOB_TRIGGERS 
  SQL: SELECT * FROM `hrm`.`QRTZ_BLOB_TRIGGERS`  LIMIT 1000
2026-10-06 11:03:03.842 | [✅ SUCCESS] 查询数据成功 → table=QRTZ_BLOB_TRIGGERS, 行数=0
2026-10-06 16:47:31.373 | [📘 INFO] 🚀 MySQL数据库连接工具启动 → 日志文件: E:\2fafacode\1Python\streamlit\sidebar3_navigation1\sql\mysql.log
2026-10-06 16:47:31.373 | [📘 INFO] 测试连接 → host=47.116.211.247, port=3306, database=(default)
2026-10-06 16:47:31.761 | [✅ SUCCESS] 连接成功 → host=47.116.211.247, database=(default)
2026-10-06 16:47:31.790 | [📘 INFO] 获取数据库列表
2026-10-06 16:47:31.866 | [✅ SUCCESS] 获取到 6 个数据库
2026-10-06 16:47:31.866 | [📘 INFO] 获取表列表 → database=hrm
2026-10-06 16:47:32.214 | [✅ SUCCESS] 获取到 223 个表 → database=hrm
2026-10-06 16:47:32.215 | [📘 INFO] 获取表结构 → database=hrm, table=QRTZ_BLOB_TRIGGERS
2026-10-06 16:47:32.216 | [💾 SQL] 执行查询 → table=QRTZ_BLOB_TRIGGERS 
  SQL: DESCRIBE `hrm`.`QRTZ_BLOB_TRIGGERS`
2026-10-06 16:47:32.292 | [✅ SUCCESS] 获取表结构成功 → table=QRTZ_BLOB_TRIGGERS, 字段数=4
2026-10-06 16:47:32.451 | [📘 INFO] 查询表数据 → database=hrm, table=QRTZ_BLOB_TRIGGERS, limit=1000
2026-10-06 16:47:32.476 | [💾 SQL] 执行查询 → table=QRTZ_BLOB_TRIGGERS 
  SQL: SELECT * FROM `hrm`.`QRTZ_BLOB_TRIGGERS`  LIMIT 1000
2026-10-06 16:47:32.526 | [✅ SUCCESS] 查询数据成功 → table=QRTZ_BLOB_TRIGGERS, 行数=0
2026-10-06 17:02:34.463 | [📘 INFO] 🚀 MySQL数据库连接工具启动 → 日志文件: E:\2fafacode\1Python\streamlit\sidebar3_navigation1\sql\mysql.log
2026-10-06 17:02:34.464 | [📘 INFO] 测试连接 → host=47.116.211.247, port=3306, database=(default)
2026-10-06 17:02:34.517 | [✅ SUCCESS] 连接成功 → host=47.116.211.247, database=(default)
2026-10-06 17:02:34.544 | [📘 INFO] 获取数据库列表
2026-10-06 17:02:34.625 | [✅ SUCCESS] 获取到 6 个数据库
2026-10-06 17:02:34.626 | [📘 INFO] 获取表列表 → database=hrm
2026-10-06 17:02:34.702 | [✅ SUCCESS] 获取到 223 个表 → database=hrm
2026-10-06 17:02:34.703 | [📘 INFO] 获取表结构 → database=hrm, table=QRTZ_BLOB_TRIGGERS
2026-10-06 17:02:34.704 | [💾 SQL] 执行查询 → table=QRTZ_BLOB_TRIGGERS 
  SQL: DESCRIBE `hrm`.`QRTZ_BLOB_TRIGGERS`
2026-10-06 17:02:34.783 | [✅ SUCCESS] 获取表结构成功 → table=QRTZ_BLOB_TRIGGERS, 字段数=4
2026-10-06 17:02:34.907 | [📘 INFO] 查询表数据 → database=hrm, table=QRTZ_BLOB_TRIGGERS, limit=1000
2026-10-06 17:02:34.945 | [💾 SQL] 执行查询 → table=QRTZ_BLOB_TRIGGERS 
  SQL: SELECT * FROM `hrm`.`QRTZ_BLOB_TRIGGERS`  LIMIT 1000
2026-10-06 17:02:35.029 | [✅ SUCCESS] 查询数据成功 → table=QRTZ_BLOB_TRIGGERS, 行数=0
